ISO-10303-21;
HEADER;
FILE_DESCRIPTION(('STEP AP214'),'1');
FILE_NAME('adapter_evqwgd.stp','2026-06-08T11:27:28',(' '),(' '),'Spatial InterOp 3D',' ',' ');
FILE_SCHEMA(('AUTOMOTIVE_DESIGN { 1 0 10303 214 1 1 1 1 }'));
ENDSEC;
DATA;
#1=PRODUCT_DEFINITION_CONTEXT('',#32,'design');
#2=APPLICATION_PROTOCOL_DEFINITION('INTERNATIONAL STANDARD','automotive_design',1994,#32);
#3=PRODUCT_CATEGORY_RELATIONSHIP('NONE','NONE',#33,#34);
#4=SHAPE_DEFINITION_REPRESENTATION(#35,#36);
#5=PRODUCT_DEFINITION_CONTEXT('',#37,'design');
#6=APPLICATION_PROTOCOL_DEFINITION('INTERNATIONAL STANDARD','automotive_design',1994,#37);
#7=PRODUCT_CATEGORY_RELATIONSHIP('NONE','NONE',#38,#39);
#8=CONTEXT_DEPENDENT_SHAPE_REPRESENTATION(#40,#41);
#9=SHAPE_DEFINITION_REPRESENTATION(#42,#43);
#10=SHAPE_REPRESENTATION_RELATIONSHIP('NONE','NONE',#43,#44);
#11=PRODUCT_DEFINITION_CONTEXT('',#45,'design');
#12=APPLICATION_PROTOCOL_DEFINITION('INTERNATIONAL STANDARD','automotive_design',1994,#45);
#13=PRODUCT_CATEGORY_RELATIONSHIP('NONE','NONE',#46,#47);
#14=CONTEXT_DEPENDENT_SHAPE_REPRESENTATION(#48,#49);
#15=SHAPE_DEFINITION_REPRESENTATION(#50,#51);
#16=SHAPE_REPRESENTATION_RELATIONSHIP('NONE','NONE',#51,#52);
#17=PRODUCT_DEFINITION_CONTEXT('',#53,'design');
#18=APPLICATION_PROTOCOL_DEFINITION('INTERNATIONAL STANDARD','automotive_design',1994,#53);
#19=PRODUCT_CATEGORY_RELATIONSHIP('NONE','NONE',#54,#55);
#20=SHAPE_DEFINITION_REPRESENTATION(#56,#57);
#21=CONTEXT_DEPENDENT_SHAPE_REPRESENTATION(#58,#59);
#22=PRODUCT_DEFINITION_CONTEXT('',#60,'design');
#23=APPLICATION_PROTOCOL_DEFINITION('INTERNATIONAL STANDARD','automotive_design',1994,#60);
#24=PRODUCT_CATEGORY_RELATIONSHIP('NONE','NONE',#61,#62);
#25=SHAPE_DEFINITION_REPRESENTATION(#63,#64);
#26=CONTEXT_DEPENDENT_SHAPE_REPRESENTATION(#65,#66);
#27=MECHANICAL_DESIGN_GEOMETRIC_PRESENTATION_REPRESENTATION(' ',(#67,#68,#69,#70,#71,#72,#73,#74,#75,#76,#77,#78,#79,#80,#81,#82,#83,#84,#85,#86,#87,#88,#89,#90,#91,#92,#93,#94,#95,#96,#97,#98,#99,#100,#101,#102,#103,#104,#105,#106,#107,#108,#109,#110,#111,#112,#113,#114,#115,#116,#117,#118,#119,#120,#121,#122,#123,#124,#125,#126,#127,#128,#129,#130,#131,#132,#133,#134,#135,#136,#137,#138,#139,#140,#141,#142,#143,#144,#145,#146,#147,#148,#149,#150,#151,#152,#153),#28);
#28= (GEOMETRIC_REPRESENTATION_CONTEXT(3)GLOBAL_UNCERTAINTY_ASSIGNED_CONTEXT((#156))GLOBAL_UNIT_ASSIGNED_CONTEXT((#158,#159,#160))REPRESENTATION_CONTEXT('NONE','WORKSPACE'));
#32=APPLICATION_CONTEXT(' ');
#33=PRODUCT_CATEGORY('part','NONE');
#34=PRODUCT_RELATED_PRODUCT_CATEGORY('detail',' ',(#162));
#35=PRODUCT_DEFINITION_SHAPE('NONE','NONE',#163);
#36=SHAPE_REPRESENTATION('Socket PCB EVQ',(#164,#165,#166),#167);
#37=APPLICATION_CONTEXT(' ');
#38=PRODUCT_CATEGORY('part','NONE');
#39=PRODUCT_RELATED_PRODUCT_CATEGORY('detail',' ',(#168));
#40=(REPRESENTATION_RELATIONSHIP('','',#43,#36)REPRESENTATION_RELATIONSHIP_WITH_TRANSFORMATION(#171)SHAPE_REPRESENTATION_RELATIONSHIP());
#41=PRODUCT_DEFINITION_SHAPE('NAUO-PROD-DEF','NAUO-PROD-DEF',#173);
#42=PRODUCT_DEFINITION_SHAPE('NONE','NONE',#174);
#43=SHAPE_REPRESENTATION('Socket PCB EVQ Geometry',(#164),#167);
#44=ADVANCED_BREP_SHAPE_REPRESENTATION('',(#175,#176,#177),#28);
#45=APPLICATION_CONTEXT(' ');
#46=PRODUCT_CATEGORY('part','NONE');
#47=PRODUCT_RELATED_PRODUCT_CATEGORY('detail',' ',(#178));
#48=(REPRESENTATION_RELATIONSHIP('','',#51,#36)REPRESENTATION_RELATIONSHIP_WITH_TRANSFORMATION(#181)SHAPE_REPRESENTATION_RELATIONSHIP());
#49=PRODUCT_DEFINITION_SHAPE('NAUO-PROD-DEF','NAUO-PROD-DEF',#183);
#50=PRODUCT_DEFINITION_SHAPE('NONE','NONE',#184);
#51=SHAPE_REPRESENTATION('Component2400',(#164),#167);
#52=ADVANCED_BREP_SHAPE_REPRESENTATION('',(#185,#186,#187,#188,#189,#190),#28);
#53=APPLICATION_CONTEXT(' ');
#54=PRODUCT_CATEGORY('part','NONE');
#55=PRODUCT_RELATED_PRODUCT_CATEGORY('detail',' ',(#191));
#56=PRODUCT_DEFINITION_SHAPE('NONE','NONE',#192);
#57=SHAPE_REPRESENTATION('Finished',(#193,#194),#195);
#58=(REPRESENTATION_RELATIONSHIP('','',#36,#57)REPRESENTATION_RELATIONSHIP_WITH_TRANSFORMATION(#198)SHAPE_REPRESENTATION_RELATIONSHIP());
#59=PRODUCT_DEFINITION_SHAPE('NAUO-PROD-DEF','NAUO-PROD-DEF',#200);
#60=APPLICATION_CONTEXT(' ');
#61=PRODUCT_CATEGORY('part','NONE');
#62=PRODUCT_RELATED_PRODUCT_CATEGORY('detail',' ',(#201));
#63=PRODUCT_DEFINITION_SHAPE('NONE','NONE',#202);
#64=SHAPE_REPRESENTATION('adapter_evqwgd',(#203,#204),#205);
#65=(REPRESENTATION_RELATIONSHIP('','',#57,#64)REPRESENTATION_RELATIONSHIP_WITH_TRANSFORMATION(#208)SHAPE_REPRESENTATION_RELATIONSHIP());
#66=PRODUCT_DEFINITION_SHAPE('NAUO-PROD-DEF','NAUO-PROD-DEF',#210);
#67=STYLED_ITEM('',(#211),#212);
#68=STYLED_ITEM('',(#213),#214);
#69=STYLED_ITEM('',(#215),#216);
#70=STYLED_ITEM('',(#217),#218);
#71=STYLED_ITEM('',(#219),#220);
#72=STYLED_ITEM('',(#221),#222);
#73=STYLED_ITEM('',(#223),#224);
#74=STYLED_ITEM('',(#225),#226);
#75=STYLED_ITEM('',(#227),#228);
#76=STYLED_ITEM('',(#229),#230);
#77=STYLED_ITEM('',(#231),#232);
#78=STYLED_ITEM('',(#233),#234);
#79=STYLED_ITEM('',(#235),#236);
#80=STYLED_ITEM('',(#237),#238);
#81=STYLED_ITEM('',(#239),#240);
#82=STYLED_ITEM('',(#241),#242);
#83=STYLED_ITEM('',(#243),#244);
#84=STYLED_ITEM('',(#245),#246);
#85=STYLED_ITEM('',(#247),#248);
#86=STYLED_ITEM('',(#249),#250);
#87=STYLED_ITEM('',(#251),#252);
#88=STYLED_ITEM('',(#253),#254);
#89=STYLED_ITEM('',(#255),#256);
#90=STYLED_ITEM('',(#257),#258);
#91=STYLED_ITEM('',(#259),#175);
#92=STYLED_ITEM('',(#260),#261);
#93=STYLED_ITEM('',(#262),#263);
#94=STYLED_ITEM('',(#264),#265);
#95=STYLED_ITEM('',(#266),#267);
#96=STYLED_ITEM('',(#268),#269);
#97=STYLED_ITEM('',(#270),#271);
#98=STYLED_ITEM('',(#272),#273);
#99=STYLED_ITEM('',(#274),#275);
#100=STYLED_ITEM('',(#276),#176);
#101=STYLED_ITEM('',(#277),#278);
#102=STYLED_ITEM('',(#279),#280);
#103=STYLED_ITEM('',(#281),#282);
#104=STYLED_ITEM('',(#283),#284);
#105=STYLED_ITEM('',(#285),#286);
#106=STYLED_ITEM('',(#287),#288);
#107=STYLED_ITEM('',(#289),#290);
#108=STYLED_ITEM('',(#291),#292);
#109=STYLED_ITEM('',(#293),#294);
#110=STYLED_ITEM('',(#295),#296);
#111=STYLED_ITEM('',(#297),#298);
#112=STYLED_ITEM('',(#299),#300);
#113=STYLED_ITEM('',(#301),#302);
#114=STYLED_ITEM('',(#303),#304);
#115=STYLED_ITEM('',(#305),#177);
#116=STYLED_ITEM('',(#306),#307);
#117=STYLED_ITEM('',(#308),#309);
#118=STYLED_ITEM('',(#310),#311);
#119=STYLED_ITEM('',(#312),#313);
#120=STYLED_ITEM('',(#314),#315);
#121=STYLED_ITEM('',(#316),#317);
#122=STYLED_ITEM('',(#318),#319);
#123=STYLED_ITEM('',(#320),#185);
#124=STYLED_ITEM('',(#321),#322);
#125=STYLED_ITEM('',(#323),#324);
#126=STYLED_ITEM('',(#325),#326);
#127=STYLED_ITEM('',(#327),#328);
#128=STYLED_ITEM('',(#329),#330);
#129=STYLED_ITEM('',(#331),#332);
#130=STYLED_ITEM('',(#333),#186);
#131=STYLED_ITEM('',(#334),#335);
#132=STYLED_ITEM('',(#336),#337);
#133=STYLED_ITEM('',(#338),#339);
#134=STYLED_ITEM('',(#340),#341);
#135=STYLED_ITEM('',(#342),#343);
#136=STYLED_ITEM('',(#344),#345);
#137=STYLED_ITEM('',(#346),#187);
#138=STYLED_ITEM('',(#347),#348);
#139=STYLED_ITEM('',(#349),#350);
#140=STYLED_ITEM('',(#351),#352);
#141=STYLED_ITEM('',(#353),#188);
#142=STYLED_ITEM('',(#354),#355);
#143=STYLED_ITEM('',(#356),#357);
#144=STYLED_ITEM('',(#358),#359);
#145=STYLED_ITEM('',(#360),#361);
#146=STYLED_ITEM('',(#362),#363);
#147=STYLED_ITEM('',(#364),#365);
#148=STYLED_ITEM('',(#366),#367);
#149=STYLED_ITEM('',(#368),#189);
#150=STYLED_ITEM('',(#369),#370);
#151=STYLED_ITEM('',(#371),#372);
#152=STYLED_ITEM('',(#373),#374);
#153=STYLED_ITEM('',(#375),#190);
#156=UNCERTAINTY_MEASURE_WITH_UNIT(LENGTH_MEASURE(1.0E-08),#158,'','');
#158= (CONVERSION_BASED_UNIT('METRE',#378)LENGTH_UNIT()NAMED_UNIT(#381));
#159= (NAMED_UNIT(#383)PLANE_ANGLE_UNIT()SI_UNIT($,.RADIAN.));
#160= (NAMED_UNIT(#383)SOLID_ANGLE_UNIT()SI_UNIT($,.STERADIAN.));
#162=PRODUCT('Socket PCB EVQ','Socket PCB EVQ','PART--DESC',(#389));
#163=PRODUCT_DEFINITION('Socket PCB EVQ','Socket PCB EVQ',#390,#1);
#164=AXIS2_PLACEMENT_3D('',#391,#392,#393);
#165=AXIS2_PLACEMENT_3D('',#394,#395,#396);
#166=AXIS2_PLACEMENT_3D('',#397,#398,#399);
#167= (GEOMETRIC_REPRESENTATION_CONTEXT(3)GLOBAL_UNCERTAINTY_ASSIGNED_CONTEXT((#402))GLOBAL_UNIT_ASSIGNED_CONTEXT((#404,#405,#406))REPRESENTATION_CONTEXT('NONE','WORKSPACE'));
#168=PRODUCT('Socket PCB EVQ Geometry','Socket PCB EVQ Geometry','PART-Socket PCB EVQ Geometry-DESC',(#408));
#171=ITEM_DEFINED_TRANSFORMATION('','',#164,#165);
#173=NEXT_ASSEMBLY_USAGE_OCCURRENCE('Socket PCB EVQ Geometry','Socket PCB EVQ Geometry','Socket PCB EVQ Geometry',#163,#174,$);
#174=PRODUCT_DEFINITION('Socket PCB EVQ Geometry','Socket PCB EVQ Geometry',#409,#5);
#175=MANIFOLD_SOLID_BREP('',#410);
#176=MANIFOLD_SOLID_BREP('',#411);
#177=MANIFOLD_SOLID_BREP('',#412);
#178=PRODUCT('Component2400','Component2400','PART--DESC',(#413));
#181=ITEM_DEFINED_TRANSFORMATION('','',#164,#166);
#183=NEXT_ASSEMBLY_USAGE_OCCURRENCE('Component2400','Component2400','Component2400',#163,#184,$);
#184=PRODUCT_DEFINITION('Component2400','Component2400',#414,#11);
#185=MANIFOLD_SOLID_BREP('',#415);
#186=MANIFOLD_SOLID_BREP('',#416);
#187=MANIFOLD_SOLID_BREP('',#417);
#188=MANIFOLD_SOLID_BREP('',#418);
#189=MANIFOLD_SOLID_BREP('',#419);
#190=MANIFOLD_SOLID_BREP('',#420);
#191=PRODUCT('Finished','Finished','PART--DESC',(#421));
#192=PRODUCT_DEFINITION('Finished','Finished',#422,#17);
#193=AXIS2_PLACEMENT_3D('',#423,#424,#425);
#194=AXIS2_PLACEMENT_3D('',#426,#427,#428);
#195= (GEOMETRIC_REPRESENTATION_CONTEXT(3)GLOBAL_UNCERTAINTY_ASSIGNED_CONTEXT((#431))GLOBAL_UNIT_ASSIGNED_CONTEXT((#433,#434,#435))REPRESENTATION_CONTEXT('NONE','WORKSPACE'));
#198=ITEM_DEFINED_TRANSFORMATION('','',#164,#194);
#200=NEXT_ASSEMBLY_USAGE_OCCURRENCE('Socket PCB EVQ','Socket PCB EVQ','Socket PCB EVQ',#192,#163,$);
#201=PRODUCT('adapter_evqwgd','adapter_evqwgd','PART--DESC',(#437));
#202=PRODUCT_DEFINITION('adapter_evqwgd','adapter_evqwgd',#438,#22);
#203=AXIS2_PLACEMENT_3D('',#439,#440,#441);
#204=AXIS2_PLACEMENT_3D('',#442,#443,#444);
#205= (GEOMETRIC_REPRESENTATION_CONTEXT(3)GLOBAL_UNCERTAINTY_ASSIGNED_CONTEXT((#447))GLOBAL_UNIT_ASSIGNED_CONTEXT((#449,#450,#451))REPRESENTATION_CONTEXT('NONE','WORKSPACE'));
#208=ITEM_DEFINED_TRANSFORMATION('','',#193,#204);
#210=NEXT_ASSEMBLY_USAGE_OCCURRENCE('Finished','Finished','Finished',#202,#192,$);
#211=PRESENTATION_STYLE_ASSIGNMENT((#453));
#212=ADVANCED_FACE('639:1386',(#454),#455,.T.);
#213=PRESENTATION_STYLE_ASSIGNMENT((#456));
#214=ADVANCED_FACE('639:1389',(#457),#458,.T.);
#215=PRESENTATION_STYLE_ASSIGNMENT((#459));
#216=ADVANCED_FACE('639:1395',(#460),#461,.T.);
#217=PRESENTATION_STYLE_ASSIGNMENT((#462));
#218=ADVANCED_FACE('639:1398',(#463),#464,.T.);
#219=PRESENTATION_STYLE_ASSIGNMENT((#465));
#220=ADVANCED_FACE('639:1392',(#466),#467,.T.);
#221=PRESENTATION_STYLE_ASSIGNMENT((#468));
#222=ADVANCED_FACE('639:1401',(#469,#470),#471,.T.);
#223=PRESENTATION_STYLE_ASSIGNMENT((#472));
#224=ADVANCED_FACE('639:1404',(#473),#474,.T.);
#225=PRESENTATION_STYLE_ASSIGNMENT((#475));
#226=ADVANCED_FACE('639:1407',(#476),#477,.T.);
#227=PRESENTATION_STYLE_ASSIGNMENT((#478));
#228=ADVANCED_FACE('639:1410',(#479),#480,.T.);
#229=PRESENTATION_STYLE_ASSIGNMENT((#481));
#230=ADVANCED_FACE('639:1413',(#482),#483,.T.);
#231=PRESENTATION_STYLE_ASSIGNMENT((#484));
#232=ADVANCED_FACE('639:1416',(#485,#486),#487,.T.);
#233=PRESENTATION_STYLE_ASSIGNMENT((#488));
#234=ADVANCED_FACE('639:1419',(#489),#490,.T.);
#235=PRESENTATION_STYLE_ASSIGNMENT((#491));
#236=ADVANCED_FACE('639:1422',(#492),#493,.T.);
#237=PRESENTATION_STYLE_ASSIGNMENT((#494));
#238=ADVANCED_FACE('639:1425',(#495),#496,.T.);
#239=PRESENTATION_STYLE_ASSIGNMENT((#497));
#240=ADVANCED_FACE('639:1428',(#498),#499,.T.);
#241=PRESENTATION_STYLE_ASSIGNMENT((#500));
#242=ADVANCED_FACE('639:1431',(#501),#502,.T.);
#243=PRESENTATION_STYLE_ASSIGNMENT((#503));
#244=ADVANCED_FACE('639:1434',(#504,#505),#506,.F.);
#245=PRESENTATION_STYLE_ASSIGNMENT((#507));
#246=ADVANCED_FACE('639:1437',(#508,#509),#510,.T.);
#247=PRESENTATION_STYLE_ASSIGNMENT((#511));
#248=ADVANCED_FACE('639:1440',(#512),#513,.F.);
#249=PRESENTATION_STYLE_ASSIGNMENT((#514));
#250=ADVANCED_FACE('639:1443',(#515),#516,.F.);
#251=PRESENTATION_STYLE_ASSIGNMENT((#517));
#252=ADVANCED_FACE('639:1446',(#518),#519,.T.);
#253=PRESENTATION_STYLE_ASSIGNMENT((#520));
#254=ADVANCED_FACE('639:1449',(#521),#522,.F.);
#255=PRESENTATION_STYLE_ASSIGNMENT((#523));
#256=ADVANCED_FACE('639:1452',(#524),#525,.F.);
#257=PRESENTATION_STYLE_ASSIGNMENT((#526));
#258=ADVANCED_FACE('639:1455',(#527),#528,.T.);
#259=PRESENTATION_STYLE_ASSIGNMENT((#529));
#260=PRESENTATION_STYLE_ASSIGNMENT((#530));
#261=ADVANCED_FACE('652:2100',(#531),#532,.T.);
#262=PRESENTATION_STYLE_ASSIGNMENT((#533));
#263=ADVANCED_FACE('652:177',(#534),#535,.F.);
#264=PRESENTATION_STYLE_ASSIGNMENT((#536));
#265=ADVANCED_FACE('652:49',(#537),#538,.F.);
#266=PRESENTATION_STYLE_ASSIGNMENT((#539));
#267=ADVANCED_FACE('652:52',(#540),#541,.T.);
#268=PRESENTATION_STYLE_ASSIGNMENT((#542));
#269=ADVANCED_FACE('652:43',(#543),#544,.F.);
#270=PRESENTATION_STYLE_ASSIGNMENT((#545));
#271=ADVANCED_FACE('652:40',(#546),#547,.T.);
#272=PRESENTATION_STYLE_ASSIGNMENT((#548));
#273=ADVANCED_FACE('652:171',(#549),#550,.F.);
#274=PRESENTATION_STYLE_ASSIGNMENT((#551));
#275=ADVANCED_FACE('652:3895',(#552),#553,.T.);
#276=PRESENTATION_STYLE_ASSIGNMENT((#554));
#277=PRESENTATION_STYLE_ASSIGNMENT((#555));
#278=ADVANCED_FACE('654:3923',(#556),#557,.T.);
#279=PRESENTATION_STYLE_ASSIGNMENT((#558));
#280=ADVANCED_FACE('654:3866',(#559),#560,.T.);
#281=PRESENTATION_STYLE_ASSIGNMENT((#561));
#282=ADVANCED_FACE('654:3093',(#562,#563),#564,.T.);
#283=PRESENTATION_STYLE_ASSIGNMENT((#565));
#284=ADVANCED_FACE('654:3080',(#566),#567,.F.);
#285=PRESENTATION_STYLE_ASSIGNMENT((#568));
#286=ADVANCED_FACE('648:924',(#569),#570,.T.);
#287=PRESENTATION_STYLE_ASSIGNMENT((#571));
#288=ADVANCED_FACE('648:936',(#572),#573,.F.);
#289=PRESENTATION_STYLE_ASSIGNMENT((#574));
#290=ADVANCED_FACE('652:136',(#575),#576,.T.);
#291=PRESENTATION_STYLE_ASSIGNMENT((#577));
#292=ADVANCED_FACE('654:3147',(#578),#579,.F.);
#293=PRESENTATION_STYLE_ASSIGNMENT((#580));
#294=ADVANCED_FACE('654:3127',(#581),#582,.F.);
#295=PRESENTATION_STYLE_ASSIGNMENT((#583));
#296=ADVANCED_FACE('654:3137',(#584),#585,.F.);
#297=PRESENTATION_STYLE_ASSIGNMENT((#586));
#298=ADVANCED_FACE('651:3630',(#587),#588,.F.);
#299=PRESENTATION_STYLE_ASSIGNMENT((#589));
#300=ADVANCED_FACE('651:22641',(#590),#591,.F.);
#301=PRESENTATION_STYLE_ASSIGNMENT((#592));
#302=ADVANCED_FACE('652:139',(#593),#594,.T.);
#303=PRESENTATION_STYLE_ASSIGNMENT((#595));
#304=ADVANCED_FACE('654:3077',(#596),#597,.F.);
#305=PRESENTATION_STYLE_ASSIGNMENT((#598));
#306=PRESENTATION_STYLE_ASSIGNMENT((#599));
#307=ADVANCED_FACE('644:481',(#600),#601,.T.);
#308=PRESENTATION_STYLE_ASSIGNMENT((#602));
#309=ADVANCED_FACE('641:5888',(#603),#604,.T.);
#310=PRESENTATION_STYLE_ASSIGNMENT((#605));
#311=ADVANCED_FACE('641:5894',(#606),#607,.F.);
#312=PRESENTATION_STYLE_ASSIGNMENT((#608));
#313=ADVANCED_FACE('641:5897',(#609),#610,.F.);
#314=PRESENTATION_STYLE_ASSIGNMENT((#611));
#315=ADVANCED_FACE('641:5900',(#612),#613,.F.);
#316=PRESENTATION_STYLE_ASSIGNMENT((#614));
#317=ADVANCED_FACE('641:5903',(#615),#616,.F.);
#318=PRESENTATION_STYLE_ASSIGNMENT((#617));
#319=ADVANCED_FACE('644:178',(#618),#619,.F.);
#320=PRESENTATION_STYLE_ASSIGNMENT((#620));
#321=PRESENTATION_STYLE_ASSIGNMENT((#621));
#322=ADVANCED_FACE('641:6233',(#622),#623,.F.);
#323=PRESENTATION_STYLE_ASSIGNMENT((#624));
#324=ADVANCED_FACE('641:6239',(#625),#626,.T.);
#325=PRESENTATION_STYLE_ASSIGNMENT((#627));
#326=ADVANCED_FACE('642:110',(#628),#629,.F.);
#327=PRESENTATION_STYLE_ASSIGNMENT((#630));
#328=ADVANCED_FACE('641:6248',(#631),#632,.T.);
#329=PRESENTATION_STYLE_ASSIGNMENT((#633));
#330=ADVANCED_FACE('641:6245',(#634),#635,.T.);
#331=PRESENTATION_STYLE_ASSIGNMENT((#636));
#332=ADVANCED_FACE('641:6242',(#637),#638,.T.);
#333=PRESENTATION_STYLE_ASSIGNMENT((#639));
#334=PRESENTATION_STYLE_ASSIGNMENT((#640));
#335=ADVANCED_FACE('642:812',(#641),#642,.F.);
#336=PRESENTATION_STYLE_ASSIGNMENT((#643));
#337=ADVANCED_FACE('642:818',(#644),#645,.T.);
#338=PRESENTATION_STYLE_ASSIGNMENT((#646));
#339=ADVANCED_FACE('642:830',(#647),#648,.F.);
#340=PRESENTATION_STYLE_ASSIGNMENT((#649));
#341=ADVANCED_FACE('642:827',(#650),#651,.T.);
#342=PRESENTATION_STYLE_ASSIGNMENT((#652));
#343=ADVANCED_FACE('642:824',(#653),#654,.T.);
#344=PRESENTATION_STYLE_ASSIGNMENT((#655));
#345=ADVANCED_FACE('642:821',(#656),#657,.T.);
#346=PRESENTATION_STYLE_ASSIGNMENT((#658));
#347=PRESENTATION_STYLE_ASSIGNMENT((#659));
#348=ADVANCED_FACE('644:94',(#660,#661),#662,.T.);
#349=PRESENTATION_STYLE_ASSIGNMENT((#663));
#350=ADVANCED_FACE('644:91',(#664),#665,.F.);
#351=PRESENTATION_STYLE_ASSIGNMENT((#666));
#352=ADVANCED_FACE('644:88',(#667),#668,.T.);
#353=PRESENTATION_STYLE_ASSIGNMENT((#669));
#354=PRESENTATION_STYLE_ASSIGNMENT((#670));
#355=ADVANCED_FACE('644:563',(#671),#672,.T.);
#356=PRESENTATION_STYLE_ASSIGNMENT((#673));
#357=ADVANCED_FACE('644:324',(#674),#675,.T.);
#358=PRESENTATION_STYLE_ASSIGNMENT((#676));
#359=ADVANCED_FACE('644:321',(#677),#678,.F.);
#360=PRESENTATION_STYLE_ASSIGNMENT((#679));
#361=ADVANCED_FACE('644:318',(#680),#681,.F.);
#362=PRESENTATION_STYLE_ASSIGNMENT((#682));
#363=ADVANCED_FACE('644:315',(#683),#684,.F.);
#364=PRESENTATION_STYLE_ASSIGNMENT((#685));
#365=ADVANCED_FACE('644:312',(#686),#687,.F.);
#366=PRESENTATION_STYLE_ASSIGNMENT((#688));
#367=ADVANCED_FACE('644:309',(#689),#690,.F.);
#368=PRESENTATION_STYLE_ASSIGNMENT((#691));
#369=PRESENTATION_STYLE_ASSIGNMENT((#692));
#370=ADVANCED_FACE('644:376',(#693,#694),#695,.T.);
#371=PRESENTATION_STYLE_ASSIGNMENT((#696));
#372=ADVANCED_FACE('644:373',(#697),#698,.F.);
#373=PRESENTATION_STYLE_ASSIGNMENT((#699));
#374=ADVANCED_FACE('644:370',(#700),#701,.T.);
#375=PRESENTATION_STYLE_ASSIGNMENT((#702));
#378=LENGTH_MEASURE_WITH_UNIT(LENGTH_MEASURE(1.0),#703);
#381=DIMENSIONAL_EXPONENTS(1.0,0.0,0.0,0.0,0.0,0.0,0.0);
#383=DIMENSIONAL_EXPONENTS(0.0,0.0,0.0,0.0,0.0,0.0,0.0);
#389=PRODUCT_CONTEXT('',#32,'mechanical');
#390=PRODUCT_DEFINITION_FORMATION_WITH_SPECIFIED_SOURCE(' ','NONE',#162,.NOT_KNOWN.);
#391=CARTESIAN_POINT('',(0.0,0.0,0.0));
#392=DIRECTION('',(0.0,0.0,1.0));
#393=DIRECTION('',(1.0,0.0,0.0));
#394=CARTESIAN_POINT('',(0.0,0.0,0.0));
#395=DIRECTION('',(0.0,0.0,1.0));
#396=DIRECTION('',(1.0,0.0,0.0));
#397=CARTESIAN_POINT('',(0.0,0.0,0.0));
#398=DIRECTION('',(0.0,0.0,1.0));
#399=DIRECTION('',(1.0,0.0,0.0));
#402=UNCERTAINTY_MEASURE_WITH_UNIT(LENGTH_MEASURE(1.0E-08),#404,'','');
#404= (CONVERSION_BASED_UNIT('METRE',#706)LENGTH_UNIT()NAMED_UNIT(#709));
#405= (NAMED_UNIT(#711)PLANE_ANGLE_UNIT()SI_UNIT($,.RADIAN.));
#406= (NAMED_UNIT(#711)SOLID_ANGLE_UNIT()SI_UNIT($,.STERADIAN.));
#408=PRODUCT_CONTEXT('',#37,'mechanical');
#409=PRODUCT_DEFINITION_FORMATION_WITH_SPECIFIED_SOURCE(' ','NONE',#168,.NOT_KNOWN.);
#410=CLOSED_SHELL('',(#212,#214,#216,#218,#220,#222,#224,#226,#228,#230,#232,#234,#236,#238,#240,#242,#244,#246,#248,#250,#252,#254,#256,#258));
#411=CLOSED_SHELL('',(#261,#263,#265,#267,#269,#271,#273,#275));
#412=CLOSED_SHELL('',(#278,#280,#282,#284,#286,#288,#290,#292,#294,#296,#298,#300,#302,#304));
#413=PRODUCT_CONTEXT('',#45,'mechanical');
#414=PRODUCT_DEFINITION_FORMATION_WITH_SPECIFIED_SOURCE(' ','NONE',#178,.NOT_KNOWN.);
#415=CLOSED_SHELL('',(#307,#309,#311,#313,#315,#317,#319));
#416=CLOSED_SHELL('',(#322,#324,#326,#328,#330,#332));
#417=CLOSED_SHELL('',(#335,#337,#339,#341,#343,#345));
#418=CLOSED_SHELL('',(#348,#350,#352));
#419=CLOSED_SHELL('',(#355,#357,#359,#361,#363,#365,#367));
#420=CLOSED_SHELL('',(#370,#372,#374));
#421=PRODUCT_CONTEXT('',#53,'mechanical');
#422=PRODUCT_DEFINITION_FORMATION_WITH_SPECIFIED_SOURCE(' ','NONE',#191,.NOT_KNOWN.);
#423=CARTESIAN_POINT('',(0.0,0.0,0.0));
#424=DIRECTION('',(0.0,0.0,1.0));
#425=DIRECTION('',(1.0,0.0,0.0));
#426=CARTESIAN_POINT('',(0.0,0.0,0.0));
#427=DIRECTION('',(0.0,0.0,1.0));
#428=DIRECTION('',(1.0,0.0,0.0));
#431=UNCERTAINTY_MEASURE_WITH_UNIT(LENGTH_MEASURE(1.0E-08),#433,'','');
#433= (CONVERSION_BASED_UNIT('METRE',#719)LENGTH_UNIT()NAMED_UNIT(#722));
#434= (NAMED_UNIT(#724)PLANE_ANGLE_UNIT()SI_UNIT($,.RADIAN.));
#435= (NAMED_UNIT(#724)SOLID_ANGLE_UNIT()SI_UNIT($,.STERADIAN.));
#437=PRODUCT_CONTEXT('',#60,'mechanical');
#438=PRODUCT_DEFINITION_FORMATION_WITH_SPECIFIED_SOURCE(' ','NONE',#201,.NOT_KNOWN.);
#439=CARTESIAN_POINT('',(0.0,0.0,0.0));
#440=DIRECTION('',(0.0,0.0,1.0));
#441=DIRECTION('',(1.0,0.0,0.0));
#442=CARTESIAN_POINT('',(0.0,0.0,0.0));
#443=DIRECTION('',(0.0,0.0,1.0));
#444=DIRECTION('',(1.0,0.0,0.0));
#447=UNCERTAINTY_MEASURE_WITH_UNIT(LENGTH_MEASURE(1.0E-08),#449,'','');
#449= (CONVERSION_BASED_UNIT('METRE',#732)LENGTH_UNIT()NAMED_UNIT(#735));
#450= (NAMED_UNIT(#737)PLANE_ANGLE_UNIT()SI_UNIT($,.RADIAN.));
#451= (NAMED_UNIT(#737)SOLID_ANGLE_UNIT()SI_UNIT($,.STERADIAN.));
#453=SURFACE_STYLE_USAGE(.BOTH.,#743);
#454=FACE_OUTER_BOUND('',#744,.T.);
#455=PLANE('',#745);
#456=SURFACE_STYLE_USAGE(.BOTH.,#746);
#457=FACE_OUTER_BOUND('',#747,.T.);
#458=PLANE('',#748);
#459=SURFACE_STYLE_USAGE(.BOTH.,#749);
#460=FACE_OUTER_BOUND('',#750,.T.);
#461=PLANE('',#751);
#462=SURFACE_STYLE_USAGE(.BOTH.,#752);
#463=FACE_OUTER_BOUND('',#753,.T.);
#464=PLANE('',#754);
#465=SURFACE_STYLE_USAGE(.BOTH.,#755);
#466=FACE_OUTER_BOUND('',#756,.T.);
#467=PLANE('',#757);
#468=SURFACE_STYLE_USAGE(.BOTH.,#758);
#469=FACE_OUTER_BOUND('',#759,.T.);
#470=FACE_BOUND('',#760,.T.);
#471=PLANE('',#761);
#472=SURFACE_STYLE_USAGE(.BOTH.,#762);
#473=FACE_OUTER_BOUND('',#763,.T.);
#474=PLANE('',#764);
#475=SURFACE_STYLE_USAGE(.BOTH.,#765);
#476=FACE_OUTER_BOUND('',#766,.T.);
#477=PLANE('',#767);
#478=SURFACE_STYLE_USAGE(.BOTH.,#768);
#479=FACE_OUTER_BOUND('',#769,.T.);
#480=PLANE('',#770);
#481=SURFACE_STYLE_USAGE(.BOTH.,#771);
#482=FACE_OUTER_BOUND('',#772,.T.);
#483=PLANE('',#773);
#484=SURFACE_STYLE_USAGE(.BOTH.,#774);
#485=FACE_OUTER_BOUND('',#775,.T.);
#486=FACE_BOUND('',#776,.T.);
#487=PLANE('',#777);
#488=SURFACE_STYLE_USAGE(.BOTH.,#778);
#489=FACE_OUTER_BOUND('',#779,.T.);
#490=PLANE('',#780);
#491=SURFACE_STYLE_USAGE(.BOTH.,#781);
#492=FACE_OUTER_BOUND('',#782,.T.);
#493=PLANE('',#783);
#494=SURFACE_STYLE_USAGE(.BOTH.,#784);
#495=FACE_OUTER_BOUND('',#785,.T.);
#496=PLANE('',#786);
#497=SURFACE_STYLE_USAGE(.BOTH.,#787);
#498=FACE_OUTER_BOUND('',#788,.T.);
#499=PLANE('',#789);
#500=SURFACE_STYLE_USAGE(.BOTH.,#790);
#501=FACE_OUTER_BOUND('',#791,.T.);
#502=PLANE('',#792);
#503=SURFACE_STYLE_USAGE(.BOTH.,#793);
#504=FACE_OUTER_BOUND('',#794,.T.);
#505=FACE_BOUND('',#795,.T.);
#506=PLANE('',#796);
#507=SURFACE_STYLE_USAGE(.BOTH.,#797);
#508=FACE_BOUND('',#798,.T.);
#509=FACE_OUTER_BOUND('',#799,.T.);
#510=PLANE('',#800);
#511=SURFACE_STYLE_USAGE(.BOTH.,#801);
#512=FACE_OUTER_BOUND('',#802,.T.);
#513=PLANE('',#803);
#514=SURFACE_STYLE_USAGE(.BOTH.,#804);
#515=FACE_OUTER_BOUND('',#805,.T.);
#516=CYLINDRICAL_SURFACE('',#806,0.000499999999999997);
#517=SURFACE_STYLE_USAGE(.BOTH.,#807);
#518=FACE_OUTER_BOUND('',#808,.T.);
#519=PLANE('',#809);
#520=SURFACE_STYLE_USAGE(.BOTH.,#810);
#521=FACE_OUTER_BOUND('',#811,.T.);
#522=PLANE('',#812);
#523=SURFACE_STYLE_USAGE(.BOTH.,#813);
#524=FACE_OUTER_BOUND('',#814,.T.);
#525=CYLINDRICAL_SURFACE('',#815,0.000500000000000005);
#526=SURFACE_STYLE_USAGE(.BOTH.,#816);
#527=FACE_OUTER_BOUND('',#817,.T.);
#528=PLANE('',#818);
#529=SURFACE_STYLE_USAGE(.BOTH.,#819);
#530=SURFACE_STYLE_USAGE(.BOTH.,#820);
#531=FACE_OUTER_BOUND('',#821,.T.);
#532=CYLINDRICAL_SURFACE('',#822,0.00065);
#533=SURFACE_STYLE_USAGE(.BOTH.,#823);
#534=FACE_OUTER_BOUND('',#824,.T.);
#535=PLANE('',#825);
#536=SURFACE_STYLE_USAGE(.BOTH.,#826);
#537=FACE_OUTER_BOUND('',#827,.T.);
#538=PLANE('',#828);
#539=SURFACE_STYLE_USAGE(.BOTH.,#829);
#540=FACE_OUTER_BOUND('',#830,.T.);
#541=CYLINDRICAL_SURFACE('',#831,0.00135000000000021);
#542=SURFACE_STYLE_USAGE(.BOTH.,#832);
#543=FACE_OUTER_BOUND('',#833,.T.);
#544=PLANE('',#834);
#545=SURFACE_STYLE_USAGE(.BOTH.,#835);
#546=FACE_OUTER_BOUND('',#836,.T.);
#547=PLANE('',#837);
#548=SURFACE_STYLE_USAGE(.BOTH.,#838);
#549=FACE_OUTER_BOUND('',#839,.T.);
#550=PLANE('',#840);
#551=SURFACE_STYLE_USAGE(.BOTH.,#841);
#552=FACE_OUTER_BOUND('',#842,.T.);
#553=CYLINDRICAL_SURFACE('',#843,0.00065);
#554=SURFACE_STYLE_USAGE(.BOTH.,#844);
#555=SURFACE_STYLE_USAGE(.BOTH.,#845);
#556=FACE_OUTER_BOUND('',#846,.T.);
#557=TOROIDAL_SURFACE('',#847,0.00065,0.0004);
#558=SURFACE_STYLE_USAGE(.BOTH.,#848);
#559=FACE_OUTER_BOUND('',#849,.T.);
#560=TOROIDAL_SURFACE('',#850,0.00065,0.000399999999999999);
#561=SURFACE_STYLE_USAGE(.BOTH.,#851);
#562=FACE_OUTER_BOUND('',#852,.T.);
#563=FACE_OUTER_BOUND('',#853,.T.);
#564=CYLINDRICAL_SURFACE('',#854,0.00065);
#565=SURFACE_STYLE_USAGE(.BOTH.,#855);
#566=FACE_OUTER_BOUND('',#856,.T.);
#567=PLANE('',#857);
#568=SURFACE_STYLE_USAGE(.BOTH.,#858);
#569=FACE_OUTER_BOUND('',#859,.T.);
#570=PLANE('',#860);
#571=SURFACE_STYLE_USAGE(.BOTH.,#861);
#572=FACE_OUTER_BOUND('',#862,.T.);
#573=PLANE('',#863);
#574=SURFACE_STYLE_USAGE(.BOTH.,#864);
#575=FACE_OUTER_BOUND('',#865,.T.);
#576=PLANE('',#866);
#577=SURFACE_STYLE_USAGE(.BOTH.,#867);
#578=FACE_OUTER_BOUND('',#868,.T.);
#579=PLANE('',#869);
#580=SURFACE_STYLE_USAGE(.BOTH.,#870);
#581=FACE_OUTER_BOUND('',#871,.T.);
#582=PLANE('',#872);
#583=SURFACE_STYLE_USAGE(.BOTH.,#873);
#584=FACE_OUTER_BOUND('',#874,.T.);
#585=PLANE('',#875);
#586=SURFACE_STYLE_USAGE(.BOTH.,#876);
#587=FACE_OUTER_BOUND('',#877,.T.);
#588=PLANE('',#878);
#589=SURFACE_STYLE_USAGE(.BOTH.,#879);
#590=FACE_OUTER_BOUND('',#880,.T.);
#591=PLANE('',#881);
#592=SURFACE_STYLE_USAGE(.BOTH.,#882);
#593=FACE_OUTER_BOUND('',#883,.T.);
#594=PLANE('',#884);
#595=SURFACE_STYLE_USAGE(.BOTH.,#885);
#596=FACE_OUTER_BOUND('',#886,.T.);
#597=PLANE('',#887);
#598=SURFACE_STYLE_USAGE(.BOTH.,#888);
#599=SURFACE_STYLE_USAGE(.BOTH.,#889);
#600=FACE_OUTER_BOUND('',#890,.T.);
#601=CYLINDRICAL_SURFACE('',#891,0.0006);
#602=SURFACE_STYLE_USAGE(.BOTH.,#892);
#603=FACE_OUTER_BOUND('',#893,.T.);
#604=PLANE('',#894);
#605=SURFACE_STYLE_USAGE(.BOTH.,#895);
#606=FACE_OUTER_BOUND('',#896,.T.);
#607=PLANE('',#897);
#608=SURFACE_STYLE_USAGE(.BOTH.,#898);
#609=FACE_OUTER_BOUND('',#899,.T.);
#610=PLANE('',#900);
#611=SURFACE_STYLE_USAGE(.BOTH.,#901);
#612=FACE_OUTER_BOUND('',#902,.T.);
#613=PLANE('',#903);
#614=SURFACE_STYLE_USAGE(.BOTH.,#904);
#615=FACE_OUTER_BOUND('',#905,.T.);
#616=PLANE('',#906);
#617=SURFACE_STYLE_USAGE(.BOTH.,#907);
#618=FACE_OUTER_BOUND('',#908,.T.);
#619=PLANE('',#909);
#620=SURFACE_STYLE_USAGE(.BOTH.,#910);
#621=SURFACE_STYLE_USAGE(.BOTH.,#911);
#622=FACE_OUTER_BOUND('',#912,.T.);
#623=PLANE('',#913);
#624=SURFACE_STYLE_USAGE(.BOTH.,#914);
#625=FACE_OUTER_BOUND('',#915,.T.);
#626=PLANE('',#916);
#627=SURFACE_STYLE_USAGE(.BOTH.,#917);
#628=FACE_OUTER_BOUND('',#918,.T.);
#629=PLANE('',#919);
#630=SURFACE_STYLE_USAGE(.BOTH.,#920);
#631=FACE_OUTER_BOUND('',#921,.T.);
#632=PLANE('',#922);
#633=SURFACE_STYLE_USAGE(.BOTH.,#923);
#634=FACE_OUTER_BOUND('',#924,.T.);
#635=PLANE('',#925);
#636=SURFACE_STYLE_USAGE(.BOTH.,#926);
#637=FACE_OUTER_BOUND('',#927,.T.);
#638=PLANE('',#928);
#639=SURFACE_STYLE_USAGE(.BOTH.,#929);
#640=SURFACE_STYLE_USAGE(.BOTH.,#930);
#641=FACE_OUTER_BOUND('',#931,.T.);
#642=PLANE('',#932);
#643=SURFACE_STYLE_USAGE(.BOTH.,#933);
#644=FACE_OUTER_BOUND('',#934,.T.);
#645=PLANE('',#935);
#646=SURFACE_STYLE_USAGE(.BOTH.,#936);
#647=FACE_OUTER_BOUND('',#937,.T.);
#648=PLANE('',#938);
#649=SURFACE_STYLE_USAGE(.BOTH.,#939);
#650=FACE_OUTER_BOUND('',#940,.T.);
#651=PLANE('',#941);
#652=SURFACE_STYLE_USAGE(.BOTH.,#942);
#653=FACE_OUTER_BOUND('',#943,.T.);
#654=PLANE('',#944);
#655=SURFACE_STYLE_USAGE(.BOTH.,#945);
#656=FACE_OUTER_BOUND('',#946,.T.);
#657=PLANE('',#947);
#658=SURFACE_STYLE_USAGE(.BOTH.,#948);
#659=SURFACE_STYLE_USAGE(.BOTH.,#949);
#660=FACE_OUTER_BOUND('',#950,.T.);
#661=FACE_OUTER_BOUND('',#951,.T.);
#662=CYLINDRICAL_SURFACE('',#952,0.0006);
#663=SURFACE_STYLE_USAGE(.BOTH.,#953);
#664=FACE_OUTER_BOUND('',#954,.T.);
#665=PLANE('',#955);
#666=SURFACE_STYLE_USAGE(.BOTH.,#956);
#667=FACE_OUTER_BOUND('',#957,.T.);
#668=PLANE('',#958);
#669=SURFACE_STYLE_USAGE(.BOTH.,#959);
#670=SURFACE_STYLE_USAGE(.BOTH.,#960);
#671=FACE_OUTER_BOUND('',#961,.T.);
#672=CYLINDRICAL_SURFACE('',#962,0.0006);
#673=SURFACE_STYLE_USAGE(.BOTH.,#963);
#674=FACE_OUTER_BOUND('',#964,.T.);
#675=PLANE('',#965);
#676=SURFACE_STYLE_USAGE(.BOTH.,#966);
#677=FACE_OUTER_BOUND('',#967,.T.);
#678=PLANE('',#968);
#679=SURFACE_STYLE_USAGE(.BOTH.,#969);
#680=FACE_OUTER_BOUND('',#970,.T.);
#681=PLANE('',#971);
#682=SURFACE_STYLE_USAGE(.BOTH.,#972);
#683=FACE_OUTER_BOUND('',#973,.T.);
#684=PLANE('',#974);
#685=SURFACE_STYLE_USAGE(.BOTH.,#975);
#686=FACE_OUTER_BOUND('',#976,.T.);
#687=PLANE('',#977);
#688=SURFACE_STYLE_USAGE(.BOTH.,#978);
#689=FACE_OUTER_BOUND('',#979,.T.);
#690=PLANE('',#980);
#691=SURFACE_STYLE_USAGE(.BOTH.,#981);
#692=SURFACE_STYLE_USAGE(.BOTH.,#982);
#693=FACE_OUTER_BOUND('',#983,.T.);
#694=FACE_OUTER_BOUND('',#984,.T.);
#695=CYLINDRICAL_SURFACE('',#985,0.0006);
#696=SURFACE_STYLE_USAGE(.BOTH.,#986);
#697=FACE_OUTER_BOUND('',#987,.T.);
#698=PLANE('',#988);
#699=SURFACE_STYLE_USAGE(.BOTH.,#989);
#700=FACE_OUTER_BOUND('',#990,.T.);
#701=PLANE('',#991);
#702=SURFACE_STYLE_USAGE(.BOTH.,#992);
#703= (NAMED_UNIT(#381)LENGTH_UNIT()SI_UNIT($,.METRE.));
#706=LENGTH_MEASURE_WITH_UNIT(LENGTH_MEASURE(1.0),#994);
#709=DIMENSIONAL_EXPONENTS(1.0,0.0,0.0,0.0,0.0,0.0,0.0);
#711=DIMENSIONAL_EXPONENTS(0.0,0.0,0.0,0.0,0.0,0.0,0.0);
#719=LENGTH_MEASURE_WITH_UNIT(LENGTH_MEASURE(1.0),#995);
#722=DIMENSIONAL_EXPONENTS(1.0,0.0,0.0,0.0,0.0,0.0,0.0);
#724=DIMENSIONAL_EXPONENTS(0.0,0.0,0.0,0.0,0.0,0.0,0.0);
#732=LENGTH_MEASURE_WITH_UNIT(LENGTH_MEASURE(1.0),#996);
#735=DIMENSIONAL_EXPONENTS(1.0,0.0,0.0,0.0,0.0,0.0,0.0);
#737=DIMENSIONAL_EXPONENTS(0.0,0.0,0.0,0.0,0.0,0.0,0.0);
#743=SURFACE_SIDE_STYLE('',(#997));
#744=EDGE_LOOP('',(#998,#999,#1000));
#745=AXIS2_PLACEMENT_3D('',#1001,#1002,#1003);
#746=SURFACE_SIDE_STYLE('',(#1004));
#747=EDGE_LOOP('',(#1005,#1006,#1007));
#748=AXIS2_PLACEMENT_3D('',#1008,#1009,#1010);
#749=SURFACE_SIDE_STYLE('',(#1011));
#750=EDGE_LOOP('',(#1012,#1013,#1014));
#751=AXIS2_PLACEMENT_3D('',#1015,#1016,#1017);
#752=SURFACE_SIDE_STYLE('',(#1018));
#753=EDGE_LOOP('',(#1019,#1020,#1021,#1022));
#754=AXIS2_PLACEMENT_3D('',#1023,#1024,#1025);
#755=SURFACE_SIDE_STYLE('',(#1026));
#756=EDGE_LOOP('',(#1027,#1028,#1029));
#757=AXIS2_PLACEMENT_3D('',#1030,#1031,#1032);
#758=SURFACE_SIDE_STYLE('',(#1033));
#759=EDGE_LOOP('',(#1034,#1035,#1036,#1037,#1038,#1039,#1040,#1041));
#760=EDGE_LOOP('',(#1042,#1043,#1044,#1045));
#761=AXIS2_PLACEMENT_3D('',#1046,#1047,#1048);
#762=SURFACE_SIDE_STYLE('',(#1049));
#763=EDGE_LOOP('',(#1050,#1051,#1052,#1053));
#764=AXIS2_PLACEMENT_3D('',#1054,#1055,#1056);
#765=SURFACE_SIDE_STYLE('',(#1057));
#766=EDGE_LOOP('',(#1058,#1059,#1060,#1061,#1062,#1063,#1064,#1065));
#767=AXIS2_PLACEMENT_3D('',#1066,#1067,#1068);
#768=SURFACE_SIDE_STYLE('',(#1069));
#769=EDGE_LOOP('',(#1070,#1071,#1072,#1073));
#770=AXIS2_PLACEMENT_3D('',#1074,#1075,#1076);
#771=SURFACE_SIDE_STYLE('',(#1077));
#772=EDGE_LOOP('',(#1078,#1079,#1080,#1081));
#773=AXIS2_PLACEMENT_3D('',#1082,#1083,#1084);
#774=SURFACE_SIDE_STYLE('',(#1085));
#775=EDGE_LOOP('',(#1086,#1087,#1088,#1089,#1090,#1091,#1092,#1093,#1094,#1095));
#776=EDGE_LOOP('',(#1096,#1097,#1098,#1099));
#777=AXIS2_PLACEMENT_3D('',#1100,#1101,#1102);
#778=SURFACE_SIDE_STYLE('',(#1103));
#779=EDGE_LOOP('',(#1104,#1105,#1106,#1107,#1108,#1109,#1110,#1111));
#780=AXIS2_PLACEMENT_3D('',#1112,#1113,#1114);
#781=SURFACE_SIDE_STYLE('',(#1115));
#782=EDGE_LOOP('',(#1116,#1117,#1118,#1119));
#783=AXIS2_PLACEMENT_3D('',#1120,#1121,#1122);
#784=SURFACE_SIDE_STYLE('',(#1123));
#785=EDGE_LOOP('',(#1124,#1125,#1126,#1127));
#786=AXIS2_PLACEMENT_3D('',#1128,#1129,#1130);
#787=SURFACE_SIDE_STYLE('',(#1131));
#788=EDGE_LOOP('',(#1132,#1133,#1134,#1135));
#789=AXIS2_PLACEMENT_3D('',#1136,#1137,#1138);
#790=SURFACE_SIDE_STYLE('',(#1139));
#791=EDGE_LOOP('',(#1140,#1141,#1142,#1143));
#792=AXIS2_PLACEMENT_3D('',#1144,#1145,#1146);
#793=SURFACE_SIDE_STYLE('',(#1147));
#794=EDGE_LOOP('',(#1148,#1149,#1150,#1151));
#795=EDGE_LOOP('',(#1152,#1153,#1154,#1155,#1156,#1157,#1158,#1159,#1160,#1161));
#796=AXIS2_PLACEMENT_3D('',#1162,#1163,#1164);
#797=SURFACE_SIDE_STYLE('',(#1165));
#798=EDGE_LOOP('',(#1166,#1167,#1168,#1169));
#799=EDGE_LOOP('',(#1170,#1171,#1172,#1173));
#800=AXIS2_PLACEMENT_3D('',#1174,#1175,#1176);
#801=SURFACE_SIDE_STYLE('',(#1177));
#802=EDGE_LOOP('',(#1178,#1179));
#803=AXIS2_PLACEMENT_3D('',#1180,#1181,#1182);
#804=SURFACE_SIDE_STYLE('',(#1183));
#805=EDGE_LOOP('',(#1184,#1185,#1186,#1187));
#806=AXIS2_PLACEMENT_3D('',#1188,#1189,#1190);
#807=SURFACE_SIDE_STYLE('',(#1191));
#808=EDGE_LOOP('',(#1192,#1193));
#809=AXIS2_PLACEMENT_3D('',#1194,#1195,#1196);
#810=SURFACE_SIDE_STYLE('',(#1197));
#811=EDGE_LOOP('',(#1198,#1199));
#812=AXIS2_PLACEMENT_3D('',#1200,#1201,#1202);
#813=SURFACE_SIDE_STYLE('',(#1203));
#814=EDGE_LOOP('',(#1204,#1205,#1206,#1207));
#815=AXIS2_PLACEMENT_3D('',#1208,#1209,#1210);
#816=SURFACE_SIDE_STYLE('',(#1211));
#817=EDGE_LOOP('',(#1212,#1213));
#818=AXIS2_PLACEMENT_3D('',#1214,#1215,#1216);
#819=SURFACE_SIDE_STYLE('',(#1217));
#820=SURFACE_SIDE_STYLE('',(#1218));
#821=EDGE_LOOP('',(#1219,#1220,#1221));
#822=AXIS2_PLACEMENT_3D('',#1222,#1223,#1224);
#823=SURFACE_SIDE_STYLE('',(#1225));
#824=EDGE_LOOP('',(#1226,#1227,#1228));
#825=AXIS2_PLACEMENT_3D('',#1229,#1230,#1231);
#826=SURFACE_SIDE_STYLE('',(#1232));
#827=EDGE_LOOP('',(#1233,#1234,#1235,#1236));
#828=AXIS2_PLACEMENT_3D('',#1237,#1238,#1239);
#829=SURFACE_SIDE_STYLE('',(#1240));
#830=EDGE_LOOP('',(#1241,#1242,#1243,#1244,#1245));
#831=AXIS2_PLACEMENT_3D('',#1246,#1247,#1248);
#832=SURFACE_SIDE_STYLE('',(#1249));
#833=EDGE_LOOP('',(#1250,#1251,#1252,#1253));
#834=AXIS2_PLACEMENT_3D('',#1254,#1255,#1256);
#835=SURFACE_SIDE_STYLE('',(#1257));
#836=EDGE_LOOP('',(#1258,#1259,#1260,#1261));
#837=AXIS2_PLACEMENT_3D('',#1262,#1263,#1264);
#838=SURFACE_SIDE_STYLE('',(#1265));
#839=EDGE_LOOP('',(#1266,#1267,#1268,#1269));
#840=AXIS2_PLACEMENT_3D('',#1270,#1271,#1272);
#841=SURFACE_SIDE_STYLE('',(#1273));
#842=EDGE_LOOP('',(#1274,#1275,#1276));
#843=AXIS2_PLACEMENT_3D('',#1277,#1278,#1279);
#844=SURFACE_SIDE_STYLE('',(#1280));
#845=SURFACE_SIDE_STYLE('',(#1281));
#846=EDGE_LOOP('',(#1282,#1283,#1284,#1285));
#847=AXIS2_PLACEMENT_3D('',#1286,#1287,#1288);
#848=SURFACE_SIDE_STYLE('',(#1289));
#849=EDGE_LOOP('',(#1290,#1291,#1292,#1293));
#850=AXIS2_PLACEMENT_3D('',#1294,#1295,#1296);
#851=SURFACE_SIDE_STYLE('',(#1297));
#852=EDGE_LOOP('',(#1298,#1299,#1300,#1301));
#853=EDGE_LOOP('',(#1302,#1303,#1304,#1305,#1306,#1307,#1308,#1309));
#854=AXIS2_PLACEMENT_3D('',#1310,#1311,#1312);
#855=SURFACE_SIDE_STYLE('',(#1313));
#856=EDGE_LOOP('',(#1314,#1315));
#857=AXIS2_PLACEMENT_3D('',#1316,#1317,#1318);
#858=SURFACE_SIDE_STYLE('',(#1319));
#859=EDGE_LOOP('',(#1320,#1321,#1322,#1323));
#860=AXIS2_PLACEMENT_3D('',#1324,#1325,#1326);
#861=SURFACE_SIDE_STYLE('',(#1327));
#862=EDGE_LOOP('',(#1328,#1329,#1330,#1331));
#863=AXIS2_PLACEMENT_3D('',#1332,#1333,#1334);
#864=SURFACE_SIDE_STYLE('',(#1335));
#865=EDGE_LOOP('',(#1336,#1337));
#866=AXIS2_PLACEMENT_3D('',#1338,#1339,#1340);
#867=SURFACE_SIDE_STYLE('',(#1341));
#868=EDGE_LOOP('',(#1342,#1343,#1344,#1345,#1346,#1347));
#869=AXIS2_PLACEMENT_3D('',#1348,#1349,#1350);
#870=SURFACE_SIDE_STYLE('',(#1351));
#871=EDGE_LOOP('',(#1352,#1353,#1354,#1355));
#872=AXIS2_PLACEMENT_3D('',#1356,#1357,#1358);
#873=SURFACE_SIDE_STYLE('',(#1359));
#874=EDGE_LOOP('',(#1360,#1361,#1362,#1363,#1364,#1365));
#875=AXIS2_PLACEMENT_3D('',#1366,#1367,#1368);
#876=SURFACE_SIDE_STYLE('',(#1369));
#877=EDGE_LOOP('',(#1370,#1371,#1372,#1373));
#878=AXIS2_PLACEMENT_3D('',#1374,#1375,#1376);
#879=SURFACE_SIDE_STYLE('',(#1377));
#880=EDGE_LOOP('',(#1378,#1379,#1380,#1381));
#881=AXIS2_PLACEMENT_3D('',#1382,#1383,#1384);
#882=SURFACE_SIDE_STYLE('',(#1385));
#883=EDGE_LOOP('',(#1386,#1387,#1388,#1389));
#884=AXIS2_PLACEMENT_3D('',#1390,#1391,#1392);
#885=SURFACE_SIDE_STYLE('',(#1393));
#886=EDGE_LOOP('',(#1394,#1395));
#887=AXIS2_PLACEMENT_3D('',#1396,#1397,#1398);
#888=SURFACE_SIDE_STYLE('',(#1399));
#889=SURFACE_SIDE_STYLE('',(#1400));
#890=EDGE_LOOP('',(#1401,#1402,#1403,#1404));
#891=AXIS2_PLACEMENT_3D('',#1405,#1406,#1407);
#892=SURFACE_SIDE_STYLE('',(#1408));
#893=EDGE_LOOP('',(#1409,#1410,#1411,#1412));
#894=AXIS2_PLACEMENT_3D('',#1413,#1414,#1415);
#895=SURFACE_SIDE_STYLE('',(#1416));
#896=EDGE_LOOP('',(#1417,#1418,#1419,#1420));
#897=AXIS2_PLACEMENT_3D('',#1421,#1422,#1423);
#898=SURFACE_SIDE_STYLE('',(#1424));
#899=EDGE_LOOP('',(#1425,#1426,#1427,#1428,#1429));
#900=AXIS2_PLACEMENT_3D('',#1430,#1431,#1432);
#901=SURFACE_SIDE_STYLE('',(#1433));
#902=EDGE_LOOP('',(#1434,#1435,#1436,#1437));
#903=AXIS2_PLACEMENT_3D('',#1438,#1439,#1440);
#904=SURFACE_SIDE_STYLE('',(#1441));
#905=EDGE_LOOP('',(#1442,#1443,#1444,#1445,#1446));
#906=AXIS2_PLACEMENT_3D('',#1447,#1448,#1449);
#907=SURFACE_SIDE_STYLE('',(#1450));
#908=EDGE_LOOP('',(#1451,#1452,#1453,#1454));
#909=AXIS2_PLACEMENT_3D('',#1455,#1456,#1457);
#910=SURFACE_SIDE_STYLE('',(#1458));
#911=SURFACE_SIDE_STYLE('',(#1459));
#912=EDGE_LOOP('',(#1460,#1461,#1462,#1463));
#913=AXIS2_PLACEMENT_3D('',#1464,#1465,#1466);
#914=SURFACE_SIDE_STYLE('',(#1467));
#915=EDGE_LOOP('',(#1468,#1469,#1470,#1471));
#916=AXIS2_PLACEMENT_3D('',#1472,#1473,#1474);
#917=SURFACE_SIDE_STYLE('',(#1475));
#918=EDGE_LOOP('',(#1476,#1477,#1478,#1479));
#919=AXIS2_PLACEMENT_3D('',#1480,#1481,#1482);
#920=SURFACE_SIDE_STYLE('',(#1483));
#921=EDGE_LOOP('',(#1484,#1485,#1486,#1487));
#922=AXIS2_PLACEMENT_3D('',#1488,#1489,#1490);
#923=SURFACE_SIDE_STYLE('',(#1491));
#924=EDGE_LOOP('',(#1492,#1493,#1494,#1495));
#925=AXIS2_PLACEMENT_3D('',#1496,#1497,#1498);
#926=SURFACE_SIDE_STYLE('',(#1499));
#927=EDGE_LOOP('',(#1500,#1501,#1502,#1503));
#928=AXIS2_PLACEMENT_3D('',#1504,#1505,#1506);
#929=SURFACE_SIDE_STYLE('',(#1507));
#930=SURFACE_SIDE_STYLE('',(#1508));
#931=EDGE_LOOP('',(#1509,#1510,#1511,#1512));
#932=AXIS2_PLACEMENT_3D('',#1513,#1514,#1515);
#933=SURFACE_SIDE_STYLE('',(#1516));
#934=EDGE_LOOP('',(#1517,#1518,#1519,#1520));
#935=AXIS2_PLACEMENT_3D('',#1521,#1522,#1523);
#936=SURFACE_SIDE_STYLE('',(#1524));
#937=EDGE_LOOP('',(#1525,#1526,#1527,#1528));
#938=AXIS2_PLACEMENT_3D('',#1529,#1530,#1531);
#939=SURFACE_SIDE_STYLE('',(#1532));
#940=EDGE_LOOP('',(#1533,#1534,#1535,#1536));
#941=AXIS2_PLACEMENT_3D('',#1537,#1538,#1539);
#942=SURFACE_SIDE_STYLE('',(#1540));
#943=EDGE_LOOP('',(#1541,#1542,#1543,#1544));
#944=AXIS2_PLACEMENT_3D('',#1545,#1546,#1547);
#945=SURFACE_SIDE_STYLE('',(#1548));
#946=EDGE_LOOP('',(#1549,#1550,#1551,#1552));
#947=AXIS2_PLACEMENT_3D('',#1553,#1554,#1555);
#948=SURFACE_SIDE_STYLE('',(#1556));
#949=SURFACE_SIDE_STYLE('',(#1557));
#950=EDGE_LOOP('',(#1558));
#951=EDGE_LOOP('',(#1559));
#952=AXIS2_PLACEMENT_3D('',#1560,#1561,#1562);
#953=SURFACE_SIDE_STYLE('',(#1563));
#954=EDGE_LOOP('',(#1564));
#955=AXIS2_PLACEMENT_3D('',#1565,#1566,#1567);
#956=SURFACE_SIDE_STYLE('',(#1568));
#957=EDGE_LOOP('',(#1569));
#958=AXIS2_PLACEMENT_3D('',#1570,#1571,#1572);
#959=SURFACE_SIDE_STYLE('',(#1573));
#960=SURFACE_SIDE_STYLE('',(#1574));
#961=EDGE_LOOP('',(#1575,#1576,#1577,#1578));
#962=AXIS2_PLACEMENT_3D('',#1579,#1580,#1581);
#963=SURFACE_SIDE_STYLE('',(#1582));
#964=EDGE_LOOP('',(#1583,#1584,#1585,#1586));
#965=AXIS2_PLACEMENT_3D('',#1587,#1588,#1589);
#966=SURFACE_SIDE_STYLE('',(#1590));
#967=EDGE_LOOP('',(#1591,#1592,#1593,#1594));
#968=AXIS2_PLACEMENT_3D('',#1595,#1596,#1597);
#969=SURFACE_SIDE_STYLE('',(#1598));
#970=EDGE_LOOP('',(#1599,#1600,#1601,#1602,#1603));
#971=AXIS2_PLACEMENT_3D('',#1604,#1605,#1606);
#972=SURFACE_SIDE_STYLE('',(#1607));
#973=EDGE_LOOP('',(#1608,#1609,#1610,#1611));
#974=AXIS2_PLACEMENT_3D('',#1612,#1613,#1614);
#975=SURFACE_SIDE_STYLE('',(#1615));
#976=EDGE_LOOP('',(#1616,#1617,#1618,#1619,#1620));
#977=AXIS2_PLACEMENT_3D('',#1621,#1622,#1623);
#978=SURFACE_SIDE_STYLE('',(#1624));
#979=EDGE_LOOP('',(#1625,#1626,#1627,#1628));
#980=AXIS2_PLACEMENT_3D('',#1629,#1630,#1631);
#981=SURFACE_SIDE_STYLE('',(#1632));
#982=SURFACE_SIDE_STYLE('',(#1633));
#983=EDGE_LOOP('',(#1634));
#984=EDGE_LOOP('',(#1635));
#985=AXIS2_PLACEMENT_3D('',#1636,#1637,#1638);
#986=SURFACE_SIDE_STYLE('',(#1639));
#987=EDGE_LOOP('',(#1640));
#988=AXIS2_PLACEMENT_3D('',#1641,#1642,#1643);
#989=SURFACE_SIDE_STYLE('',(#1644));
#990=EDGE_LOOP('',(#1645));
#991=AXIS2_PLACEMENT_3D('',#1646,#1647,#1648);
#992=SURFACE_SIDE_STYLE('',(#1649));
#994= (NAMED_UNIT(#709)LENGTH_UNIT()SI_UNIT($,.METRE.));
#995= (NAMED_UNIT(#722)LENGTH_UNIT()SI_UNIT($,.METRE.));
#996= (NAMED_UNIT(#735)LENGTH_UNIT()SI_UNIT($,.METRE.));
#997=SURFACE_STYLE_FILL_AREA(#1653);
#998=ORIENTED_EDGE('',*,*,#1654,.T.);
#999=ORIENTED_EDGE('',*,*,#1655,.T.);
#1000=ORIENTED_EDGE('',*,*,#1656,.T.);
#1001=CARTESIAN_POINT('',(0.00840000057816476,-1.74492593985054E-09,0.0022247083215167));
#1002=DIRECTION('',(5.55111512312578E-17,1.94289029309402E-16,1.0));
#1003=DIRECTION('',(-6.77236045021345E-15,1.0,-1.94289029309402E-16));
#1004=SURFACE_STYLE_FILL_AREA(#1657);
#1005=ORIENTED_EDGE('',*,*,#1658,.T.);
#1006=ORIENTED_EDGE('',*,*,#1659,.T.);
#1007=ORIENTED_EDGE('',*,*,#1660,.T.);
#1008=CARTESIAN_POINT('',(0.00840000057816476,-1.74492593985054E-09,0.0022247083215167));
#1009=DIRECTION('',(5.55111512312578E-17,1.94289029309402E-16,1.0));
#1010=DIRECTION('',(-6.77236045021345E-15,1.0,-1.94289029309402E-16));
#1011=SURFACE_STYLE_FILL_AREA(#1661);
#1012=ORIENTED_EDGE('',*,*,#1662,.T.);
#1013=ORIENTED_EDGE('',*,*,#1663,.T.);
#1014=ORIENTED_EDGE('',*,*,#1664,.T.);
#1015=CARTESIAN_POINT('',(0.00840000057816476,-1.74492593985054E-09,0.0022247083215167));
#1016=DIRECTION('',(5.55111512312578E-17,1.94289029309402E-16,1.0));
#1017=DIRECTION('',(-6.77236045021345E-15,1.0,-1.94289029309402E-16));
#1018=SURFACE_STYLE_FILL_AREA(#1665);
#1019=ORIENTED_EDGE('',*,*,#1666,.T.);
#1020=ORIENTED_EDGE('',*,*,#1667,.T.);
#1021=ORIENTED_EDGE('',*,*,#1668,.F.);
#1022=ORIENTED_EDGE('',*,*,#1669,.F.);
#1023=CARTESIAN_POINT('',(5.78164918718649E-10,-0.00952500116676093,-0.0101377916784832));
#1024=DIRECTION('',(7.45237205279636E-15,-1.0,1.38777878078145E-16));
#1025=DIRECTION('',(1.0,7.45237205279636E-15,-2.15105711021124E-15));
#1026=SURFACE_STYLE_FILL_AREA(#1670);
#1027=ORIENTED_EDGE('',*,*,#1671,.T.);
#1028=ORIENTED_EDGE('',*,*,#1672,.T.);
#1029=ORIENTED_EDGE('',*,*,#1673,.T.);
#1030=CARTESIAN_POINT('',(0.00840000057816476,-1.74492593985054E-09,0.0022247083215167));
#1031=DIRECTION('',(5.55111512312578E-17,1.94289029309402E-16,1.0));
#1032=DIRECTION('',(-6.77236045021345E-15,1.0,-1.94289029309402E-16));
#1033=SURFACE_STYLE_FILL_AREA(#1674);
#1034=ORIENTED_EDGE('',*,*,#1675,.T.);
#1035=ORIENTED_EDGE('',*,*,#1663,.F.);
#1036=ORIENTED_EDGE('',*,*,#1676,.T.);
#1037=ORIENTED_EDGE('',*,*,#1677,.F.);
#1038=ORIENTED_EDGE('',*,*,#1678,.F.);
#1039=ORIENTED_EDGE('',*,*,#1655,.F.);
#1040=ORIENTED_EDGE('',*,*,#1679,.T.);
#1041=ORIENTED_EDGE('',*,*,#1680,.F.);
#1042=ORIENTED_EDGE('',*,*,#1681,.T.);
#1043=ORIENTED_EDGE('',*,*,#1682,.F.);
#1044=ORIENTED_EDGE('',*,*,#1683,.F.);
#1045=ORIENTED_EDGE('',*,*,#1684,.T.);
#1046=CARTESIAN_POINT('',(5.78164932596437E-10,-0.007000001744926,-0.00613779167848321));
#1047=DIRECTION('',(-7.45237205279636E-15,1.0,-1.38777878078145E-16));
#1048=DIRECTION('',(1.11022302462516E-16,1.38777878078145E-16,1.0));
#1049=SURFACE_STYLE_FILL_AREA(#1685);
#1050=ORIENTED_EDGE('',*,*,#1686,.F.);
#1051=ORIENTED_EDGE('',*,*,#1687,.T.);
#1052=ORIENTED_EDGE('',*,*,#1666,.F.);
#1053=ORIENTED_EDGE('',*,*,#1688,.F.);
#1054=CARTESIAN_POINT('',(0.00952499942183477,0.000100080913806713,-0.0101377916784832));
#1055=DIRECTION('',(1.0,7.40379979546901E-15,-1.38777878078145E-17));
#1056=DIRECTION('',(-7.40379979546901E-15,1.0,-1.38777878078145E-16));
#1057=SURFACE_STYLE_FILL_AREA(#1689);
#1058=ORIENTED_EDGE('',*,*,#1690,.T.);
#1059=ORIENTED_EDGE('',*,*,#1656,.F.);
#1060=ORIENTED_EDGE('',*,*,#1678,.T.);
#1061=ORIENTED_EDGE('',*,*,#1691,.F.);
#1062=ORIENTED_EDGE('',*,*,#1692,.F.);
#1063=ORIENTED_EDGE('',*,*,#1659,.F.);
#1064=ORIENTED_EDGE('',*,*,#1693,.T.);
#1065=ORIENTED_EDGE('',*,*,#1694,.F.);
#1066=CARTESIAN_POINT('',(0.00842500057816478,0.000100080913806699,-0.00613779167848321));
#1067=DIRECTION('',(-1.0,-7.40379979546901E-15,1.38777878078145E-17));
#1068=DIRECTION('',(1.38777878078153E-17,-1.11022302462516E-16,1.0));
#1069=SURFACE_STYLE_FILL_AREA(#1695);
#1070=ORIENTED_EDGE('',*,*,#1668,.T.);
#1071=ORIENTED_EDGE('',*,*,#1696,.T.);
#1072=ORIENTED_EDGE('',*,*,#1697,.F.);
#1073=ORIENTED_EDGE('',*,*,#1698,.F.);
#1074=CARTESIAN_POINT('',(-0.00952499942183513,0.000100080913806574,-0.0101377916784832));
#1075=DIRECTION('',(-1.0,-7.40379979546901E-15,1.38777878078145E-17));
#1076=DIRECTION('',(7.40379979546901E-15,-1.0,-8.32667268468867E-17));
#1077=SURFACE_STYLE_FILL_AREA(#1699);
#1078=ORIENTED_EDGE('',*,*,#1697,.T.);
#1079=ORIENTED_EDGE('',*,*,#1700,.T.);
#1080=ORIENTED_EDGE('',*,*,#1686,.T.);
#1081=ORIENTED_EDGE('',*,*,#1701,.F.);
#1082=CARTESIAN_POINT('',(5.7816472442962E-10,0.00952500116676093,-0.0101377916784832));
#1083=DIRECTION('',(-7.45237205279636E-15,1.0,-1.38777878078145E-16));
#1084=DIRECTION('',(-1.0,-7.45237205279636E-15,1.90125692967058E-15));
#1085=SURFACE_STYLE_FILL_AREA(#1702);
#1086=ORIENTED_EDGE('',*,*,#1703,.T.);
#1087=ORIENTED_EDGE('',*,*,#1660,.F.);
#1088=ORIENTED_EDGE('',*,*,#1692,.T.);
#1089=ORIENTED_EDGE('',*,*,#1704,.F.);
#1090=ORIENTED_EDGE('',*,*,#1705,.F.);
#1091=ORIENTED_EDGE('',*,*,#1672,.F.);
#1092=ORIENTED_EDGE('',*,*,#1706,.T.);
#1093=ORIENTED_EDGE('',*,*,#1707,.F.);
#1094=ORIENTED_EDGE('',*,*,#1708,.T.);
#1095=ORIENTED_EDGE('',*,*,#1709,.F.);
#1096=ORIENTED_EDGE('',*,*,#1710,.T.);
#1097=ORIENTED_EDGE('',*,*,#1711,.F.);
#1098=ORIENTED_EDGE('',*,*,#1712,.F.);
#1099=ORIENTED_EDGE('',*,*,#1713,.T.);
#1100=CARTESIAN_POINT('',(5.78164821574134E-10,0.00699999825507404,-0.00613779167848321));
#1101=DIRECTION('',(7.45237205279636E-15,-1.0,1.38777878078145E-16));
#1102=DIRECTION('',(-5.96744875736022E-16,-1.38777878078149E-16,-1.0));
#1103=SURFACE_STYLE_FILL_AREA(#1714);
#1104=ORIENTED_EDGE('',*,*,#1715,.T.);
#1105=ORIENTED_EDGE('',*,*,#1673,.F.);
#1106=ORIENTED_EDGE('',*,*,#1705,.T.);
#1107=ORIENTED_EDGE('',*,*,#1716,.F.);
#1108=ORIENTED_EDGE('',*,*,#1676,.F.);
#1109=ORIENTED_EDGE('',*,*,#1662,.F.);
#1110=ORIENTED_EDGE('',*,*,#1717,.T.);
#1111=ORIENTED_EDGE('',*,*,#1718,.F.);
#1112=CARTESIAN_POINT('',(-0.00842499942183519,0.000100080913806547,-0.00613779167848321));
#1113=DIRECTION('',(1.0,7.40379979546901E-15,-1.38777878078145E-17));
#1114=DIRECTION('',(-1.38777878078135E-17,-1.38777878078144E-16,-1.0));
#1115=SURFACE_STYLE_FILL_AREA(#1719);
#1116=ORIENTED_EDGE('',*,*,#1671,.F.);
#1117=ORIENTED_EDGE('',*,*,#1715,.F.);
#1118=ORIENTED_EDGE('',*,*,#1720,.F.);
#1119=ORIENTED_EDGE('',*,*,#1706,.F.);
#1120=CARTESIAN_POINT('',(-0.00722499942183526,0.00699999825507398,-0.00613779167848321));
#1121=DIRECTION('',(0.707106781186556,-0.707106781186539,8.83177008009619E-17));
#1122=DIRECTION('',(1.38777878078134E-17,1.38777878078145E-16,1.0));
#1123=SURFACE_STYLE_FILL_AREA(#1721);
#1124=ORIENTED_EDGE('',*,*,#1658,.F.);
#1125=ORIENTED_EDGE('',*,*,#1703,.F.);
#1126=ORIENTED_EDGE('',*,*,#1722,.F.);
#1127=ORIENTED_EDGE('',*,*,#1693,.F.);
#1128=CARTESIAN_POINT('',(0.00842500057816474,0.0057999982550741,-0.00613779167848321));
#1129=DIRECTION('',(-0.707106781186539,-0.707106781186556,1.0794385653451E-16));
#1130=DIRECTION('',(1.38777878078134E-17,1.38777878078145E-16,1.0));
#1131=SURFACE_STYLE_FILL_AREA(#1723);
#1132=ORIENTED_EDGE('',*,*,#1654,.F.);
#1133=ORIENTED_EDGE('',*,*,#1690,.F.);
#1134=ORIENTED_EDGE('',*,*,#1724,.F.);
#1135=ORIENTED_EDGE('',*,*,#1679,.F.);
#1136=CARTESIAN_POINT('',(0.00722500057816483,-0.00700000174492595,-0.00613779167848321));
#1137=DIRECTION('',(-0.707106781186552,0.707106781186543,-8.83177008009625E-17));
#1138=DIRECTION('',(1.38777878078134E-17,1.38777878078145E-16,1.0));
#1139=SURFACE_STYLE_FILL_AREA(#1725);
#1140=ORIENTED_EDGE('',*,*,#1664,.F.);
#1141=ORIENTED_EDGE('',*,*,#1675,.F.);
#1142=ORIENTED_EDGE('',*,*,#1726,.F.);
#1143=ORIENTED_EDGE('',*,*,#1717,.F.);
#1144=CARTESIAN_POINT('',(-0.00842499942183515,-0.00580000174492606,-0.00613779167848321));
#1145=DIRECTION('',(0.707106781186539,0.707106781186556,-1.0794385653451E-16));
#1146=DIRECTION('',(1.38777878078134E-17,1.38777878078145E-16,1.0));
#1147=SURFACE_STYLE_FILL_AREA(#1727);
#1148=ORIENTED_EDGE('',*,*,#1701,.T.);
#1149=ORIENTED_EDGE('',*,*,#1688,.T.);
#1150=ORIENTED_EDGE('',*,*,#1669,.T.);
#1151=ORIENTED_EDGE('',*,*,#1698,.T.);
#1152=ORIENTED_EDGE('',*,*,#1718,.T.);
#1153=ORIENTED_EDGE('',*,*,#1726,.T.);
#1154=ORIENTED_EDGE('',*,*,#1680,.T.);
#1155=ORIENTED_EDGE('',*,*,#1724,.T.);
#1156=ORIENTED_EDGE('',*,*,#1694,.T.);
#1157=ORIENTED_EDGE('',*,*,#1722,.T.);
#1158=ORIENTED_EDGE('',*,*,#1709,.T.);
#1159=ORIENTED_EDGE('',*,*,#1708,.F.);
#1160=ORIENTED_EDGE('',*,*,#1707,.T.);
#1161=ORIENTED_EDGE('',*,*,#1720,.T.);
#1162=CARTESIAN_POINT('',(0.0473601724157042,-0.0326378376203661,-0.000175291678483314));
#1163=DIRECTION('',(0.0,0.0,1.0));
#1164=DIRECTION('',(1.0,0.0,-0.0));
#1165=SURFACE_STYLE_FILL_AREA(#1728);
#1166=ORIENTED_EDGE('',*,*,#1704,.T.);
#1167=ORIENTED_EDGE('',*,*,#1691,.T.);
#1168=ORIENTED_EDGE('',*,*,#1677,.T.);
#1169=ORIENTED_EDGE('',*,*,#1716,.T.);
#1170=ORIENTED_EDGE('',*,*,#1687,.F.);
#1171=ORIENTED_EDGE('',*,*,#1700,.F.);
#1172=ORIENTED_EDGE('',*,*,#1696,.F.);
#1173=ORIENTED_EDGE('',*,*,#1667,.F.);
#1174=CARTESIAN_POINT('',(-0.0433306617270122,-0.0404121249738515,0.00502470832151668));
#1175=DIRECTION('',(5.55111512312578E-17,1.94289029309402E-16,1.0));
#1176=DIRECTION('',(1.0,-3.2612801348364E-16,-5.55111512312578E-17));
#1177=SURFACE_STYLE_FILL_AREA(#1729);
#1178=ORIENTED_EDGE('',*,*,#1681,.F.);
#1179=ORIENTED_EDGE('',*,*,#1730,.F.);
#1180=CARTESIAN_POINT('',(0.00135000057816485,0.000276348255074083,0.0120639759343717));
#1181=DIRECTION('',(1.0,-3.81639164714898E-17,-4.16333634234434E-17));
#1182=DIRECTION('',(3.81639164714898E-17,1.0,0.0));
#1183=SURFACE_STYLE_FILL_AREA(#1731);
#1184=ORIENTED_EDGE('',*,*,#1730,.T.);
#1185=ORIENTED_EDGE('',*,*,#1684,.F.);
#1186=ORIENTED_EDGE('',*,*,#1732,.F.);
#1187=ORIENTED_EDGE('',*,*,#1682,.T.);
#1188=CARTESIAN_POINT('',(-0.00225930920945408,-0.00695000174492593,0.00362470832151668));
#1189=DIRECTION('',(1.0,-3.81639164714898E-17,-4.16333634234434E-17));
#1190=DIRECTION('',(-4.16333634234434E-17,0.0,-1.0));
#1191=SURFACE_STYLE_FILL_AREA(#1733);
#1192=ORIENTED_EDGE('',*,*,#1683,.T.);
#1193=ORIENTED_EDGE('',*,*,#1732,.T.);
#1194=CARTESIAN_POINT('',(-0.00134999942183515,0.000276348255074083,0.0120639759343717));
#1195=DIRECTION('',(1.0,-3.81639164714898E-17,-4.16333634234434E-17));
#1196=DIRECTION('',(3.81639164714898E-17,1.0,0.0));
#1197=SURFACE_STYLE_FILL_AREA(#1734);
#1198=ORIENTED_EDGE('',*,*,#1710,.F.);
#1199=ORIENTED_EDGE('',*,*,#1735,.F.);
#1200=CARTESIAN_POINT('',(-0.00134999942183515,-0.00722635174492598,0.00362470832151668));
#1201=DIRECTION('',(-1.0,3.81639164714898E-17,4.16333634234434E-17));
#1202=DIRECTION('',(-3.81639164714898E-17,-1.0,0.0));
#1203=SURFACE_STYLE_FILL_AREA(#1736);
#1204=ORIENTED_EDGE('',*,*,#1735,.T.);
#1205=ORIENTED_EDGE('',*,*,#1713,.F.);
#1206=ORIENTED_EDGE('',*,*,#1737,.F.);
#1207=ORIENTED_EDGE('',*,*,#1711,.T.);
#1208=CARTESIAN_POINT('',(-0.00124999942183515,0.00694999825507394,0.00362470832151668));
#1209=DIRECTION('',(-1.0,3.81639164714898E-17,4.16333634234434E-17));
#1210=DIRECTION('',(4.16333634234434E-17,0.0,1.0));
#1211=SURFACE_STYLE_FILL_AREA(#1738);
#1212=ORIENTED_EDGE('',*,*,#1712,.T.);
#1213=ORIENTED_EDGE('',*,*,#1737,.T.);
#1214=CARTESIAN_POINT('',(0.00135000057816485,-0.00722635174492598,0.00362470832151668));
#1215=DIRECTION('',(-1.0,3.81639164714898E-17,4.16333634234434E-17));
#1216=DIRECTION('',(-3.81639164714898E-17,-1.0,-0.0));
#1217=SURFACE_STYLE_FILL_AREA(#1739);
#1218=SURFACE_STYLE_FILL_AREA(#1740);
#1219=ORIENTED_EDGE('',*,*,#1741,.T.);
#1220=ORIENTED_EDGE('',*,*,#1742,.F.);
#1221=ORIENTED_EDGE('',*,*,#1743,.F.);
#1222=CARTESIAN_POINT('',(0.00589988660000014,0.00629999825507387,0.000774708321516576));
#1223=DIRECTION('',(0.0,2.40933816107852E-16,1.0));
#1224=DIRECTION('',(0.0,-1.0,2.40933816107852E-16));
#1225=SURFACE_STYLE_FILL_AREA(#1744);
#1226=ORIENTED_EDGE('',*,*,#1745,.T.);
#1227=ORIENTED_EDGE('',*,*,#1746,.T.);
#1228=ORIENTED_EDGE('',*,*,#1743,.T.);
#1229=CARTESIAN_POINT('',(0.00589988660000014,0.00564999825507387,0.000774708321516576));
#1230=DIRECTION('',(0.0,2.40933816107852E-16,1.0));
#1231=DIRECTION('',(0.0,-1.0,2.40933816107852E-16));
#1232=SURFACE_STYLE_FILL_AREA(#1747);
#1233=ORIENTED_EDGE('',*,*,#1748,.F.);
#1234=ORIENTED_EDGE('',*,*,#1749,.F.);
#1235=ORIENTED_EDGE('',*,*,#1750,.T.);
#1236=ORIENTED_EDGE('',*,*,#1751,.T.);
#1237=CARTESIAN_POINT('',(0.00589988660000014,0.00699999825507408,0.000774708321516576));
#1238=DIRECTION('',(0.0,-1.0,0.0));
#1239=DIRECTION('',(0.0,0.0,-1.0));
#1240=SURFACE_STYLE_FILL_AREA(#1752);
#1241=ORIENTED_EDGE('',*,*,#1753,.T.);
#1242=ORIENTED_EDGE('',*,*,#1754,.F.);
#1243=ORIENTED_EDGE('',*,*,#1748,.T.);
#1244=ORIENTED_EDGE('',*,*,#1755,.T.);
#1245=ORIENTED_EDGE('',*,*,#1741,.F.);
#1246=CARTESIAN_POINT('',(0.00589988660000014,0.00699999825507408,0.000774708321516576));
#1247=DIRECTION('',(-1.0,-0.0,0.0));
#1248=DIRECTION('',(0.0,0.0,1.0));
#1249=SURFACE_STYLE_FILL_AREA(#1756);
#1250=ORIENTED_EDGE('',*,*,#1757,.T.);
#1251=ORIENTED_EDGE('',*,*,#1742,.T.);
#1252=ORIENTED_EDGE('',*,*,#1755,.F.);
#1253=ORIENTED_EDGE('',*,*,#1751,.F.);
#1254=CARTESIAN_POINT('',(0.00524988660000014,0.00629999825507387,-0.0012052916784833));
#1255=DIRECTION('',(1.0,0.0,-0.0));
#1256=DIRECTION('',(0.0,0.0,1.0));
#1257=SURFACE_STYLE_FILL_AREA(#1758);
#1258=ORIENTED_EDGE('',*,*,#1759,.F.);
#1259=ORIENTED_EDGE('',*,*,#1760,.F.);
#1260=ORIENTED_EDGE('',*,*,#1749,.T.);
#1261=ORIENTED_EDGE('',*,*,#1754,.T.);
#1262=CARTESIAN_POINT('',(0.00654988660000014,0.00629999825507387,-0.0012052916784833));
#1263=DIRECTION('',(1.0,0.0,-0.0));
#1264=DIRECTION('',(0.0,0.0,1.0));
#1265=SURFACE_STYLE_FILL_AREA(#1761);
#1266=ORIENTED_EDGE('',*,*,#1745,.F.);
#1267=ORIENTED_EDGE('',*,*,#1757,.F.);
#1268=ORIENTED_EDGE('',*,*,#1750,.F.);
#1269=ORIENTED_EDGE('',*,*,#1760,.T.);
#1270=CARTESIAN_POINT('',(0.00589988660000014,0.00564999825507387,0.000774708321516576));
#1271=DIRECTION('',(0.0,2.40933816107852E-16,1.0));
#1272=DIRECTION('',(0.0,-1.0,2.40933816107852E-16));
#1273=SURFACE_STYLE_FILL_AREA(#1762);
#1274=ORIENTED_EDGE('',*,*,#1759,.T.);
#1275=ORIENTED_EDGE('',*,*,#1753,.F.);
#1276=ORIENTED_EDGE('',*,*,#1746,.F.);
#1277=CARTESIAN_POINT('',(0.00589988660000014,0.00629999825507387,0.000774708321516576));
#1278=DIRECTION('',(0.0,2.40933816107852E-16,1.0));
#1279=DIRECTION('',(0.0,-1.0,2.40933816107852E-16));
#1280=SURFACE_STYLE_FILL_AREA(#1763);
#1281=SURFACE_STYLE_FILL_AREA(#1764);
#1282=ORIENTED_EDGE('',*,*,#1765,.F.);
#1283=ORIENTED_EDGE('',*,*,#1766,.T.);
#1284=ORIENTED_EDGE('',*,*,#1767,.T.);
#1285=ORIENTED_EDGE('',*,*,#1768,.T.);
#1286=CARTESIAN_POINT('',(0.00589988660000014,0.00629999825507387,-0.00217529167848331));
#1287=DIRECTION('',(0.0,0.0,1.0));
#1288=DIRECTION('',(1.0,0.0,-0.0));
#1289=SURFACE_STYLE_FILL_AREA(#1769);
#1290=ORIENTED_EDGE('',*,*,#1770,.F.);
#1291=ORIENTED_EDGE('',*,*,#1771,.F.);
#1292=ORIENTED_EDGE('',*,*,#1772,.T.);
#1293=ORIENTED_EDGE('',*,*,#1773,.T.);
#1294=CARTESIAN_POINT('',(0.00589988660000014,0.00629999825507387,-0.00217529167848331));
#1295=DIRECTION('',(0.0,0.0,1.0));
#1296=DIRECTION('',(1.0,0.0,-0.0));
#1297=SURFACE_STYLE_FILL_AREA(#1774);
#1298=ORIENTED_EDGE('',*,*,#1775,.T.);
#1299=ORIENTED_EDGE('',*,*,#1776,.T.);
#1300=ORIENTED_EDGE('',*,*,#1777,.F.);
#1301=ORIENTED_EDGE('',*,*,#1778,.F.);
#1302=ORIENTED_EDGE('',*,*,#1779,.T.);
#1303=ORIENTED_EDGE('',*,*,#1766,.F.);
#1304=ORIENTED_EDGE('',*,*,#1780,.T.);
#1305=ORIENTED_EDGE('',*,*,#1781,.T.);
#1306=ORIENTED_EDGE('',*,*,#1782,.T.);
#1307=ORIENTED_EDGE('',*,*,#1770,.T.);
#1308=ORIENTED_EDGE('',*,*,#1783,.T.);
#1309=ORIENTED_EDGE('',*,*,#1784,.T.);
#1310=CARTESIAN_POINT('',(0.00589988660000014,0.00629999825507387,-0.0012052916784833));
#1311=DIRECTION('',(0.0,0.0,1.0));
#1312=DIRECTION('',(1.0,0.0,-0.0));
#1313=SURFACE_STYLE_FILL_AREA(#1785);
#1314=ORIENTED_EDGE('',*,*,#1786,.F.);
#1315=ORIENTED_EDGE('',*,*,#1772,.F.);
#1316=CARTESIAN_POINT('',(0.00089988660000014,0.0212999982550739,-0.00257529167848331));
#1317=DIRECTION('',(0.0,0.0,1.0));
#1318=DIRECTION('',(1.0,0.0,0.0));
#1319=SURFACE_STYLE_FILL_AREA(#1787);
#1320=ORIENTED_EDGE('',*,*,#1778,.T.);
#1321=ORIENTED_EDGE('',*,*,#1788,.T.);
#1322=ORIENTED_EDGE('',*,*,#1789,.T.);
#1323=ORIENTED_EDGE('',*,*,#1790,.T.);
#1324=CARTESIAN_POINT('',(-1.94289029309402E-16,-6.93889390390723E-18,-0.000175291678483314));
#1325=DIRECTION('',(-0.0,0.0,-1.0));
#1326=DIRECTION('',(-1.0,-0.0,0.0));
#1327=SURFACE_STYLE_FILL_AREA(#1791);
#1328=ORIENTED_EDGE('',*,*,#1792,.T.);
#1329=ORIENTED_EDGE('',*,*,#1793,.T.);
#1330=ORIENTED_EDGE('',*,*,#1794,.F.);
#1331=ORIENTED_EDGE('',*,*,#1789,.F.);
#1332=CARTESIAN_POINT('',(5.78164821574134E-10,0.00699999825507404,-0.000175291678483314));
#1333=DIRECTION('',(7.45237205279636E-15,-1.0,-0.0));
#1334=DIRECTION('',(1.0,7.45237205279636E-15,0.0));
#1335=SURFACE_STYLE_FILL_AREA(#1795);
#1336=ORIENTED_EDGE('',*,*,#1796,.F.);
#1337=ORIENTED_EDGE('',*,*,#1776,.F.);
#1338=CARTESIAN_POINT('',(0.00524988660000015,0.00564999825507397,0.000774708321516576));
#1339=DIRECTION('',(0.0,-0.0,1.0));
#1340=DIRECTION('',(1.0,0.0,-0.0));
#1341=SURFACE_STYLE_FILL_AREA(#1797);
#1342=ORIENTED_EDGE('',*,*,#1767,.F.);
#1343=ORIENTED_EDGE('',*,*,#1779,.F.);
#1344=ORIENTED_EDGE('',*,*,#1798,.T.);
#1345=ORIENTED_EDGE('',*,*,#1780,.F.);
#1346=ORIENTED_EDGE('',*,*,#1765,.T.);
#1347=ORIENTED_EDGE('',*,*,#1799,.F.);
#1348=CARTESIAN_POINT('',(0.00589988660000014,0.00604999825507387,-0.00297529167848331));
#1349=DIRECTION('',(0.0,-1.0,0.0));
#1350=DIRECTION('',(0.0,0.0,-1.0));
#1351=SURFACE_STYLE_FILL_AREA(#1800);
#1352=ORIENTED_EDGE('',*,*,#1801,.T.);
#1353=ORIENTED_EDGE('',*,*,#1781,.F.);
#1354=ORIENTED_EDGE('',*,*,#1798,.F.);
#1355=ORIENTED_EDGE('',*,*,#1784,.F.);
#1356=CARTESIAN_POINT('',(0.00589988660000014,0.00604999825507387,-0.000975291678483313));
#1357=DIRECTION('',(0.0,-0.0,1.0));
#1358=DIRECTION('',(1.0,0.0,-0.0));
#1359=SURFACE_STYLE_FILL_AREA(#1802);
#1360=ORIENTED_EDGE('',*,*,#1786,.T.);
#1361=ORIENTED_EDGE('',*,*,#1771,.T.);
#1362=ORIENTED_EDGE('',*,*,#1782,.F.);
#1363=ORIENTED_EDGE('',*,*,#1801,.F.);
#1364=ORIENTED_EDGE('',*,*,#1783,.F.);
#1365=ORIENTED_EDGE('',*,*,#1773,.F.);
#1366=CARTESIAN_POINT('',(0.00589988660000014,0.00654999825507387,-0.000975291678483313));
#1367=DIRECTION('',(-0.0,1.0,0.0));
#1368=DIRECTION('',(0.0,0.0,1.0));
#1369=SURFACE_STYLE_FILL_AREA(#1803);
#1370=ORIENTED_EDGE('',*,*,#1777,.T.);
#1371=ORIENTED_EDGE('',*,*,#1804,.F.);
#1372=ORIENTED_EDGE('',*,*,#1792,.F.);
#1373=ORIENTED_EDGE('',*,*,#1788,.F.);
#1374=CARTESIAN_POINT('',(0.00524988660000014,0.00629999825507387,-0.000175291678483314));
#1375=DIRECTION('',(1.0,7.43452918275556E-15,0.0));
#1376=DIRECTION('',(-7.43452918275556E-15,1.0,0.0));
#1377=SURFACE_STYLE_FILL_AREA(#1805);
#1378=ORIENTED_EDGE('',*,*,#1806,.T.);
#1379=ORIENTED_EDGE('',*,*,#1775,.F.);
#1380=ORIENTED_EDGE('',*,*,#1790,.F.);
#1381=ORIENTED_EDGE('',*,*,#1794,.T.);
#1382=CARTESIAN_POINT('',(0.00654988660000014,0.00629999825507387,-0.000175291678483314));
#1383=DIRECTION('',(-1.0,-7.43452918275546E-15,0.0));
#1384=DIRECTION('',(7.43452918275546E-15,-1.0,0.0));
#1385=SURFACE_STYLE_FILL_AREA(#1807);
#1386=ORIENTED_EDGE('',*,*,#1804,.T.);
#1387=ORIENTED_EDGE('',*,*,#1796,.T.);
#1388=ORIENTED_EDGE('',*,*,#1806,.F.);
#1389=ORIENTED_EDGE('',*,*,#1793,.F.);
#1390=CARTESIAN_POINT('',(0.00524988660000015,0.00564999825507397,0.000774708321516576));
#1391=DIRECTION('',(0.0,-0.0,1.0));
#1392=DIRECTION('',(1.0,0.0,-0.0));
#1393=SURFACE_STYLE_FILL_AREA(#1808);
#1394=ORIENTED_EDGE('',*,*,#1768,.F.);
#1395=ORIENTED_EDGE('',*,*,#1799,.T.);
#1396=CARTESIAN_POINT('',(0.00089988660000014,0.0212999982550739,-0.00257529167848331));
#1397=DIRECTION('',(0.0,0.0,1.0));
#1398=DIRECTION('',(1.0,0.0,0.0));
#1399=SURFACE_STYLE_FILL_AREA(#1809);
#1400=SURFACE_STYLE_FILL_AREA(#1810);
#1401=ORIENTED_EDGE('',*,*,#1811,.F.);
#1402=ORIENTED_EDGE('',*,*,#1812,.F.);
#1403=ORIENTED_EDGE('',*,*,#1813,.F.);
#1404=ORIENTED_EDGE('',*,*,#1814,.F.);
#1405=CARTESIAN_POINT('',(-0.0077249994218352,0.00249999825507396,-0.00237529167848331));
#1406=DIRECTION('',(0.0,-1.0,0.0));
#1407=DIRECTION('',(0.0,0.0,-1.0));
#1408=SURFACE_STYLE_FILL_AREA(#1815);
#1409=ORIENTED_EDGE('',*,*,#1816,.T.);
#1410=ORIENTED_EDGE('',*,*,#1817,.T.);
#1411=ORIENTED_EDGE('',*,*,#1818,.T.);
#1412=ORIENTED_EDGE('',*,*,#1819,.T.);
#1413=CARTESIAN_POINT('',(0.00787500057816481,-0.00350000174492604,0.0));
#1414=DIRECTION('',(0.0,0.0,1.0));
#1415=DIRECTION('',(1.0,0.0,0.0));
#1416=SURFACE_STYLE_FILL_AREA(#1820);
#1417=ORIENTED_EDGE('',*,*,#1821,.F.);
#1418=ORIENTED_EDGE('',*,*,#1816,.F.);
#1419=ORIENTED_EDGE('',*,*,#1822,.T.);
#1420=ORIENTED_EDGE('',*,*,#1823,.T.);
#1421=CARTESIAN_POINT('',(-0.00672499942183519,0.00649999825507396,0.0));
#1422=DIRECTION('',(-1.0,-0.0,0.0));
#1423=DIRECTION('',(0.0,0.0,1.0));
#1424=SURFACE_STYLE_FILL_AREA(#1824);
#1425=ORIENTED_EDGE('',*,*,#1825,.T.);
#1426=ORIENTED_EDGE('',*,*,#1811,.T.);
#1427=ORIENTED_EDGE('',*,*,#1826,.F.);
#1428=ORIENTED_EDGE('',*,*,#1817,.F.);
#1429=ORIENTED_EDGE('',*,*,#1821,.T.);
#1430=CARTESIAN_POINT('',(-0.00842499942183519,0.00439999825507396,0.0));
#1431=DIRECTION('',(0.0,-1.0,-0.0));
#1432=DIRECTION('',(0.0,0.0,-1.0));
#1433=SURFACE_STYLE_FILL_AREA(#1827);
#1434=ORIENTED_EDGE('',*,*,#1826,.T.);
#1435=ORIENTED_EDGE('',*,*,#1814,.T.);
#1436=ORIENTED_EDGE('',*,*,#1828,.F.);
#1437=ORIENTED_EDGE('',*,*,#1818,.F.);
#1438=CARTESIAN_POINT('',(-0.00832499942183519,0.00249999825507396,0.0));
#1439=DIRECTION('',(1.0,0.0,-0.0));
#1440=DIRECTION('',(-0.0,0.0,-1.0));
#1441=SURFACE_STYLE_FILL_AREA(#1829);
#1442=ORIENTED_EDGE('',*,*,#1828,.T.);
#1443=ORIENTED_EDGE('',*,*,#1813,.T.);
#1444=ORIENTED_EDGE('',*,*,#1830,.T.);
#1445=ORIENTED_EDGE('',*,*,#1822,.F.);
#1446=ORIENTED_EDGE('',*,*,#1819,.F.);
#1447=CARTESIAN_POINT('',(-0.00612499942183519,0.00259999825507396,0.0));
#1448=DIRECTION('',(-0.0,1.0,0.0));
#1449=DIRECTION('',(0.0,0.0,1.0));
#1450=SURFACE_STYLE_FILL_AREA(#1831);
#1451=ORIENTED_EDGE('',*,*,#1830,.F.);
#1452=ORIENTED_EDGE('',*,*,#1812,.T.);
#1453=ORIENTED_EDGE('',*,*,#1825,.F.);
#1454=ORIENTED_EDGE('',*,*,#1823,.F.);
#1455=CARTESIAN_POINT('',(-0.00672499942183519,0.00439999825507396,-0.00297529167848331));
#1456=DIRECTION('',(0.0,0.0,1.0));
#1457=DIRECTION('',(1.0,0.0,-0.0));
#1458=SURFACE_STYLE_FILL_AREA(#1832);
#1459=SURFACE_STYLE_FILL_AREA(#1833);
#1460=ORIENTED_EDGE('',*,*,#1834,.F.);
#1461=ORIENTED_EDGE('',*,*,#1835,.F.);
#1462=ORIENTED_EDGE('',*,*,#1836,.F.);
#1463=ORIENTED_EDGE('',*,*,#1837,.F.);
#1464=CARTESIAN_POINT('',(-0.00842499942183519,-1.74492604444894E-09,0.00242470832151668));
#1465=DIRECTION('',(1.0,7.40379979546901E-15,-5.55111512312589E-17));
#1466=DIRECTION('',(-5.55111512312578E-17,-1.38777878078145E-16,-1.0));
#1467=SURFACE_STYLE_FILL_AREA(#1838);
#1468=ORIENTED_EDGE('',*,*,#1839,.T.);
#1469=ORIENTED_EDGE('',*,*,#1840,.T.);
#1470=ORIENTED_EDGE('',*,*,#1841,.F.);
#1471=ORIENTED_EDGE('',*,*,#1834,.T.);
#1472=CARTESIAN_POINT('',(-0.00842499942183518,-0.00250000174492604,0.0021247083215167));
#1473=DIRECTION('',(5.55111512312573E-17,2.16840434497101E-16,1.0));
#1474=DIRECTION('',(0.0,-1.0,2.16840434497101E-16));
#1475=SURFACE_STYLE_FILL_AREA(#1842);
#1476=ORIENTED_EDGE('',*,*,#1843,.F.);
#1477=ORIENTED_EDGE('',*,*,#1844,.F.);
#1478=ORIENTED_EDGE('',*,*,#1845,.F.);
#1479=ORIENTED_EDGE('',*,*,#1840,.F.);
#1480=CARTESIAN_POINT('',(-0.00672499942183519,-0.00450000174492603,-2.16667118743564E-34));
#1481=DIRECTION('',(-0.798831090733852,-6.08760434699411E-15,-0.601555391029757));
#1482=DIRECTION('',(7.62064022996612E-15,-1.0,-6.82766075846928E-32));
#1483=SURFACE_STYLE_FILL_AREA(#1846);
#1484=ORIENTED_EDGE('',*,*,#1841,.T.);
#1485=ORIENTED_EDGE('',*,*,#1845,.T.);
#1486=ORIENTED_EDGE('',*,*,#1847,.F.);
#1487=ORIENTED_EDGE('',*,*,#1835,.T.);
#1488=CARTESIAN_POINT('',(-0.00842499942183517,-0.00260000174492604,2.16840434497101E-19));
#1489=DIRECTION('',(-7.40379979546901E-15,1.0,-1.94938304855415E-16));
#1490=DIRECTION('',(-1.0,-7.40379979546901E-15,0.0));
#1491=SURFACE_STYLE_FILL_AREA(#1848);
#1492=ORIENTED_EDGE('',*,*,#1847,.T.);
#1493=ORIENTED_EDGE('',*,*,#1844,.T.);
#1494=ORIENTED_EDGE('',*,*,#1849,.F.);
#1495=ORIENTED_EDGE('',*,*,#1836,.T.);
#1496=CARTESIAN_POINT('',(-0.00672499942183519,-0.00450000174492603,-2.16667118743564E-34));
#1497=DIRECTION('',(-1.27553196763001E-16,-8.65042384225942E-31,-1.0));
#1498=DIRECTION('',(7.62064022996612E-15,-1.0,-1.06994638486966E-31));
#1499=SURFACE_STYLE_FILL_AREA(#1850);
#1500=ORIENTED_EDGE('',*,*,#1849,.T.);
#1501=ORIENTED_EDGE('',*,*,#1843,.T.);
#1502=ORIENTED_EDGE('',*,*,#1839,.F.);
#1503=ORIENTED_EDGE('',*,*,#1837,.T.);
#1504=CARTESIAN_POINT('',(-0.00842499942183516,-0.00440000174492604,0.0022247083215167));
#1505=DIRECTION('',(7.40379979546901E-15,-1.0,5.7731367264704E-30));
#1506=DIRECTION('',(1.0,7.40379979546901E-15,0.0));
#1507=SURFACE_STYLE_FILL_AREA(#1851);
#1508=SURFACE_STYLE_FILL_AREA(#1852);
#1509=ORIENTED_EDGE('',*,*,#1853,.F.);
#1510=ORIENTED_EDGE('',*,*,#1854,.F.);
#1511=ORIENTED_EDGE('',*,*,#1855,.F.);
#1512=ORIENTED_EDGE('',*,*,#1856,.F.);
#1513=CARTESIAN_POINT('',(-0.00842499942183519,0.00699999825507395,0.00242470832151668));
#1514=DIRECTION('',(1.0,7.40379979546901E-15,-5.55111512312589E-17));
#1515=DIRECTION('',(-5.55111512312578E-17,-1.38777878078145E-16,-1.0));
#1516=SURFACE_STYLE_FILL_AREA(#1857);
#1517=ORIENTED_EDGE('',*,*,#1858,.T.);
#1518=ORIENTED_EDGE('',*,*,#1859,.T.);
#1519=ORIENTED_EDGE('',*,*,#1860,.F.);
#1520=ORIENTED_EDGE('',*,*,#1853,.T.);
#1521=CARTESIAN_POINT('',(-0.00842499942183518,0.00449999825507395,0.0021247083215167));
#1522=DIRECTION('',(5.55111512312573E-17,2.16840434497101E-16,1.0));
#1523=DIRECTION('',(0.0,-1.0,2.16840434497101E-16));
#1524=SURFACE_STYLE_FILL_AREA(#1861);
#1525=ORIENTED_EDGE('',*,*,#1862,.F.);
#1526=ORIENTED_EDGE('',*,*,#1863,.F.);
#1527=ORIENTED_EDGE('',*,*,#1864,.F.);
#1528=ORIENTED_EDGE('',*,*,#1859,.F.);
#1529=CARTESIAN_POINT('',(-0.00672499942183519,0.00249999825507396,-2.16840434497101E-19));
#1530=DIRECTION('',(-0.798831090733852,-6.0876043469941E-15,-0.601555391029758));
#1531=DIRECTION('',(7.62064022996612E-15,-1.0,-6.82766075846926E-32));
#1532=SURFACE_STYLE_FILL_AREA(#1865);
#1533=ORIENTED_EDGE('',*,*,#1860,.T.);
#1534=ORIENTED_EDGE('',*,*,#1864,.T.);
#1535=ORIENTED_EDGE('',*,*,#1866,.F.);
#1536=ORIENTED_EDGE('',*,*,#1854,.T.);
#1537=CARTESIAN_POINT('',(-0.00842499942183517,0.00439999825507395,0.0));
#1538=DIRECTION('',(-7.40379979546901E-15,1.0,-1.94938304855415E-16));
#1539=DIRECTION('',(-1.0,-7.40379979546901E-15,0.0));
#1540=SURFACE_STYLE_FILL_AREA(#1867);
#1541=ORIENTED_EDGE('',*,*,#1866,.T.);
#1542=ORIENTED_EDGE('',*,*,#1863,.T.);
#1543=ORIENTED_EDGE('',*,*,#1868,.F.);
#1544=ORIENTED_EDGE('',*,*,#1855,.T.);
#1545=CARTESIAN_POINT('',(-0.00672499942183519,0.00249999825507396,-2.16840434497101E-19));
#1546=DIRECTION('',(-1.27553196763001E-16,-8.65042384225946E-31,-1.0));
#1547=DIRECTION('',(7.62064022996612E-15,-1.0,-1.06994638486965E-31));
#1548=SURFACE_STYLE_FILL_AREA(#1869);
#1549=ORIENTED_EDGE('',*,*,#1868,.T.);
#1550=ORIENTED_EDGE('',*,*,#1862,.T.);
#1551=ORIENTED_EDGE('',*,*,#1858,.F.);
#1552=ORIENTED_EDGE('',*,*,#1856,.T.);
#1553=CARTESIAN_POINT('',(-0.00842499942183516,0.00259999825507395,0.0022247083215167));
#1554=DIRECTION('',(7.40379979546901E-15,-1.0,5.7731367264704E-30));
#1555=DIRECTION('',(1.0,7.40379979546901E-15,0.0));
#1556=SURFACE_STYLE_FILL_AREA(#1870);
#1557=SURFACE_STYLE_FILL_AREA(#1871);
#1558=ORIENTED_EDGE('',*,*,#1872,.T.);
#1559=ORIENTED_EDGE('',*,*,#1873,.F.);
#1560=CARTESIAN_POINT('',(-0.00672499942183519,0.00439999825507396,-0.00237529167848331));
#1561=DIRECTION('',(0.0,-1.0,-0.0));
#1562=DIRECTION('',(0.0,0.0,-1.0));
#1563=SURFACE_STYLE_FILL_AREA(#1874);
#1564=ORIENTED_EDGE('',*,*,#1872,.F.);
#1565=CARTESIAN_POINT('',(-0.0087249994218352,0.00259999825507396,-0.000375291678483314));
#1566=DIRECTION('',(0.0,1.0,0.0));
#1567=DIRECTION('',(0.0,0.0,1.0));
#1568=SURFACE_STYLE_FILL_AREA(#1875);
#1569=ORIENTED_EDGE('',*,*,#1873,.T.);
#1570=CARTESIAN_POINT('',(-0.0087249994218352,0.00439999825507396,-0.000375291678483314));
#1571=DIRECTION('',(0.0,1.0,0.0));
#1572=DIRECTION('',(-0.0,-0.0,1.0));
#1573=SURFACE_STYLE_FILL_AREA(#1876);
#1574=SURFACE_STYLE_FILL_AREA(#1877);
#1575=ORIENTED_EDGE('',*,*,#1878,.F.);
#1576=ORIENTED_EDGE('',*,*,#1879,.F.);
#1577=ORIENTED_EDGE('',*,*,#1880,.F.);
#1578=ORIENTED_EDGE('',*,*,#1881,.F.);
#1579=CARTESIAN_POINT('',(-0.0077249994218352,-0.00450000174492603,-0.00237529167848331));
#1580=DIRECTION('',(0.0,-1.0,0.0));
#1581=DIRECTION('',(0.0,0.0,-1.0));
#1582=SURFACE_STYLE_FILL_AREA(#1882);
#1583=ORIENTED_EDGE('',*,*,#1883,.T.);
#1584=ORIENTED_EDGE('',*,*,#1884,.T.);
#1585=ORIENTED_EDGE('',*,*,#1885,.T.);
#1586=ORIENTED_EDGE('',*,*,#1886,.T.);
#1587=CARTESIAN_POINT('',(0.00787500057816481,-0.010500001744926,0.0));
#1588=DIRECTION('',(0.0,0.0,1.0));
#1589=DIRECTION('',(1.0,0.0,0.0));
#1590=SURFACE_STYLE_FILL_AREA(#1887);
#1591=ORIENTED_EDGE('',*,*,#1888,.F.);
#1592=ORIENTED_EDGE('',*,*,#1883,.F.);
#1593=ORIENTED_EDGE('',*,*,#1889,.T.);
#1594=ORIENTED_EDGE('',*,*,#1890,.T.);
#1595=CARTESIAN_POINT('',(-0.00672499942183519,-0.000500001744926036,0.0));
#1596=DIRECTION('',(-1.0,-0.0,0.0));
#1597=DIRECTION('',(0.0,0.0,1.0));
#1598=SURFACE_STYLE_FILL_AREA(#1891);
#1599=ORIENTED_EDGE('',*,*,#1892,.T.);
#1600=ORIENTED_EDGE('',*,*,#1878,.T.);
#1601=ORIENTED_EDGE('',*,*,#1893,.F.);
#1602=ORIENTED_EDGE('',*,*,#1884,.F.);
#1603=ORIENTED_EDGE('',*,*,#1888,.T.);
#1604=CARTESIAN_POINT('',(-0.00842499942183519,-0.00260000174492604,0.0));
#1605=DIRECTION('',(0.0,-1.0,-0.0));
#1606=DIRECTION('',(0.0,0.0,-1.0));
#1607=SURFACE_STYLE_FILL_AREA(#1894);
#1608=ORIENTED_EDGE('',*,*,#1893,.T.);
#1609=ORIENTED_EDGE('',*,*,#1881,.T.);
#1610=ORIENTED_EDGE('',*,*,#1895,.F.);
#1611=ORIENTED_EDGE('',*,*,#1885,.F.);
#1612=CARTESIAN_POINT('',(-0.00832499942183519,-0.00450000174492603,0.0));
#1613=DIRECTION('',(1.0,0.0,-0.0));
#1614=DIRECTION('',(-0.0,0.0,-1.0));
#1615=SURFACE_STYLE_FILL_AREA(#1896);
#1616=ORIENTED_EDGE('',*,*,#1895,.T.);
#1617=ORIENTED_EDGE('',*,*,#1880,.T.);
#1618=ORIENTED_EDGE('',*,*,#1897,.T.);
#1619=ORIENTED_EDGE('',*,*,#1889,.F.);
#1620=ORIENTED_EDGE('',*,*,#1886,.F.);
#1621=CARTESIAN_POINT('',(-0.00612499942183519,-0.00440000174492603,0.0));
#1622=DIRECTION('',(-0.0,1.0,0.0));
#1623=DIRECTION('',(0.0,0.0,1.0));
#1624=SURFACE_STYLE_FILL_AREA(#1898);
#1625=ORIENTED_EDGE('',*,*,#1897,.F.);
#1626=ORIENTED_EDGE('',*,*,#1879,.T.);
#1627=ORIENTED_EDGE('',*,*,#1892,.F.);
#1628=ORIENTED_EDGE('',*,*,#1890,.F.);
#1629=CARTESIAN_POINT('',(-0.00672499942183519,-0.00260000174492604,-0.00297529167848331));
#1630=DIRECTION('',(0.0,0.0,1.0));
#1631=DIRECTION('',(1.0,0.0,-0.0));
#1632=SURFACE_STYLE_FILL_AREA(#1899);
#1633=SURFACE_STYLE_FILL_AREA(#1900);
#1634=ORIENTED_EDGE('',*,*,#1901,.T.);
#1635=ORIENTED_EDGE('',*,*,#1902,.F.);
#1636=CARTESIAN_POINT('',(-0.00672499942183519,-0.00260000174492604,-0.00237529167848331));
#1637=DIRECTION('',(0.0,-1.0,-0.0));
#1638=DIRECTION('',(0.0,0.0,-1.0));
#1639=SURFACE_STYLE_FILL_AREA(#1903);
#1640=ORIENTED_EDGE('',*,*,#1901,.F.);
#1641=CARTESIAN_POINT('',(-0.0087249994218352,-0.00440000174492603,-0.000375291678483314));
#1642=DIRECTION('',(0.0,1.0,0.0));
#1643=DIRECTION('',(0.0,0.0,1.0));
#1644=SURFACE_STYLE_FILL_AREA(#1904);
#1645=ORIENTED_EDGE('',*,*,#1902,.T.);
#1646=CARTESIAN_POINT('',(-0.0087249994218352,-0.00260000174492604,-0.000375291678483314));
#1647=DIRECTION('',(0.0,1.0,0.0));
#1648=DIRECTION('',(-0.0,-0.0,1.0));
#1649=SURFACE_STYLE_FILL_AREA(#1905);
#1653=FILL_AREA_STYLE('',(#1906));
#1654=EDGE_CURVE('639:1551',#1907,#1908,#1909,.F.);
#1655=EDGE_CURVE('639:1458',#1908,#1910,#1911,.T.);
#1656=EDGE_CURVE('639:1587',#1910,#1907,#1912,.T.);
#1657=FILL_AREA_STYLE('',(#1913));
#1658=EDGE_CURVE('639:1548',#1914,#1915,#1916,.F.);
#1659=EDGE_CURVE('639:1461',#1915,#1917,#1918,.T.);
#1660=EDGE_CURVE('639:1590',#1917,#1914,#1919,.T.);
#1661=FILL_AREA_STYLE('',(#1920));
#1662=EDGE_CURVE('639:1467',#1921,#1922,#1923,.T.);
#1663=EDGE_CURVE('639:1584',#1922,#1924,#1925,.T.);
#1664=EDGE_CURVE('639:1542',#1924,#1921,#1926,.F.);
#1665=FILL_AREA_STYLE('',(#1927));
#1666=EDGE_CURVE('639:1470',#1928,#1929,#1930,.T.);
#1667=EDGE_CURVE('639:1596',#1929,#1931,#1932,.T.);
#1668=EDGE_CURVE('639:1485',#1933,#1931,#1934,.T.);
#1669=EDGE_CURVE('639:1506',#1928,#1933,#1935,.T.);
#1670=FILL_AREA_STYLE('',(#1936));
#1671=EDGE_CURVE('639:1545',#1937,#1938,#1939,.F.);
#1672=EDGE_CURVE('639:1464',#1938,#1940,#1941,.T.);
#1673=EDGE_CURVE('639:1593',#1940,#1937,#1942,.T.);
#1674=FILL_AREA_STYLE('',(#1943));
#1675=EDGE_CURVE('639:1473',#1944,#1924,#1945,.T.);
#1676=EDGE_CURVE('639:1581',#1922,#1946,#1947,.T.);
#1677=EDGE_CURVE('639:1608',#1948,#1946,#1949,.T.);
#1678=EDGE_CURVE('639:1578',#1910,#1948,#1950,.T.);
#1679=EDGE_CURVE('639:1476',#1908,#1951,#1952,.T.);
#1680=EDGE_CURVE('639:1524',#1944,#1951,#1953,.T.);
#1681=EDGE_CURVE('639:1626',#1954,#1955,#1956,.T.);
#1682=EDGE_CURVE('639:1623',#1957,#1955,#1958,.T.);
#1683=EDGE_CURVE('639:1635',#1959,#1957,#1960,.T.);
#1684=EDGE_CURVE('639:1629',#1959,#1954,#1961,.T.);
#1685=FILL_AREA_STYLE('',(#1962));
#1686=EDGE_CURVE('639:1491',#1963,#1964,#1965,.T.);
#1687=EDGE_CURVE('639:1599',#1963,#1929,#1966,.T.);
#1688=EDGE_CURVE('639:1515',#1964,#1928,#1967,.T.);
#1689=FILL_AREA_STYLE('',(#1968));
#1690=EDGE_CURVE('639:1479',#1969,#1907,#1970,.T.);
#1691=EDGE_CURVE('639:1605',#1971,#1948,#1972,.T.);
#1692=EDGE_CURVE('639:1575',#1917,#1971,#1973,.T.);
#1693=EDGE_CURVE('639:1482',#1915,#1974,#1975,.T.);
#1694=EDGE_CURVE('639:1530',#1969,#1974,#1976,.T.);
#1695=FILL_AREA_STYLE('',(#1977));
#1696=EDGE_CURVE('639:1602',#1931,#1978,#1979,.T.);
#1697=EDGE_CURVE('639:1488',#1980,#1978,#1981,.T.);
#1698=EDGE_CURVE('639:1509',#1933,#1980,#1982,.T.);
#1699=FILL_AREA_STYLE('',(#1983));
#1700=EDGE_CURVE('639:1617',#1978,#1963,#1984,.T.);
#1701=EDGE_CURVE('639:1512',#1980,#1964,#1985,.T.);
#1702=FILL_AREA_STYLE('',(#1986));
#1703=EDGE_CURVE('651:22042',#1987,#1914,#1988,.T.);
#1704=EDGE_CURVE('639:1614',#1989,#1971,#1990,.T.);
#1705=EDGE_CURVE('639:1572',#1940,#1989,#1991,.T.);
#1706=EDGE_CURVE('639:1497',#1938,#1992,#1993,.T.);
#1707=EDGE_CURVE('648:844',#1994,#1992,#1995,.T.);
#1708=EDGE_CURVE('648:840',#1994,#1996,#1997,.F.);
#1709=EDGE_CURVE('648:837',#1987,#1996,#1998,.T.);
#1710=EDGE_CURVE('639:1563',#1999,#2000,#2001,.T.);
#1711=EDGE_CURVE('639:1566',#2002,#2000,#2003,.T.);
#1712=EDGE_CURVE('639:1554',#2004,#2002,#2005,.T.);
#1713=EDGE_CURVE('639:1560',#2004,#1999,#2006,.T.);
#1714=FILL_AREA_STYLE('',(#2007));
#1715=EDGE_CURVE('639:1500',#2008,#1937,#2009,.T.);
#1716=EDGE_CURVE('639:1611',#1946,#1989,#2010,.T.);
#1717=EDGE_CURVE('639:1503',#1921,#2011,#2012,.T.);
#1718=EDGE_CURVE('639:1518',#2008,#2011,#2013,.T.);
#1719=FILL_AREA_STYLE('',(#2014));
#1720=EDGE_CURVE('639:1539',#1992,#2008,#2015,.F.);
#1721=FILL_AREA_STYLE('',(#2016));
#1722=EDGE_CURVE('639:1533',#1974,#1987,#2017,.F.);
#1723=FILL_AREA_STYLE('',(#2018));
#1724=EDGE_CURVE('639:1527',#1951,#1969,#2019,.F.);
#1725=FILL_AREA_STYLE('',(#2020));
#1726=EDGE_CURVE('639:1521',#2011,#1944,#2021,.F.);
#1727=FILL_AREA_STYLE('',(#2022));
#1728=FILL_AREA_STYLE('',(#2023));
#1729=FILL_AREA_STYLE('',(#2024));
#1730=EDGE_CURVE('639:1620',#1955,#1954,#2025,.T.);
#1731=FILL_AREA_STYLE('',(#2026));
#1732=EDGE_CURVE('639:1632',#1957,#1959,#2027,.T.);
#1733=FILL_AREA_STYLE('',(#2028));
#1734=FILL_AREA_STYLE('',(#2029));
#1735=EDGE_CURVE('639:1569',#2000,#1999,#2030,.T.);
#1736=FILL_AREA_STYLE('',(#2031));
#1737=EDGE_CURVE('639:1557',#2002,#2004,#2032,.T.);
#1738=FILL_AREA_STYLE('',(#2033));
#1739=FILL_AREA_STYLE('',(#2034));
#1740=FILL_AREA_STYLE('',(#2035));
#1741=EDGE_CURVE('652:2185',#2036,#2037,#2038,.F.);
#1742=EDGE_CURVE('652:2191',#2039,#2037,#2040,.T.);
#1743=EDGE_CURVE('652:183',#2036,#2039,#2041,.T.);
#1744=FILL_AREA_STYLE('',(#2042));
#1745=EDGE_CURVE('652:186',#2039,#2043,#2044,.T.);
#1746=EDGE_CURVE('652:189',#2043,#2036,#2045,.T.);
#1747=FILL_AREA_STYLE('',(#2046));
#1748=EDGE_CURVE('652:58',#2047,#2048,#2049,.T.);
#1749=EDGE_CURVE('652:76',#2050,#2047,#2051,.T.);
#1750=EDGE_CURVE('652:64',#2050,#2052,#2053,.T.);
#1751=EDGE_CURVE('652:61',#2052,#2048,#2054,.T.);
#1752=FILL_AREA_STYLE('',(#2055));
#1753=EDGE_CURVE('652:3957',#2036,#2056,#2057,.T.);
#1754=EDGE_CURVE('652:73',#2047,#2056,#2058,.T.);
#1755=EDGE_CURVE('652:55',#2048,#2037,#2059,.F.);
#1756=FILL_AREA_STYLE('',(#2060));
#1757=EDGE_CURVE('652:216',#2052,#2039,#2061,.F.);
#1758=FILL_AREA_STYLE('',(#2062));
#1759=EDGE_CURVE('652:3954',#2043,#2056,#2063,.T.);
#1760=EDGE_CURVE('652:196',#2050,#2043,#2064,.F.);
#1761=FILL_AREA_STYLE('',(#2065));
#1762=FILL_AREA_STYLE('',(#2066));
#1763=FILL_AREA_STYLE('',(#2067));
#1764=FILL_AREA_STYLE('',(#2068));
#1765=EDGE_CURVE('654:3926',#2069,#2070,#2071,.T.);
#1766=EDGE_CURVE('654:4200',#2069,#2072,#2073,.T.);
#1767=EDGE_CURVE('654:3904',#2072,#2074,#2075,.T.);
#1768=EDGE_CURVE('654:3223',#2074,#2070,#2076,.T.);
#1769=FILL_AREA_STYLE('',(#2077));
#1770=EDGE_CURVE('654:4006',#2078,#2079,#2080,.F.);
#1771=EDGE_CURVE('654:3847',#2081,#2078,#2082,.T.);
#1772=EDGE_CURVE('654:3220',#2081,#2083,#2084,.T.);
#1773=EDGE_CURVE('654:3869',#2083,#2079,#2085,.T.);
#1774=FILL_AREA_STYLE('',(#2086));
#1775=EDGE_CURVE('651:9918',#2087,#2088,#2089,.T.);
#1776=EDGE_CURVE('651:9902',#2088,#2090,#2091,.F.);
#1777=EDGE_CURVE('651:3650',#2092,#2090,#2093,.T.);
#1778=EDGE_CURVE('648:975',#2087,#2092,#2094,.F.);
#1779=EDGE_CURVE('654:3296',#2095,#2072,#2096,.F.);
#1780=EDGE_CURVE('654:3285',#2069,#2097,#2098,.T.);
#1781=EDGE_CURVE('654:3362',#2097,#2099,#2100,.T.);
#1782=EDGE_CURVE('654:3351',#2099,#2078,#2101,.F.);
#1783=EDGE_CURVE('654:3373',#2079,#2102,#2103,.T.);
#1784=EDGE_CURVE('654:3384',#2102,#2095,#2104,.T.);
#1785=FILL_AREA_STYLE('',(#2105));
#1786=EDGE_CURVE('654:3329',#2083,#2081,#2106,.T.);
#1787=FILL_AREA_STYLE('',(#2107));
#1788=EDGE_CURVE('648:972',#2092,#2108,#2109,.T.);
#1789=EDGE_CURVE('648:969',#2108,#2110,#2111,.F.);
#1790=EDGE_CURVE('648:966',#2110,#2087,#2112,.F.);
#1791=FILL_AREA_STYLE('',(#2113));
#1792=EDGE_CURVE('651:3640',#2108,#2114,#2115,.T.);
#1793=EDGE_CURVE('651:22689',#2114,#2116,#2117,.T.);
#1794=EDGE_CURVE('648:945',#2110,#2116,#2118,.T.);
#1795=FILL_AREA_STYLE('',(#2119));
#1796=EDGE_CURVE('652:145',#2090,#2088,#2120,.T.);
#1797=FILL_AREA_STYLE('',(#2121));
#1798=EDGE_CURVE('654:3307',#2095,#2097,#2122,.T.);
#1799=EDGE_CURVE('654:3340',#2074,#2070,#2123,.T.);
#1800=FILL_AREA_STYLE('',(#2124));
#1801=EDGE_CURVE('654:3318',#2102,#2099,#2125,.T.);
#1802=FILL_AREA_STYLE('',(#2126));
#1803=FILL_AREA_STYLE('',(#2127));
#1804=EDGE_CURVE('651:3636',#2114,#2090,#2128,.F.);
#1805=FILL_AREA_STYLE('',(#2129));
#1806=EDGE_CURVE('651:22677',#2116,#2088,#2130,.F.);
#1807=FILL_AREA_STYLE('',(#2131));
#1808=FILL_AREA_STYLE('',(#2132));
#1809=FILL_AREA_STYLE('',(#2133));
#1810=FILL_AREA_STYLE('',(#2134));
#1811=EDGE_CURVE('644:514',#2135,#2136,#2137,.F.);
#1812=EDGE_CURVE('644:511',#2138,#2135,#2139,.F.);
#1813=EDGE_CURVE('644:508',#2140,#2138,#2141,.F.);
#1814=EDGE_CURVE('644:505',#2136,#2140,#2142,.T.);
#1815=FILL_AREA_STYLE('',(#2143));
#1816=EDGE_CURVE('641:5939',#2144,#2145,#2146,.F.);
#1817=EDGE_CURVE('641:5936',#2145,#2147,#2148,.F.);
#1818=EDGE_CURVE('641:5933',#2147,#2149,#2150,.F.);
#1819=EDGE_CURVE('641:5930',#2149,#2144,#2151,.F.);
#1820=FILL_AREA_STYLE('',(#2152));
#1821=EDGE_CURVE('641:5921',#2145,#2153,#2154,.T.);
#1822=EDGE_CURVE('641:5927',#2144,#2155,#2156,.T.);
#1823=EDGE_CURVE('641:5924',#2155,#2153,#2157,.T.);
#1824=FILL_AREA_STYLE('',(#2158));
#1825=EDGE_CURVE('641:5918',#2153,#2135,#2159,.T.);
#1826=EDGE_CURVE('641:5915',#2147,#2136,#2160,.T.);
#1827=FILL_AREA_STYLE('',(#2161));
#1828=EDGE_CURVE('641:5909',#2149,#2140,#2162,.T.);
#1829=FILL_AREA_STYLE('',(#2163));
#1830=EDGE_CURVE('641:5906',#2138,#2155,#2164,.T.);
#1831=FILL_AREA_STYLE('',(#2165));
#1832=FILL_AREA_STYLE('',(#2166));
#1833=FILL_AREA_STYLE('',(#2167));
#1834=EDGE_CURVE('641:6284',#2168,#2169,#2170,.T.);
#1835=EDGE_CURVE('641:6275',#2171,#2168,#2172,.T.);
#1836=EDGE_CURVE('641:6278',#2173,#2171,#2174,.T.);
#1837=EDGE_CURVE('641:6281',#2169,#2173,#2175,.T.);
#1838=FILL_AREA_STYLE('',(#2176));
#1839=EDGE_CURVE('641:6266',#2169,#2177,#2178,.T.);
#1840=EDGE_CURVE('642:140',#2177,#2179,#2180,.F.);
#1841=EDGE_CURVE('641:6272',#2168,#2179,#2181,.T.);
#1842=FILL_AREA_STYLE('',(#2182));
#1843=EDGE_CURVE('642:137',#2183,#2177,#2184,.F.);
#1844=EDGE_CURVE('642:134',#2185,#2183,#2186,.F.);
#1845=EDGE_CURVE('642:143',#2179,#2185,#2187,.F.);
#1846=FILL_AREA_STYLE('',(#2188));
#1847=EDGE_CURVE('641:6254',#2171,#2185,#2189,.T.);
#1848=FILL_AREA_STYLE('',(#2190));
#1849=EDGE_CURVE('641:6260',#2173,#2183,#2191,.T.);
#1850=FILL_AREA_STYLE('',(#2192));
#1851=FILL_AREA_STYLE('',(#2193));
#1852=FILL_AREA_STYLE('',(#2194));
#1853=EDGE_CURVE('642:875',#2195,#2196,#2197,.T.);
#1854=EDGE_CURVE('642:866',#2198,#2195,#2199,.T.);
#1855=EDGE_CURVE('642:869',#2200,#2198,#2201,.T.);
#1856=EDGE_CURVE('642:872',#2196,#2200,#2202,.T.);
#1857=FILL_AREA_STYLE('',(#2203));
#1858=EDGE_CURVE('642:860',#2196,#2204,#2205,.T.);
#1859=EDGE_CURVE('642:836',#2204,#2206,#2207,.F.);
#1860=EDGE_CURVE('642:863',#2195,#2206,#2208,.T.);
#1861=FILL_AREA_STYLE('',(#2209));
#1862=EDGE_CURVE('642:839',#2210,#2204,#2211,.F.);
#1863=EDGE_CURVE('642:842',#2212,#2210,#2213,.F.);
#1864=EDGE_CURVE('642:833',#2206,#2212,#2214,.F.);
#1865=FILL_AREA_STYLE('',(#2215));
#1866=EDGE_CURVE('642:848',#2198,#2212,#2216,.T.);
#1867=FILL_AREA_STYLE('',(#2217));
#1868=EDGE_CURVE('642:854',#2200,#2210,#2218,.T.);
#1869=FILL_AREA_STYLE('',(#2219));
#1870=FILL_AREA_STYLE('',(#2220));
#1871=FILL_AREA_STYLE('',(#2221));
#1872=EDGE_CURVE('644:97',#2222,#2222,#2223,.T.);
#1873=EDGE_CURVE('644:100',#2224,#2224,#2225,.T.);
#1874=FILL_AREA_STYLE('',(#2226));
#1875=FILL_AREA_STYLE('',(#2227));
#1876=FILL_AREA_STYLE('',(#2228));
#1877=FILL_AREA_STYLE('',(#2229));
#1878=EDGE_CURVE('644:596',#2230,#2231,#2232,.F.);
#1879=EDGE_CURVE('644:593',#2233,#2230,#2234,.F.);
#1880=EDGE_CURVE('644:590',#2235,#2233,#2236,.F.);
#1881=EDGE_CURVE('644:587',#2231,#2235,#2237,.T.);
#1882=FILL_AREA_STYLE('',(#2238));
#1883=EDGE_CURVE('644:360',#2239,#2240,#2241,.F.);
#1884=EDGE_CURVE('644:357',#2240,#2242,#2243,.F.);
#1885=EDGE_CURVE('644:354',#2242,#2244,#2245,.F.);
#1886=EDGE_CURVE('644:351',#2244,#2239,#2246,.F.);
#1887=FILL_AREA_STYLE('',(#2247));
#1888=EDGE_CURVE('644:342',#2240,#2248,#2249,.T.);
#1889=EDGE_CURVE('644:348',#2239,#2250,#2251,.T.);
#1890=EDGE_CURVE('644:345',#2250,#2248,#2252,.T.);
#1891=FILL_AREA_STYLE('',(#2253));
#1892=EDGE_CURVE('644:339',#2248,#2230,#2254,.T.);
#1893=EDGE_CURVE('644:336',#2242,#2231,#2255,.T.);
#1894=FILL_AREA_STYLE('',(#2256));
#1895=EDGE_CURVE('644:330',#2244,#2235,#2257,.T.);
#1896=FILL_AREA_STYLE('',(#2258));
#1897=EDGE_CURVE('644:327',#2233,#2250,#2259,.T.);
#1898=FILL_AREA_STYLE('',(#2260));
#1899=FILL_AREA_STYLE('',(#2261));
#1900=FILL_AREA_STYLE('',(#2262));
#1901=EDGE_CURVE('644:379',#2263,#2263,#2264,.T.);
#1902=EDGE_CURVE('644:382',#2265,#2265,#2266,.T.);
#1903=FILL_AREA_STYLE('',(#2267));
#1904=FILL_AREA_STYLE('',(#2268));
#1905=FILL_AREA_STYLE('',(#2269));
#1906=FILL_AREA_STYLE_COLOUR('',#2270);
#1907=VERTEX_POINT('',#2271);
#1908=VERTEX_POINT('',#2272);
#1909=LINE('',#2273,#2274);
#1910=VERTEX_POINT('',#2275);
#1911=LINE('',#2276,#2277);
#1912=LINE('',#2278,#2279);
#1913=FILL_AREA_STYLE_COLOUR('',#2280);
#1914=VERTEX_POINT('',#2281);
#1915=VERTEX_POINT('',#2282);
#1916=LINE('',#2283,#2284);
#1917=VERTEX_POINT('',#2285);
#1918=LINE('',#2286,#2287);
#1919=LINE('',#2288,#2289);
#1920=FILL_AREA_STYLE_COLOUR('',#2290);
#1921=VERTEX_POINT('',#2291);
#1922=VERTEX_POINT('',#2292);
#1923=LINE('',#2293,#2294);
#1924=VERTEX_POINT('',#2295);
#1925=LINE('',#2296,#2297);
#1926=LINE('',#2298,#2299);
#1927=FILL_AREA_STYLE_COLOUR('',#2300);
#1928=VERTEX_POINT('',#2301);
#1929=VERTEX_POINT('',#2302);
#1930=LINE('',#2303,#2304);
#1931=VERTEX_POINT('',#2305);
#1932=LINE('',#2306,#2307);
#1933=VERTEX_POINT('',#2308);
#1934=LINE('',#2309,#2310);
#1935=LINE('',#2311,#2312);
#1936=FILL_AREA_STYLE_COLOUR('',#2313);
#1937=VERTEX_POINT('',#2314);
#1938=VERTEX_POINT('',#2315);
#1939=LINE('',#2316,#2317);
#1940=VERTEX_POINT('',#2318);
#1941=LINE('',#2319,#2320);
#1942=LINE('',#2321,#2322);
#1943=FILL_AREA_STYLE_COLOUR('',#2323);
#1944=VERTEX_POINT('',#2324);
#1945=LINE('',#2325,#2326);
#1946=VERTEX_POINT('',#2327);
#1947=LINE('',#2328,#2329);
#1948=VERTEX_POINT('',#2330);
#1949=LINE('',#2331,#2332);
#1950=LINE('',#2333,#2334);
#1951=VERTEX_POINT('',#2335);
#1952=LINE('',#2336,#2337);
#1953=LINE('',#2338,#2339);
#1954=VERTEX_POINT('',#2340);
#1955=VERTEX_POINT('',#2341);
#1956=LINE('',#2342,#2343);
#1957=VERTEX_POINT('',#2344);
#1958=LINE('',#2345,#2346);
#1959=VERTEX_POINT('',#2347);
#1960=LINE('',#2348,#2349);
#1961=LINE('',#2350,#2351);
#1962=FILL_AREA_STYLE_COLOUR('',#2352);
#1963=VERTEX_POINT('',#2353);
#1964=VERTEX_POINT('',#2354);
#1965=LINE('',#2355,#2356);
#1966=LINE('',#2357,#2358);
#1967=LINE('',#2359,#2360);
#1968=FILL_AREA_STYLE_COLOUR('',#2361);
#1969=VERTEX_POINT('',#2362);
#1970=LINE('',#2363,#2364);
#1971=VERTEX_POINT('',#2365);
#1972=LINE('',#2366,#2367);
#1973=LINE('',#2368,#2369);
#1974=VERTEX_POINT('',#2370);
#1975=LINE('',#2371,#2372);
#1976=LINE('',#2373,#2374);
#1977=FILL_AREA_STYLE_COLOUR('',#2375);
#1978=VERTEX_POINT('',#2376);
#1979=LINE('',#2377,#2378);
#1980=VERTEX_POINT('',#2379);
#1981=LINE('',#2380,#2381);
#1982=LINE('',#2382,#2383);
#1983=FILL_AREA_STYLE_COLOUR('',#2384);
#1984=LINE('',#2385,#2386);
#1985=LINE('',#2387,#2388);
#1986=FILL_AREA_STYLE_COLOUR('',#2389);
#1987=VERTEX_POINT('',#2390);
#1988=LINE('',#2391,#2392);
#1989=VERTEX_POINT('',#2393);
#1990=LINE('',#2394,#2395);
#1991=LINE('',#2396,#2397);
#1992=VERTEX_POINT('',#2398);
#1993=LINE('',#2399,#2400);
#1994=VERTEX_POINT('',#2401);
#1995=LINE('',#2402,#2403);
#1996=VERTEX_POINT('',#2404);
#1997=LINE('',#2405,#2406);
#1998=LINE('',#2407,#2408);
#1999=VERTEX_POINT('',#2409);
#2000=VERTEX_POINT('',#2410);
#2001=LINE('',#2411,#2412);
#2002=VERTEX_POINT('',#2413);
#2003=LINE('',#2414,#2415);
#2004=VERTEX_POINT('',#2416);
#2005=LINE('',#2417,#2418);
#2006=LINE('',#2419,#2420);
#2007=FILL_AREA_STYLE_COLOUR('',#2421);
#2008=VERTEX_POINT('',#2422);
#2009=LINE('',#2423,#2424);
#2010=LINE('',#2425,#2426);
#2011=VERTEX_POINT('',#2427);
#2012=LINE('',#2428,#2429);
#2013=LINE('',#2430,#2431);
#2014=FILL_AREA_STYLE_COLOUR('',#2432);
#2015=LINE('',#2433,#2434);
#2016=FILL_AREA_STYLE_COLOUR('',#2435);
#2017=LINE('',#2436,#2437);
#2018=FILL_AREA_STYLE_COLOUR('',#2438);
#2019=LINE('',#2439,#2440);
#2020=FILL_AREA_STYLE_COLOUR('',#2441);
#2021=LINE('',#2442,#2443);
#2022=FILL_AREA_STYLE_COLOUR('',#2444);
#2023=FILL_AREA_STYLE_COLOUR('',#2445);
#2024=FILL_AREA_STYLE_COLOUR('',#2446);
#2025=CIRCLE('',#2447,0.000499999999999997);
#2026=FILL_AREA_STYLE_COLOUR('',#2448);
#2027=CIRCLE('',#2449,0.000499999999999997);
#2028=FILL_AREA_STYLE_COLOUR('',#2450);
#2029=FILL_AREA_STYLE_COLOUR('',#2451);
#2030=CIRCLE('',#2452,0.000500000000000005);
#2031=FILL_AREA_STYLE_COLOUR('',#2453);
#2032=CIRCLE('',#2454,0.000500000000000005);
#2033=FILL_AREA_STYLE_COLOUR('',#2455);
#2034=FILL_AREA_STYLE_COLOUR('',#2456);
#2035=FILL_AREA_STYLE_COLOUR('',#2457);
#2036=VERTEX_POINT('',#2458);
#2037=VERTEX_POINT('',#2459);
#2038=B_SPLINE_CURVE_WITH_KNOTS('',3,(#2460,#2461,#2462,#2463,#2464,#2465,#2466,#2467,#2468,#2469),.UNSPECIFIED.,.F.,.F.,(4,2,2,2,4),(9.69739903612216E-19,0.000385965055701834,0.000771930111403667,0.0011578951671055,0.00154386022280733),.UNSPECIFIED.);
#2039=VERTEX_POINT('',#2470);
#2040=LINE('',#2471,#2472);
#2041=CIRCLE('',#2473,0.00065);
#2042=FILL_AREA_STYLE_COLOUR('',#2474);
#2043=VERTEX_POINT('',#2475);
#2044=CIRCLE('',#2476,0.00065);
#2045=CIRCLE('',#2477,0.00065);
#2046=FILL_AREA_STYLE_COLOUR('',#2478);
#2047=VERTEX_POINT('',#2479);
#2048=VERTEX_POINT('',#2480);
#2049=LINE('',#2481,#2482);
#2050=VERTEX_POINT('',#2483);
#2051=LINE('',#2484,#2485);
#2052=VERTEX_POINT('',#2486);
#2053=LINE('',#2487,#2488);
#2054=LINE('',#2489,#2490);
#2055=FILL_AREA_STYLE_COLOUR('',#2491);
#2056=VERTEX_POINT('',#2492);
#2057=B_SPLINE_CURVE_WITH_KNOTS('',3,(#2493,#2494,#2495,#2496,#2497,#2498,#2499,#2500),.UNSPECIFIED.,.F.,.F.,(4,2,2,4),(-7.34848162905457E-06,0.000761873319871867,0.00114648422062233,0.00153109512137279),.UNSPECIFIED.);
#2058=CIRCLE('',#2501,0.00135000000000021);
#2059=CIRCLE('',#2502,0.00135000000000021);
#2060=FILL_AREA_STYLE_COLOUR('',#2503);
#2061=LINE('',#2504,#2505);
#2062=FILL_AREA_STYLE_COLOUR('',#2506);
#2063=LINE('',#2507,#2508);
#2064=LINE('',#2509,#2510);
#2065=FILL_AREA_STYLE_COLOUR('',#2511);
#2066=FILL_AREA_STYLE_COLOUR('',#2512);
#2067=FILL_AREA_STYLE_COLOUR('',#2513);
#2068=FILL_AREA_STYLE_COLOUR('',#2514);
#2069=VERTEX_POINT('',#2515);
#2070=VERTEX_POINT('',#2516);
#2071=B_SPLINE_CURVE_WITH_KNOTS('',3,(#2517,#2518,#2519,#2520,#2521,#2522,#2523,#2524,#2525,#2526),.UNSPECIFIED.,.F.,.F.,(4,2,2,2,4),(-0.000642814288447013,-0.000321607394185065,-4.00499923118103E-07,0.000320806394338829,0.000642013288600776),.UNSPECIFIED.);
#2072=VERTEX_POINT('',#2527);
#2073=CIRCLE('',#2528,0.00065);
#2074=VERTEX_POINT('',#2529);
#2075=B_SPLINE_CURVE_WITH_KNOTS('',3,(#2530,#2531,#2532,#2533,#2534,#2535,#2536,#2537,#2538,#2539),.UNSPECIFIED.,.F.,.F.,(4,2,2,2,4),(-0.000642814288447013,-0.000321607394185068,-4.00499923121464E-07,0.000320806394338825,0.000642013288600771),.UNSPECIFIED.);
#2076=CIRCLE('',#2540,0.00065);
#2077=FILL_AREA_STYLE_COLOUR('',#2541);
#2078=VERTEX_POINT('',#2542);
#2079=VERTEX_POINT('',#2543);
#2080=CIRCLE('',#2544,0.00065);
#2081=VERTEX_POINT('',#2545);
#2082=B_SPLINE_CURVE_WITH_KNOTS('',3,(#2546,#2547,#2548,#2549,#2550,#2551,#2552,#2553,#2554,#2555),.UNSPECIFIED.,.F.,.F.,(4,2,2,2,4),(-0.000642814288447053,-0.000321607394185097,-4.00499923141739E-07,0.000320806394338814,0.000642013288600769),.UNSPECIFIED.);
#2083=VERTEX_POINT('',#2556);
#2084=CIRCLE('',#2557,0.00065);
#2085=B_SPLINE_CURVE_WITH_KNOTS('',3,(#2558,#2559,#2560,#2561,#2562,#2563,#2564,#2565,#2566,#2567),.UNSPECIFIED.,.F.,.F.,(4,2,2,2,4),(-0.000642814288447078,-0.000321607394185116,-4.00499923154207E-07,0.000320806394338808,0.000642013288600769),.UNSPECIFIED.);
#2086=FILL_AREA_STYLE_COLOUR('',#2568);
#2087=VERTEX_POINT('',#2569);
#2088=VERTEX_POINT('',#2570);
#2089=LINE('',#2571,#2572);
#2090=VERTEX_POINT('',#2573);
#2091=CIRCLE('',#2574,0.00065);
#2092=VERTEX_POINT('',#2575);
#2093=LINE('',#2576,#2577);
#2094=CIRCLE('',#2578,0.00065);
#2095=VERTEX_POINT('',#2579);
#2096=LINE('',#2580,#2581);
#2097=VERTEX_POINT('',#2582);
#2098=LINE('',#2583,#2584);
#2099=VERTEX_POINT('',#2585);
#2100=CIRCLE('',#2586,0.00065);
#2101=LINE('',#2587,#2588);
#2102=VERTEX_POINT('',#2589);
#2103=LINE('',#2590,#2591);
#2104=CIRCLE('',#2592,0.00065);
#2105=FILL_AREA_STYLE_COLOUR('',#2593);
#2106=LINE('',#2594,#2595);
#2107=FILL_AREA_STYLE_COLOUR('',#2596);
#2108=VERTEX_POINT('',#2597);
#2109=LINE('',#2598,#2599);
#2110=VERTEX_POINT('',#2600);
#2111=LINE('',#2601,#2602);
#2112=LINE('',#2603,#2604);
#2113=FILL_AREA_STYLE_COLOUR('',#2605);
#2114=VERTEX_POINT('',#2606);
#2115=LINE('',#2607,#2608);
#2116=VERTEX_POINT('',#2609);
#2117=LINE('',#2610,#2611);
#2118=LINE('',#2612,#2613);
#2119=FILL_AREA_STYLE_COLOUR('',#2614);
#2120=CIRCLE('',#2615,0.00065);
#2121=FILL_AREA_STYLE_COLOUR('',#2616);
#2122=LINE('',#2617,#2618);
#2123=LINE('',#2619,#2620);
#2124=FILL_AREA_STYLE_COLOUR('',#2621);
#2125=LINE('',#2622,#2623);
#2126=FILL_AREA_STYLE_COLOUR('',#2624);
#2127=FILL_AREA_STYLE_COLOUR('',#2625);
#2128=LINE('',#2626,#2627);
#2129=FILL_AREA_STYLE_COLOUR('',#2628);
#2130=LINE('',#2629,#2630);
#2131=FILL_AREA_STYLE_COLOUR('',#2631);
#2132=FILL_AREA_STYLE_COLOUR('',#2632);
#2133=FILL_AREA_STYLE_COLOUR('',#2633);
#2134=FILL_AREA_STYLE_COLOUR('',#2634);
#2135=VERTEX_POINT('',#2635);
#2136=VERTEX_POINT('',#2636);
#2137=CIRCLE('',#2637,0.0006);
#2138=VERTEX_POINT('',#2638);
#2139=LINE('',#2639,#2640);
#2140=VERTEX_POINT('',#2641);
#2141=CIRCLE('',#2642,0.0006);
#2142=LINE('',#2643,#2644);
#2143=FILL_AREA_STYLE_COLOUR('',#2645);
#2144=VERTEX_POINT('',#2646);
#2145=VERTEX_POINT('',#2647);
#2146=LINE('',#2648,#2649);
#2147=VERTEX_POINT('',#2650);
#2148=LINE('',#2651,#2652);
#2149=VERTEX_POINT('',#2653);
#2150=LINE('',#2654,#2655);
#2151=LINE('',#2656,#2657);
#2152=FILL_AREA_STYLE_COLOUR('',#2658);
#2153=VERTEX_POINT('',#2659);
#2154=LINE('',#2660,#2661);
#2155=VERTEX_POINT('',#2662);
#2156=LINE('',#2663,#2664);
#2157=LINE('',#2665,#2666);
#2158=FILL_AREA_STYLE_COLOUR('',#2667);
#2159=LINE('',#2668,#2669);
#2160=LINE('',#2670,#2671);
#2161=FILL_AREA_STYLE_COLOUR('',#2672);
#2162=LINE('',#2673,#2674);
#2163=FILL_AREA_STYLE_COLOUR('',#2675);
#2164=LINE('',#2676,#2677);
#2165=FILL_AREA_STYLE_COLOUR('',#2678);
#2166=FILL_AREA_STYLE_COLOUR('',#2679);
#2167=FILL_AREA_STYLE_COLOUR('',#2680);
#2168=VERTEX_POINT('',#2681);
#2169=VERTEX_POINT('',#2682);
#2170=LINE('',#2683,#2684);
#2171=VERTEX_POINT('',#2685);
#2172=LINE('',#2686,#2687);
#2173=VERTEX_POINT('',#2688);
#2174=LINE('',#2689,#2690);
#2175=LINE('',#2691,#2692);
#2176=FILL_AREA_STYLE_COLOUR('',#2693);
#2177=VERTEX_POINT('',#2694);
#2178=LINE('',#2695,#2696);
#2179=VERTEX_POINT('',#2697);
#2180=LINE('',#2698,#2699);
#2181=LINE('',#2700,#2701);
#2182=FILL_AREA_STYLE_COLOUR('',#2702);
#2183=VERTEX_POINT('',#2703);
#2184=LINE('',#2704,#2705);
#2185=VERTEX_POINT('',#2706);
#2186=LINE('',#2707,#2708);
#2187=LINE('',#2709,#2710);
#2188=FILL_AREA_STYLE_COLOUR('',#2711);
#2189=LINE('',#2712,#2713);
#2190=FILL_AREA_STYLE_COLOUR('',#2714);
#2191=LINE('',#2715,#2716);
#2192=FILL_AREA_STYLE_COLOUR('',#2717);
#2193=FILL_AREA_STYLE_COLOUR('',#2718);
#2194=FILL_AREA_STYLE_COLOUR('',#2719);
#2195=VERTEX_POINT('',#2720);
#2196=VERTEX_POINT('',#2721);
#2197=LINE('',#2722,#2723);
#2198=VERTEX_POINT('',#2724);
#2199=LINE('',#2725,#2726);
#2200=VERTEX_POINT('',#2727);
#2201=LINE('',#2728,#2729);
#2202=LINE('',#2730,#2731);
#2203=FILL_AREA_STYLE_COLOUR('',#2732);
#2204=VERTEX_POINT('',#2733);
#2205=LINE('',#2734,#2735);
#2206=VERTEX_POINT('',#2736);
#2207=LINE('',#2737,#2738);
#2208=LINE('',#2739,#2740);
#2209=FILL_AREA_STYLE_COLOUR('',#2741);
#2210=VERTEX_POINT('',#2742);
#2211=LINE('',#2743,#2744);
#2212=VERTEX_POINT('',#2745);
#2213=LINE('',#2746,#2747);
#2214=LINE('',#2748,#2749);
#2215=FILL_AREA_STYLE_COLOUR('',#2750);
#2216=LINE('',#2751,#2752);
#2217=FILL_AREA_STYLE_COLOUR('',#2753);
#2218=LINE('',#2754,#2755);
#2219=FILL_AREA_STYLE_COLOUR('',#2756);
#2220=FILL_AREA_STYLE_COLOUR('',#2757);
#2221=FILL_AREA_STYLE_COLOUR('',#2758);
#2222=VERTEX_POINT('',#2759);
#2223=CIRCLE('',#2760,0.0006);
#2224=VERTEX_POINT('',#2761);
#2225=CIRCLE('',#2762,0.0006);
#2226=FILL_AREA_STYLE_COLOUR('',#2763);
#2227=FILL_AREA_STYLE_COLOUR('',#2764);
#2228=FILL_AREA_STYLE_COLOUR('',#2765);
#2229=FILL_AREA_STYLE_COLOUR('',#2766);
#2230=VERTEX_POINT('',#2767);
#2231=VERTEX_POINT('',#2768);
#2232=CIRCLE('',#2769,0.0006);
#2233=VERTEX_POINT('',#2770);
#2234=LINE('',#2771,#2772);
#2235=VERTEX_POINT('',#2773);
#2236=CIRCLE('',#2774,0.0006);
#2237=LINE('',#2775,#2776);
#2238=FILL_AREA_STYLE_COLOUR('',#2777);
#2239=VERTEX_POINT('',#2778);
#2240=VERTEX_POINT('',#2779);
#2241=LINE('',#2780,#2781);
#2242=VERTEX_POINT('',#2782);
#2243=LINE('',#2783,#2784);
#2244=VERTEX_POINT('',#2785);
#2245=LINE('',#2786,#2787);
#2246=LINE('',#2788,#2789);
#2247=FILL_AREA_STYLE_COLOUR('',#2790);
#2248=VERTEX_POINT('',#2791);
#2249=LINE('',#2792,#2793);
#2250=VERTEX_POINT('',#2794);
#2251=LINE('',#2795,#2796);
#2252=LINE('',#2797,#2798);
#2253=FILL_AREA_STYLE_COLOUR('',#2799);
#2254=LINE('',#2800,#2801);
#2255=LINE('',#2802,#2803);
#2256=FILL_AREA_STYLE_COLOUR('',#2804);
#2257=LINE('',#2805,#2806);
#2258=FILL_AREA_STYLE_COLOUR('',#2807);
#2259=LINE('',#2808,#2809);
#2260=FILL_AREA_STYLE_COLOUR('',#2810);
#2261=FILL_AREA_STYLE_COLOUR('',#2811);
#2262=FILL_AREA_STYLE_COLOUR('',#2812);
#2263=VERTEX_POINT('',#2813);
#2264=CIRCLE('',#2814,0.0006);
#2265=VERTEX_POINT('',#2815);
#2266=CIRCLE('',#2816,0.0006);
#2267=FILL_AREA_STYLE_COLOUR('',#2817);
#2268=FILL_AREA_STYLE_COLOUR('',#2818);
#2269=FILL_AREA_STYLE_COLOUR('',#2819);
#2270=COLOUR_RGB('',0.623529434204102,0.560784339904785,0.686274528503418);
#2271=CARTESIAN_POINT('',(0.00842500057816482,-0.00580000174492594,0.00222470832151669));
#2272=CARTESIAN_POINT('',(0.00722500057816483,-0.00700000174492595,0.00222470832151669));
#2273=CARTESIAN_POINT('',(0.00722500057816483,-0.00700000174492595,0.00222470832151669));
#2274=VECTOR('',#2820,1.0);
#2275=CARTESIAN_POINT('',(0.00842500057816484,-0.00700000174492594,0.00222470832151669));
#2276=CARTESIAN_POINT('',(5.78164932596437E-10,-0.007000001744926,0.00222470832151669));
#2277=VECTOR('',#2821,1.0);
#2278=CARTESIAN_POINT('',(0.00842500057816478,0.000100080913806699,0.00222470832151669));
#2279=VECTOR('',#2822,1.0);
#2280=COLOUR_RGB('',0.623529434204102,0.560784339904785,0.686274528503418);
#2281=CARTESIAN_POINT('',(0.00722500057816472,0.00699999825507409,0.00222470832151669));
#2282=CARTESIAN_POINT('',(0.00842500057816474,0.0057999982550741,0.00222470832151669));
#2283=CARTESIAN_POINT('',(0.00842500057816474,0.0057999982550741,0.00222470832151669));
#2284=VECTOR('',#2823,1.0);
#2285=CARTESIAN_POINT('',(0.00842500057816473,0.0069999982550741,0.00222470832151669));
#2286=CARTESIAN_POINT('',(0.00842500057816478,0.000100080913806699,0.00222470832151669));
#2287=VECTOR('',#2824,1.0);
#2288=CARTESIAN_POINT('',(5.78164821574134E-10,0.00699999825507404,0.00222470832151669));
#2289=VECTOR('',#2825,1.0);
#2290=COLOUR_RGB('',0.623529434204102,0.560784339904785,0.686274528503418);
#2291=CARTESIAN_POINT('',(-0.00842499942183515,-0.00580000174492606,0.00222470832151669));
#2292=CARTESIAN_POINT('',(-0.00842499942183514,-0.00700000174492606,0.00222470832151669));
#2293=CARTESIAN_POINT('',(-0.00842499942183519,0.000100080913806547,0.00222470832151669));
#2294=VECTOR('',#2826,1.0);
#2295=CARTESIAN_POINT('',(-0.00722499942183513,-0.00700000174492606,0.00222470832151669));
#2296=CARTESIAN_POINT('',(5.78164932596437E-10,-0.007000001744926,0.00222470832151669));
#2297=VECTOR('',#2827,1.0);
#2298=CARTESIAN_POINT('',(-0.00842499942183515,-0.00580000174492606,0.00222470832151669));
#2299=VECTOR('',#2828,1.0);
#2300=COLOUR_RGB('',0.623529434204102,0.560784339904785,0.686274528503418);
#2301=CARTESIAN_POINT('',(0.00952499942183484,-0.00952500116676086,-0.000175291678483314));
#2302=CARTESIAN_POINT('',(0.00952499942183486,-0.00952500116676086,0.00502470832151668));
#2303=CARTESIAN_POINT('',(0.00952499942183478,-0.00952500116676087,-0.0101377916784832));
#2304=VECTOR('',#2829,1.0);
#2305=CARTESIAN_POINT('',(-0.00952499942183506,-0.00952500116676101,0.00502470832151668));
#2306=CARTESIAN_POINT('',(-0.0216653305744238,-0.0095250011667611,0.00502470832151668));
#2307=VECTOR('',#2830,1.0);
#2308=CARTESIAN_POINT('',(-0.00952499942183506,-0.00952500116676101,-0.000175291678483314));
#2309=CARTESIAN_POINT('',(-0.00952499942183514,-0.00952500116676099,-0.0101377916784832));
#2310=VECTOR('',#2831,1.0);
#2311=CARTESIAN_POINT('',(5.78164918718649E-10,-0.00952500116676093,-0.000175291678483314));
#2312=VECTOR('',#2832,1.0);
#2313=COLOUR_RGB('',0.623529434204102,0.560784339904785,0.686274528503418);
#2314=CARTESIAN_POINT('',(-0.00842499942183524,0.00579999825507398,0.00222470832151669));
#2315=CARTESIAN_POINT('',(-0.00722499942183526,0.00699999825507398,0.00222470832151669));
#2316=CARTESIAN_POINT('',(-0.00722499942183526,0.00699999825507398,0.00222470832151669));
#2317=VECTOR('',#2833,1.0);
#2318=CARTESIAN_POINT('',(-0.00842499942183525,0.00699999825507398,0.00222470832151669));
#2319=CARTESIAN_POINT('',(5.78164821574134E-10,0.00699999825507404,0.00222470832151669));
#2320=VECTOR('',#2834,1.0);
#2321=CARTESIAN_POINT('',(-0.00842499942183519,0.000100080913806547,0.00222470832151669));
#2322=VECTOR('',#2835,1.0);
#2323=COLOUR_RGB('',0.623529434204102,0.560784339904785,0.686274528503418);
#2324=CARTESIAN_POINT('',(-0.00722499942183513,-0.00700000174492606,-0.000175291678483314));
#2325=CARTESIAN_POINT('',(-0.00722499942183513,-0.00700000174492606,0.00502470832151668));
#2326=VECTOR('',#2836,1.0);
#2327=CARTESIAN_POINT('',(-0.00842499942183515,-0.00700000174492606,0.00502470832151668));
#2328=CARTESIAN_POINT('',(-0.00842499942183514,-0.00700000174492606,-0.00613779167848321));
#2329=VECTOR('',#2837,1.0);
#2330=CARTESIAN_POINT('',(0.00842500057816484,-0.00700000174492594,0.00502470832151667));
#2331=CARTESIAN_POINT('',(-0.0216653305744237,-0.00700000174492615,0.00502470832151668));
#2332=VECTOR('',#2838,1.0);
#2333=CARTESIAN_POINT('',(0.00842500057816484,-0.00700000174492594,-0.00613779167848321));
#2334=VECTOR('',#2839,1.0);
#2335=CARTESIAN_POINT('',(0.00722500057816483,-0.00700000174492595,-0.000175291678483314));
#2336=CARTESIAN_POINT('',(0.00722500057816483,-0.00700000174492595,-0.00835210126351445));
#2337=VECTOR('',#2840,1.0);
#2338=CARTESIAN_POINT('',(5.78164932596437E-10,-0.007000001744926,-0.000175291678483314));
#2339=VECTOR('',#2841,1.0);
#2340=CARTESIAN_POINT('',(0.00135000057816485,-0.00700000174492602,0.00312721460296339));
#2341=CARTESIAN_POINT('',(0.00135000057816485,-0.00700000174492602,0.00412220204006998));
#2342=CARTESIAN_POINT('',(0.00135000057816485,-0.00700000174492599,0.0120639759343717));
#2343=VECTOR('',#2842,1.0);
#2344=CARTESIAN_POINT('',(-0.00134999942183515,-0.00700000174492602,0.00412220204006998));
#2345=CARTESIAN_POINT('',(-0.00225930920945408,-0.00700000174492602,0.00412220204006998));
#2346=VECTOR('',#2843,1.0);
#2347=CARTESIAN_POINT('',(-0.00134999942183515,-0.00700000174492602,0.00312721460296339));
#2348=CARTESIAN_POINT('',(-0.00134999942183515,-0.00700000174492601,0.0120639759343717));
#2349=VECTOR('',#2844,1.0);
#2350=CARTESIAN_POINT('',(-0.00225930920945408,-0.00700000174492602,0.00312721460296339));
#2351=VECTOR('',#2845,1.0);
#2352=COLOUR_RGB('',0.623529434204102,0.560784339904785,0.686274528503418);
#2353=CARTESIAN_POINT('',(0.0095249994218347,0.009525001166761,0.00502470832151668));
#2354=CARTESIAN_POINT('',(0.00952499942183467,0.009525001166761,-0.000175291678483314));
#2355=CARTESIAN_POINT('',(0.00952499942183467,0.009525001166761,-0.0101377916784832));
#2356=VECTOR('',#2846,1.0);
#2357=CARTESIAN_POINT('',(0.00952499942183493,-0.0201560220300222,0.00502470832151668));
#2358=VECTOR('',#2847,1.0);
#2359=CARTESIAN_POINT('',(0.00952499942183477,0.000100080913806713,-0.000175291678483314));
#2360=VECTOR('',#2848,1.0);
#2361=COLOUR_RGB('',0.623529434204102,0.560784339904785,0.686274528503418);
#2362=CARTESIAN_POINT('',(0.00842500057816482,-0.00580000174492594,-0.000175291678483314));
#2363=CARTESIAN_POINT('',(0.00842500057816482,-0.00580000174492594,0.00502470832151668));
#2364=VECTOR('',#2849,1.0);
#2365=CARTESIAN_POINT('',(0.00842500057816473,0.0069999982550741,0.00502470832151667));
#2366=CARTESIAN_POINT('',(0.00842500057816498,-0.0201560220300222,0.00502470832151668));
#2367=VECTOR('',#2850,1.0);
#2368=CARTESIAN_POINT('',(0.00842500057816473,0.0069999982550741,-0.00613779167848321));
#2369=VECTOR('',#2851,1.0);
#2370=CARTESIAN_POINT('',(0.00842500057816474,0.0057999982550741,-0.000175291678483314));
#2371=CARTESIAN_POINT('',(0.00842500057816474,0.0057999982550741,-0.00835210126351445));
#2372=VECTOR('',#2852,1.0);
#2373=CARTESIAN_POINT('',(0.00842500057816478,0.000100080913806699,-0.000175291678483314));
#2374=VECTOR('',#2853,1.0);
#2375=COLOUR_RGB('',0.623529434204102,0.560784339904785,0.686274528503418);
#2376=CARTESIAN_POINT('',(-0.00952499942183523,0.00952500116676087,0.00502470832151667));
#2377=CARTESIAN_POINT('',(-0.00952499942183499,-0.0201560220300224,0.00502470832151669));
#2378=VECTOR('',#2854,1.0);
#2379=CARTESIAN_POINT('',(-0.00952499942183523,0.00952500116676087,-0.000175291678483314));
#2380=CARTESIAN_POINT('',(-0.00952499942183523,0.00952500116676087,-0.0101377916784832));
#2381=VECTOR('',#2855,1.0);
#2382=CARTESIAN_POINT('',(-0.00952499942183513,0.000100080913806574,-0.000175291678483314));
#2383=VECTOR('',#2856,1.0);
#2384=COLOUR_RGB('',0.623529434204102,0.560784339904785,0.686274528503418);
#2385=CARTESIAN_POINT('',(-0.0216653305744239,0.00952500116676076,0.00502470832151667));
#2386=VECTOR('',#2857,1.0);
#2387=CARTESIAN_POINT('',(5.7816472442962E-10,0.00952500116676093,-0.000175291678483314));
#2388=VECTOR('',#2858,1.0);
#2389=COLOUR_RGB('',0.623529434204102,0.560784339904785,0.686274528503418);
#2390=CARTESIAN_POINT('',(0.00722500057816472,0.00699999825507409,-0.000175291678483314));
#2391=CARTESIAN_POINT('',(0.00722500057816472,0.00699999825507409,0.00502470832151668));
#2392=VECTOR('',#2859,1.0);
#2393=CARTESIAN_POINT('',(-0.00842499942183525,0.00699999825507397,0.00502470832151667));
#2394=CARTESIAN_POINT('',(-0.0216653305744239,0.00699999825507387,0.00502470832151668));
#2395=VECTOR('',#2860,1.0);
#2396=CARTESIAN_POINT('',(-0.00842499942183525,0.00699999825507398,-0.00613779167848321));
#2397=VECTOR('',#2861,1.0);
#2398=CARTESIAN_POINT('',(-0.00722499942183526,0.00699999825507398,-0.000175291678483314));
#2399=CARTESIAN_POINT('',(-0.00722499942183526,0.00699999825507398,-0.00835210126351445));
#2400=VECTOR('',#2862,1.0);
#2401=CARTESIAN_POINT('',(0.00524988660000014,0.00699999825507408,-0.000175291678483314));
#2402=CARTESIAN_POINT('',(5.78164821574134E-10,0.00699999825507404,-0.000175291678483314));
#2403=VECTOR('',#2863,1.0);
#2404=CARTESIAN_POINT('',(0.00654988660000013,0.00699999825507409,-0.000175291678483314));
#2405=CARTESIAN_POINT('',(5.78164821574134E-10,0.00699999825507404,-0.000175291678483314));
#2406=VECTOR('',#2864,1.0);
#2407=CARTESIAN_POINT('',(5.78164821574134E-10,0.00699999825507404,-0.000175291678483314));
#2408=VECTOR('',#2865,1.0);
#2409=CARTESIAN_POINT('',(-0.00134999942183515,0.00699999825507403,0.00312721460296338));
#2410=CARTESIAN_POINT('',(-0.00134999942183515,0.00699999825507403,0.00412220204006999));
#2411=CARTESIAN_POINT('',(-0.00134999942183515,0.00699999825507403,0.00362470832151668));
#2412=VECTOR('',#2866,1.0);
#2413=CARTESIAN_POINT('',(0.00135000057816485,0.00699999825507403,0.00412220204006999));
#2414=CARTESIAN_POINT('',(-0.00124999942183515,0.00699999825507403,0.00412220204006999));
#2415=VECTOR('',#2867,1.0);
#2416=CARTESIAN_POINT('',(0.00135000057816485,0.00699999825507403,0.00312721460296338));
#2417=CARTESIAN_POINT('',(0.00135000057816485,0.00699999825507405,0.00362470832151668));
#2418=VECTOR('',#2868,1.0);
#2419=CARTESIAN_POINT('',(-0.00124999942183515,0.00699999825507403,0.00312721460296338));
#2420=VECTOR('',#2869,1.0);
#2421=COLOUR_RGB('',0.623529434204102,0.560784339904785,0.686274528503418);
#2422=CARTESIAN_POINT('',(-0.00842499942183524,0.00579999825507398,-0.000175291678483314));
#2423=CARTESIAN_POINT('',(-0.00842499942183524,0.00579999825507398,0.00502470832151668));
#2424=VECTOR('',#2870,1.0);
#2425=CARTESIAN_POINT('',(-0.00842499942183503,-0.0201560220300224,0.00502470832151668));
#2426=VECTOR('',#2871,1.0);
#2427=CARTESIAN_POINT('',(-0.00842499942183515,-0.00580000174492606,-0.000175291678483314));
#2428=CARTESIAN_POINT('',(-0.00842499942183515,-0.00580000174492606,-0.00835210126351445));
#2429=VECTOR('',#2872,1.0);
#2430=CARTESIAN_POINT('',(-0.00842499942183519,0.000100080913806547,-0.000175291678483314));
#2431=VECTOR('',#2873,1.0);
#2432=COLOUR_RGB('',0.623529434204102,0.560784339904785,0.686274528503418);
#2433=CARTESIAN_POINT('',(0.00024866855921378,0.0144736662361232,-0.000175291678483314));
#2434=VECTOR('',#2874,1.0);
#2435=COLOUR_RGB('',0.623529434204102,0.560784339904785,0.686274528503418);
#2436=CARTESIAN_POINT('',(0.047111504434655,-0.0328865056014153,-0.000175291678483314));
#2437=VECTOR('',#2875,1.0);
#2438=COLOUR_RGB('',0.623529434204102,0.560784339904785,0.686274528503418);
#2439=CARTESIAN_POINT('',(0.0144736685592142,0.00024866623612349,-0.000175291678483314));
#2440=VECTOR('',#2876,1.0);
#2441=COLOUR_RGB('',0.623529434204102,0.560784339904785,0.686274528503418);
#2442=CARTESIAN_POINT('',(0.0328865044346552,-0.0471115056014154,-0.000175291678483314));
#2443=VECTOR('',#2877,1.0);
#2444=COLOUR_RGB('',0.623529434204102,0.560784339904785,0.686274528503418);
#2445=COLOUR_RGB('',0.623529434204102,0.560784339904785,0.686274528503418);
#2446=COLOUR_RGB('',0.623529434204102,0.560784339904785,0.686274528503418);
#2447=AXIS2_PLACEMENT_3D('',#2878,#2879,#2880);
#2448=COLOUR_RGB('',0.623529434204102,0.560784339904785,0.686274528503418);
#2449=AXIS2_PLACEMENT_3D('',#2881,#2882,#2883);
#2450=COLOUR_RGB('',0.623529434204102,0.560784339904785,0.686274528503418);
#2451=COLOUR_RGB('',0.623529434204102,0.560784339904785,0.686274528503418);
#2452=AXIS2_PLACEMENT_3D('',#2884,#2885,#2886);
#2453=COLOUR_RGB('',0.623529434204102,0.560784339904785,0.686274528503418);
#2454=AXIS2_PLACEMENT_3D('',#2887,#2888,#2889);
#2455=COLOUR_RGB('',0.623529434204102,0.560784339904785,0.686274528503418);
#2456=COLOUR_RGB('',0.623529434204102,0.560784339904785,0.686274528503418);
#2457=COLOUR_RGB('',0.560784339904785,0.686274528503418,0.560784339904785);
#2458=CARTESIAN_POINT('',(0.00589988660000014,0.00564999825507387,0.000774708321516576));
#2459=CARTESIAN_POINT('',(0.00524988660000014,0.00629999825507387,0.00192904795957821));
#2460=CARTESIAN_POINT('',(0.00524988660000014,0.00629999825507387,0.00192904795957821));
#2461=CARTESIAN_POINT('',(0.00524988660000014,0.00618772387624343,0.00186096395501843));
#2462=CARTESIAN_POINT('',(0.00527783141788447,0.00608969571383263,0.00177915973205109));
#2463=CARTESIAN_POINT('',(0.00536194820610378,0.00592343206856519,0.0015984671447052));
#2464=CARTESIAN_POINT('',(0.00541741339060277,0.00585682773061381,0.00150177931490046));
#2465=CARTESIAN_POINT('',(0.00554215179807799,0.00575117558514293,0.00129998255130615));
#2466=CARTESIAN_POINT('',(0.00560990181729063,0.00571342375196096,0.00119755831326011));
#2467=CARTESIAN_POINT('',(0.00575156806098696,0.00566268951286941,0.000988440386498));
#2468=CARTESIAN_POINT('',(0.00582654196411619,0.00564999825507387,0.000880409475974489));
#2469=CARTESIAN_POINT('',(0.00589988660000014,0.00564999825507387,0.000774708321516576));
#2470=CARTESIAN_POINT('',(0.00524988660000014,0.00629999825507387,0.000774708321516576));
#2471=CARTESIAN_POINT('',(0.00524988660000014,0.00629999825507387,0.000774708321516576));
#2472=VECTOR('',#2890,1.0);
#2473=AXIS2_PLACEMENT_3D('',#2891,#2892,#2893);
#2474=COLOUR_RGB('',0.560784339904785,0.686274528503418,0.560784339904785);
#2475=CARTESIAN_POINT('',(0.00654988660000014,0.00629999825507387,0.000774708321516576));
#2476=AXIS2_PLACEMENT_3D('',#2894,#2895,#2896);
#2477=AXIS2_PLACEMENT_3D('',#2897,#2898,#2899);
#2478=COLOUR_RGB('',0.560784339904785,0.686274528503418,0.560784339904785);
#2479=CARTESIAN_POINT('',(0.00654988660000014,0.00699999825507408,0.00212470832151679));
#2480=CARTESIAN_POINT('',(0.00524988660000014,0.00699999825507408,0.00212470832151679));
#2481=CARTESIAN_POINT('',(0.00589988660000014,0.00699999825507408,0.00212470832151679));
#2482=VECTOR('',#2900,1.0);
#2483=CARTESIAN_POINT('',(0.00654988660000014,0.00699999825507408,0.000774708321516576));
#2484=CARTESIAN_POINT('',(0.00654988660000014,0.00699999825507408,0.000774708321516576));
#2485=VECTOR('',#2901,1.0);
#2486=CARTESIAN_POINT('',(0.00524988660000014,0.00699999825507408,0.000774708321516576));
#2487=CARTESIAN_POINT('',(0.00589988660000014,0.00699999825507408,0.000774708321516576));
#2488=VECTOR('',#2902,1.0);
#2489=CARTESIAN_POINT('',(0.00524988660000014,0.00699999825507408,0.000774708321516576));
#2490=VECTOR('',#2903,1.0);
#2491=COLOUR_RGB('',0.560784339904785,0.686274528503418,0.560784339904785);
#2492=CARTESIAN_POINT('',(0.00654988660000014,0.00629999825507387,0.00192904795957821));
#2493=CARTESIAN_POINT('',(0.00589988660000014,0.00564999825507387,0.000774708321516576));
#2494=CARTESIAN_POINT('',(0.00604606121344407,0.00564999825507387,0.000985368927544062));
#2495=CARTESIAN_POINT('',(0.00619493407317531,0.00569835287428177,0.00119867093260743));
#2496=CARTESIAN_POINT('',(0.00638156989121565,0.0058560233110974,0.00150045109674139));
#2497=CARTESIAN_POINT('',(0.00643751652566754,0.00592298674163144,0.00159789151219026));
#2498=CARTESIAN_POINT('',(0.00652178381522225,0.00608922000206784,0.00177873388859474));
#2499=CARTESIAN_POINT('',(0.00654988660000014,0.00618929336678409,0.0018619157055624));
#2500=CARTESIAN_POINT('',(0.00654988660000014,0.00629999825507387,0.00192904795957821));
#2501=AXIS2_PLACEMENT_3D('',#2904,#2905,#2906);
#2502=AXIS2_PLACEMENT_3D('',#2907,#2908,#2909);
#2503=COLOUR_RGB('',0.560784339904785,0.686274528503418,0.560784339904785);
#2504=CARTESIAN_POINT('',(0.00524988660000014,0.00564999825507387,0.000774708321516576));
#2505=VECTOR('',#2910,1.0);
#2506=COLOUR_RGB('',0.560784339904785,0.686274528503418,0.560784339904785);
#2507=CARTESIAN_POINT('',(0.00654988660000014,0.00629999825507387,0.000774708321516576));
#2508=VECTOR('',#2911,1.0);
#2509=CARTESIAN_POINT('',(0.00654988660000014,0.00564999825507387,0.000774708321516576));
#2510=VECTOR('',#2912,1.0);
#2511=COLOUR_RGB('',0.560784339904785,0.686274528503418,0.560784339904785);
#2512=COLOUR_RGB('',0.560784339904785,0.686274528503418,0.560784339904785);
#2513=COLOUR_RGB('',0.560784339904785,0.686274528503418,0.560784339904785);
#2514=COLOUR_RGB('',0.560784339904785,0.686274528503418,0.560784339904785);
#2515=CARTESIAN_POINT('',(0.00649988660000014,0.00604999825507387,-0.00177529167848331));
#2516=CARTESIAN_POINT('',(0.00649988660000013,0.00604999825507387,-0.00257529167848331));
#2517=CARTESIAN_POINT('',(0.00649988660000014,0.00604999825507387,-0.00177529167848331));
#2518=CARTESIAN_POINT('',(0.00660771539944913,0.00604999825507387,-0.00177529167848331));
#2519=CARTESIAN_POINT('',(0.00671420783610434,0.00604999825507387,-0.00181392555439447));
#2520=CARTESIAN_POINT('',(0.00687246354889689,0.00604999825507387,-0.00196099960143818));
#2521=CARTESIAN_POINT('',(0.00691957669346523,0.00604999825507387,-0.00206626741292517));
#2522=CARTESIAN_POINT('',(0.00691980388704602,0.00604999825507387,-0.00228350333520089));
#2523=CARTESIAN_POINT('',(0.00687236088935098,0.00604999825507387,-0.00238931974008307));
#2524=CARTESIAN_POINT('',(0.00671575628698906,0.00604999825507387,-0.00253557488096829));
#2525=CARTESIAN_POINT('',(0.00660746771036308,0.00604999825507387,-0.00257529167848332));
#2526=CARTESIAN_POINT('',(0.00649988660000013,0.00604999825507387,-0.00257529167848332));
#2527=CARTESIAN_POINT('',(0.00529988660000014,0.00604999825507387,-0.00177529167848331));
#2528=AXIS2_PLACEMENT_3D('',#2913,#2914,#2915);
#2529=CARTESIAN_POINT('',(0.00529988660000014,0.00604999825507387,-0.00257529167848331));
#2530=CARTESIAN_POINT('',(0.00529988660000014,0.00604999825507387,-0.00177529167848331));
#2531=CARTESIAN_POINT('',(0.00519205780055114,0.00604999825507387,-0.00177529167848331));
#2532=CARTESIAN_POINT('',(0.00508556536389594,0.00604999825507387,-0.00181392555439447));
#2533=CARTESIAN_POINT('',(0.00492730965110339,0.00604999825507387,-0.00196099960143817));
#2534=CARTESIAN_POINT('',(0.00488019650653505,0.00604999825507387,-0.00206626741292517));
#2535=CARTESIAN_POINT('',(0.00487996931295426,0.00604999825507388,-0.00228350333520089));
#2536=CARTESIAN_POINT('',(0.0049274123106493,0.00604999825507387,-0.00238931974008307));
#2537=CARTESIAN_POINT('',(0.00508401691301122,0.00604999825507387,-0.00253557488096829));
#2538=CARTESIAN_POINT('',(0.0051923054896372,0.00604999825507387,-0.00257529167848332));
#2539=CARTESIAN_POINT('',(0.00529988660000014,0.00604999825507387,-0.00257529167848332));
#2540=AXIS2_PLACEMENT_3D('',#2916,#2917,#2918);
#2541=COLOUR_RGB('',0.560784339904785,0.686274528503418,0.560784339904785);
#2542=CARTESIAN_POINT('',(0.00649988660000014,0.00654999825507387,-0.00177529167848331));
#2543=CARTESIAN_POINT('',(0.00529988660000014,0.00654999825507387,-0.00177529167848331));
#2544=AXIS2_PLACEMENT_3D('',#2919,#2920,#2921);
#2545=CARTESIAN_POINT('',(0.00649988660000014,0.00654999825507387,-0.00257529167848331));
#2546=CARTESIAN_POINT('',(0.00649988660000014,0.00654999825507387,-0.00257529167848332));
#2547=CARTESIAN_POINT('',(0.00660771539944931,0.00654999825507387,-0.00257529167848331));
#2548=CARTESIAN_POINT('',(0.00671420783610421,0.00654999825507387,-0.00253665780257227));
#2549=CARTESIAN_POINT('',(0.00687246354889697,0.00654999825507387,-0.00238958375552839));
#2550=CARTESIAN_POINT('',(0.00691957669346522,0.00654999825507387,-0.00228431594404148));
#2551=CARTESIAN_POINT('',(0.00691980388704602,0.00654999825507388,-0.00206708002176576));
#2552=CARTESIAN_POINT('',(0.00687236088935099,0.00654999825507387,-0.00196126361688357));
#2553=CARTESIAN_POINT('',(0.00671575628698907,0.00654999825507388,-0.00181500847599834));
#2554=CARTESIAN_POINT('',(0.00660746771036309,0.00654999825507387,-0.00177529167848331));
#2555=CARTESIAN_POINT('',(0.00649988660000014,0.00654999825507387,-0.00177529167848331));
#2556=CARTESIAN_POINT('',(0.00529988660000017,0.00654999825507387,-0.00257529167848331));
#2557=AXIS2_PLACEMENT_3D('',#2922,#2923,#2924);
#2558=CARTESIAN_POINT('',(0.00529988660000017,0.00654999825507387,-0.00257529167848332));
#2559=CARTESIAN_POINT('',(0.00519205780055099,0.00654999825507387,-0.00257529167848332));
#2560=CARTESIAN_POINT('',(0.00508556536389609,0.00654999825507387,-0.00253665780257228));
#2561=CARTESIAN_POINT('',(0.00492730965110332,0.00654999825507387,-0.00238958375552841));
#2562=CARTESIAN_POINT('',(0.00488019650653506,0.00654999825507387,-0.0022843159440415));
#2563=CARTESIAN_POINT('',(0.00487996931295426,0.00654999825507387,-0.00206708002176577));
#2564=CARTESIAN_POINT('',(0.00492741231064928,0.00654999825507387,-0.00196126361688358));
#2565=CARTESIAN_POINT('',(0.00508401691301121,0.00654999825507387,-0.00181500847599834));
#2566=CARTESIAN_POINT('',(0.00519230548963719,0.00654999825507387,-0.00177529167848331));
#2567=CARTESIAN_POINT('',(0.00529988660000014,0.00654999825507387,-0.00177529167848331));
#2568=COLOUR_RGB('',0.560784339904785,0.686274528503418,0.560784339904785);
#2569=CARTESIAN_POINT('',(0.00654988660000014,0.00629999825507388,-0.000175291678483314));
#2570=CARTESIAN_POINT('',(0.00654988660000014,0.00629999825507387,0.000774708321516576));
#2571=CARTESIAN_POINT('',(0.00654988660000014,0.00629999825507387,-0.000175291678483314));
#2572=VECTOR('',#2925,1.0);
#2573=CARTESIAN_POINT('',(0.00524988660000014,0.00629999825507387,0.000774708321516576));
#2574=AXIS2_PLACEMENT_3D('',#2926,#2927,#2928);
#2575=CARTESIAN_POINT('',(0.00524988660000014,0.00629999825507387,-0.000175291678483314));
#2576=CARTESIAN_POINT('',(0.00524988660000014,0.00629999825507387,-0.000175291678483314));
#2577=VECTOR('',#2929,1.0);
#2578=AXIS2_PLACEMENT_3D('',#2930,#2931,#2932);
#2579=CARTESIAN_POINT('',(0.00529988660000014,0.00604999825507387,-0.000975291678483313));
#2580=CARTESIAN_POINT('',(0.00529988660000014,0.00604999825507387,-0.0012052916784833));
#2581=VECTOR('',#2933,1.0);
#2582=CARTESIAN_POINT('',(0.00649988660000014,0.00604999825507387,-0.000975291678483313));
#2583=CARTESIAN_POINT('',(0.00649988660000014,0.00604999825507387,-0.0012052916784833));
#2584=VECTOR('',#2934,1.0);
#2585=CARTESIAN_POINT('',(0.00649988660000014,0.00654999825507387,-0.000975291678483313));
#2586=AXIS2_PLACEMENT_3D('',#2935,#2936,#2937);
#2587=CARTESIAN_POINT('',(0.00649988660000014,0.00654999825507387,-0.0012052916784833));
#2588=VECTOR('',#2938,1.0);
#2589=CARTESIAN_POINT('',(0.00529988660000014,0.00654999825507387,-0.000975291678483313));
#2590=CARTESIAN_POINT('',(0.00529988660000014,0.00654999825507387,-0.0012052916784833));
#2591=VECTOR('',#2939,1.0);
#2592=AXIS2_PLACEMENT_3D('',#2940,#2941,#2942);
#2593=COLOUR_RGB('',0.560784339904785,0.686274528503418,0.560784339904785);
#2594=CARTESIAN_POINT('',(0.00589988660000014,0.00654999825507387,-0.00257529167848331));
#2595=VECTOR('',#2943,1.0);
#2596=COLOUR_RGB('',0.560784339904785,0.686274528503418,0.560784339904785);
#2597=CARTESIAN_POINT('',(0.00524988660000014,0.00699999825507408,-0.000175291678483314));
#2598=CARTESIAN_POINT('',(0.00524988660000014,0.00629999825507387,-0.000175291678483314));
#2599=VECTOR('',#2944,1.0);
#2600=CARTESIAN_POINT('',(0.00654988660000014,0.00699999825507409,-0.000175291678483314));
#2601=CARTESIAN_POINT('',(5.78164821574134E-10,0.00699999825507404,-0.000175291678483314));
#2602=VECTOR('',#2945,1.0);
#2603=CARTESIAN_POINT('',(0.00654988660000014,0.00629999825507387,-0.000175291678483314));
#2604=VECTOR('',#2946,1.0);
#2605=COLOUR_RGB('',0.560784339904785,0.686274528503418,0.560784339904785);
#2606=CARTESIAN_POINT('',(0.00524988660000014,0.00699999825507408,0.000774708321516576));
#2607=CARTESIAN_POINT('',(0.00524988660000014,0.00699999825507408,-0.000175291678483314));
#2608=VECTOR('',#2947,1.0);
#2609=CARTESIAN_POINT('',(0.00654988660000014,0.00699999825507409,0.000774708321516576));
#2610=CARTESIAN_POINT('',(0.00524988660000014,0.00699999825507408,0.000774708321516576));
#2611=VECTOR('',#2948,1.0);
#2612=CARTESIAN_POINT('',(0.00654988660000014,0.00699999825507409,-0.000175291678483314));
#2613=VECTOR('',#2949,1.0);
#2614=COLOUR_RGB('',0.560784339904785,0.686274528503418,0.560784339904785);
#2615=AXIS2_PLACEMENT_3D('',#2950,#2951,#2952);
#2616=COLOUR_RGB('',0.560784339904785,0.686274528503418,0.560784339904785);
#2617=CARTESIAN_POINT('',(0.00589988660000014,0.00604999825507387,-0.000975291678483313));
#2618=VECTOR('',#2953,1.0);
#2619=CARTESIAN_POINT('',(0.00089988660000014,0.00604999825507387,-0.00257529167848331));
#2620=VECTOR('',#2954,1.0);
#2621=COLOUR_RGB('',0.560784339904785,0.686274528503418,0.560784339904785);
#2622=CARTESIAN_POINT('',(0.00589988660000014,0.00654999825507387,-0.000975291678483313));
#2623=VECTOR('',#2955,1.0);
#2624=COLOUR_RGB('',0.560784339904785,0.686274528503418,0.560784339904785);
#2625=COLOUR_RGB('',0.560784339904785,0.686274528503418,0.560784339904785);
#2626=CARTESIAN_POINT('',(0.00524988660000015,0.00564999825507397,0.000774708321516576));
#2627=VECTOR('',#2956,1.0);
#2628=COLOUR_RGB('',0.560784339904785,0.686274528503418,0.560784339904785);
#2629=CARTESIAN_POINT('',(0.00654988660000014,0.00629999825507387,0.000774708321516576));
#2630=VECTOR('',#2957,1.0);
#2631=COLOUR_RGB('',0.560784339904785,0.686274528503418,0.560784339904785);
#2632=COLOUR_RGB('',0.560784339904785,0.686274528503418,0.560784339904785);
#2633=COLOUR_RGB('',0.560784339904785,0.686274528503418,0.560784339904785);
#2634=COLOUR_RGB('',0.560784339904785,0.686274528503418,0.560784339904785);
#2635=CARTESIAN_POINT('',(-0.0077249994218352,0.00439999825507396,-0.00297529167848331));
#2636=CARTESIAN_POINT('',(-0.00832499942183519,0.00439999825507396,-0.00237529167848331));
#2637=AXIS2_PLACEMENT_3D('',#2958,#2959,#2960);
#2638=CARTESIAN_POINT('',(-0.0077249994218352,0.00259999825507396,-0.00297529167848331));
#2639=CARTESIAN_POINT('',(-0.0077249994218352,0.00439999825507396,-0.00297529167848331));
#2640=VECTOR('',#2961,1.0);
#2641=CARTESIAN_POINT('',(-0.00832499942183519,0.00259999825507396,-0.00237529167848331));
#2642=AXIS2_PLACEMENT_3D('',#2962,#2963,#2964);
#2643=CARTESIAN_POINT('',(-0.00832499942183519,0.00249999825507396,-0.00237529167848331));
#2644=VECTOR('',#2965,1.0);
#2645=COLOUR_RGB('',0.560784339904785,0.686274528503418,0.560784339904785);
#2646=CARTESIAN_POINT('',(-0.00672499942183519,0.00259999825507396,0.0));
#2647=CARTESIAN_POINT('',(-0.00672499942183519,0.00439999825507396,0.0));
#2648=CARTESIAN_POINT('',(-0.00672499942183519,0.00649999825507396,0.0));
#2649=VECTOR('',#2966,1.0);
#2650=CARTESIAN_POINT('',(-0.00832499942183519,0.00439999825507396,0.0));
#2651=CARTESIAN_POINT('',(-0.00842499942183519,0.00439999825507396,0.0));
#2652=VECTOR('',#2967,1.0);
#2653=CARTESIAN_POINT('',(-0.00832499942183519,0.00259999825507396,0.0));
#2654=CARTESIAN_POINT('',(-0.00832499942183519,0.00249999825507396,0.0));
#2655=VECTOR('',#2968,1.0);
#2656=CARTESIAN_POINT('',(-0.00612499942183519,0.00259999825507396,0.0));
#2657=VECTOR('',#2969,1.0);
#2658=COLOUR_RGB('',0.560784339904785,0.686274528503418,0.560784339904785);
#2659=CARTESIAN_POINT('',(-0.00672499942183519,0.00439999825507396,-0.00297529167848331));
#2660=CARTESIAN_POINT('',(-0.00672499942183519,0.00439999825507396,0.0));
#2661=VECTOR('',#2970,1.0);
#2662=CARTESIAN_POINT('',(-0.00672499942183519,0.00259999825507396,-0.00297529167848331));
#2663=CARTESIAN_POINT('',(-0.00672499942183519,0.00259999825507396,0.0));
#2664=VECTOR('',#2971,1.0);
#2665=CARTESIAN_POINT('',(-0.00672499942183519,0.00649999825507396,-0.00297529167848331));
#2666=VECTOR('',#2972,1.0);
#2667=COLOUR_RGB('',0.560784339904785,0.686274528503418,0.560784339904785);
#2668=CARTESIAN_POINT('',(-0.00842499942183519,0.00439999825507396,-0.00297529167848331));
#2669=VECTOR('',#2973,1.0);
#2670=CARTESIAN_POINT('',(-0.00832499942183519,0.00439999825507396,0.0));
#2671=VECTOR('',#2974,1.0);
#2672=COLOUR_RGB('',0.560784339904785,0.686274528503418,0.560784339904785);
#2673=CARTESIAN_POINT('',(-0.00832499942183519,0.00259999825507396,0.0));
#2674=VECTOR('',#2975,1.0);
#2675=COLOUR_RGB('',0.560784339904785,0.686274528503418,0.560784339904785);
#2676=CARTESIAN_POINT('',(-0.00612499942183519,0.00259999825507396,-0.00297529167848331));
#2677=VECTOR('',#2976,1.0);
#2678=COLOUR_RGB('',0.560784339904785,0.686274528503418,0.560784339904785);
#2679=COLOUR_RGB('',0.560784339904785,0.686274528503418,0.560784339904785);
#2680=COLOUR_RGB('',0.560784339904785,0.686274528503418,0.560784339904785);
#2681=CARTESIAN_POINT('',(-0.00842499942183518,-0.00260000174492604,0.0021247083215167));
#2682=CARTESIAN_POINT('',(-0.00842499942183516,-0.00440000174492604,0.00212470832151671));
#2683=CARTESIAN_POINT('',(-0.00842499942183518,-0.00250000174492604,0.0021247083215167));
#2684=VECTOR('',#2977,1.0);
#2685=CARTESIAN_POINT('',(-0.00842499942183517,-0.00260000174492604,2.16840434497098E-19));
#2686=CARTESIAN_POINT('',(-0.00842499942183517,-0.00260000174492604,2.16840434497101E-19));
#2687=VECTOR('',#2978,1.0);
#2688=CARTESIAN_POINT('',(-0.00842499942183516,-0.00440000174492604,0.0));
#2689=CARTESIAN_POINT('',(-0.00842499942183519,-1.74492604444894E-09,0.0));
#2690=VECTOR('',#2979,1.0);
#2691=CARTESIAN_POINT('',(-0.00842499942183516,-0.00440000174492604,0.0022247083215167));
#2692=VECTOR('',#2980,1.0);
#2693=COLOUR_RGB('',0.560784339904785,0.686274528503418,0.560784339904785);
#2694=CARTESIAN_POINT('',(-0.00832499942183518,-0.00440000174492604,0.00212470832151671));
#2695=CARTESIAN_POINT('',(-0.00842499942183516,-0.00440000174492604,0.00212470832151671));
#2696=VECTOR('',#2981,1.0);
#2697=CARTESIAN_POINT('',(-0.0083249994218352,-0.00260000174492604,0.00212470832151671));
#2698=CARTESIAN_POINT('',(-0.0083249994218352,-0.00250000174492604,0.0021247083215167));
#2699=VECTOR('',#2982,1.0);
#2700=CARTESIAN_POINT('',(-0.00842499942183517,-0.00260000174492604,0.00212470832151671));
#2701=VECTOR('',#2983,1.0);
#2702=COLOUR_RGB('',0.560784339904785,0.686274528503418,0.560784339904785);
#2703=CARTESIAN_POINT('',(-0.00672499942183519,-0.00440000174492603,-1.92592994438724E-34));
#2704=CARTESIAN_POINT('',(-0.00840924042559818,-0.00440000174492604,0.00223657554758431));
#2705=VECTOR('',#2984,1.0);
#2706=CARTESIAN_POINT('',(-0.0067249994218352,-0.00260000174492603,-2.40741243048404E-35));
#2707=CARTESIAN_POINT('',(-0.00672499942183519,-0.00450000174492603,-2.16667118743564E-34));
#2708=VECTOR('',#2985,1.0);
#2709=CARTESIAN_POINT('',(-0.00734017653224603,-0.00260000174492604,0.000816919953560307));
#2710=VECTOR('',#2986,1.0);
#2711=COLOUR_RGB('',0.560784339904785,0.686274528503418,0.560784339904785);
#2712=CARTESIAN_POINT('',(-0.0067249994218352,-0.00260000174492603,-6.59288177727378E-35));
#2713=VECTOR('',#2987,1.0);
#2714=COLOUR_RGB('',0.560784339904785,0.686274528503418,0.560784339904785);
#2715=CARTESIAN_POINT('',(-0.00842499942183516,-0.00440000174492604,0.0));
#2716=VECTOR('',#2988,1.0);
#2717=COLOUR_RGB('',0.560784339904785,0.686274528503418,0.560784339904785);
#2718=COLOUR_RGB('',0.560784339904785,0.686274528503418,0.560784339904785);
#2719=COLOUR_RGB('',0.560784339904785,0.686274528503418,0.560784339904785);
#2720=CARTESIAN_POINT('',(-0.00842499942183518,0.00439999825507395,0.0021247083215167));
#2721=CARTESIAN_POINT('',(-0.00842499942183516,0.00259999825507395,0.0021247083215167));
#2722=CARTESIAN_POINT('',(-0.00842499942183518,0.00449999825507395,0.0021247083215167));
#2723=VECTOR('',#2989,1.0);
#2724=CARTESIAN_POINT('',(-0.00842499942183517,0.00439999825507395,-2.19074531174048E-33));
#2725=CARTESIAN_POINT('',(-0.00842499942183517,0.00439999825507395,0.0));
#2726=VECTOR('',#2990,1.0);
#2727=CARTESIAN_POINT('',(-0.00842499942183516,0.00259999825507395,-4.33680868994202E-19));
#2728=CARTESIAN_POINT('',(-0.00842499942183519,0.00699999825507395,-4.33680868994202E-19));
#2729=VECTOR('',#2991,1.0);
#2730=CARTESIAN_POINT('',(-0.00842499942183516,0.00259999825507395,0.0022247083215167));
#2731=VECTOR('',#2992,1.0);
#2732=COLOUR_RGB('',0.560784339904785,0.686274528503418,0.560784339904785);
#2733=CARTESIAN_POINT('',(-0.00832499942183519,0.00259999825507395,0.0021247083215167));
#2734=CARTESIAN_POINT('',(-0.00842499942183516,0.00259999825507395,0.0021247083215167));
#2735=VECTOR('',#2993,1.0);
#2736=CARTESIAN_POINT('',(-0.0083249994218352,0.00439999825507395,0.0021247083215167));
#2737=CARTESIAN_POINT('',(-0.0083249994218352,0.00449999825507395,0.0021247083215167));
#2738=VECTOR('',#2994,1.0);
#2739=CARTESIAN_POINT('',(-0.00842499942183517,0.00439999825507395,0.0021247083215167));
#2740=VECTOR('',#2995,1.0);
#2741=COLOUR_RGB('',0.560784339904785,0.686274528503418,0.560784339904785);
#2742=CARTESIAN_POINT('',(-0.00672499942183519,0.00259999825507396,-2.16840434497101E-19));
#2743=CARTESIAN_POINT('',(-0.00840924042559819,0.00259999825507395,0.00223657554758431));
#2744=VECTOR('',#2996,1.0);
#2745=CARTESIAN_POINT('',(-0.0067249994218352,0.00439999825507396,-2.16840434497101E-19));
#2746=CARTESIAN_POINT('',(-0.00672499942183519,0.00249999825507396,-2.16840434497101E-19));
#2747=VECTOR('',#2997,1.0);
#2748=CARTESIAN_POINT('',(-0.00734017653224603,0.00439999825507396,0.000816919953560307));
#2749=VECTOR('',#2998,1.0);
#2750=COLOUR_RGB('',0.560784339904785,0.686274528503418,0.560784339904785);
#2751=CARTESIAN_POINT('',(-0.0067249994218352,0.00439999825507396,-2.16840434497101E-19));
#2752=VECTOR('',#2999,1.0);
#2753=COLOUR_RGB('',0.560784339904785,0.686274528503418,0.560784339904785);
#2754=CARTESIAN_POINT('',(-0.00842499942183516,0.00259999825507395,-4.33680868994202E-19));
#2755=VECTOR('',#3000,1.0);
#2756=COLOUR_RGB('',0.560784339904785,0.686274528503418,0.560784339904785);
#2757=COLOUR_RGB('',0.560784339904785,0.686274528503418,0.560784339904785);
#2758=COLOUR_RGB('',0.560784339904785,0.686274528503418,0.560784339904785);
#2759=CARTESIAN_POINT('',(-0.00732499942183519,0.00259999825507396,-0.00237529167848331));
#2760=AXIS2_PLACEMENT_3D('',#3001,#3002,#3003);
#2761=CARTESIAN_POINT('',(-0.00732499942183519,0.00439999825507396,-0.00237529167848331));
#2762=AXIS2_PLACEMENT_3D('',#3004,#3005,#3006);
#2763=COLOUR_RGB('',0.560784339904785,0.686274528503418,0.560784339904785);
#2764=COLOUR_RGB('',0.560784339904785,0.686274528503418,0.560784339904785);
#2765=COLOUR_RGB('',0.560784339904785,0.686274528503418,0.560784339904785);
#2766=COLOUR_RGB('',0.560784339904785,0.686274528503418,0.560784339904785);
#2767=CARTESIAN_POINT('',(-0.0077249994218352,-0.00260000174492604,-0.00297529167848331));
#2768=CARTESIAN_POINT('',(-0.00832499942183519,-0.00260000174492604,-0.00237529167848331));
#2769=AXIS2_PLACEMENT_3D('',#3007,#3008,#3009);
#2770=CARTESIAN_POINT('',(-0.0077249994218352,-0.00440000174492603,-0.00297529167848331));
#2771=CARTESIAN_POINT('',(-0.0077249994218352,-0.00260000174492604,-0.00297529167848331));
#2772=VECTOR('',#3010,1.0);
#2773=CARTESIAN_POINT('',(-0.00832499942183519,-0.00440000174492603,-0.00237529167848331));
#2774=AXIS2_PLACEMENT_3D('',#3011,#3012,#3013);
#2775=CARTESIAN_POINT('',(-0.00832499942183519,-0.00450000174492603,-0.00237529167848331));
#2776=VECTOR('',#3014,1.0);
#2777=COLOUR_RGB('',0.560784339904785,0.686274528503418,0.560784339904785);
#2778=CARTESIAN_POINT('',(-0.00672499942183519,-0.00440000174492603,0.0));
#2779=CARTESIAN_POINT('',(-0.00672499942183519,-0.00260000174492604,0.0));
#2780=CARTESIAN_POINT('',(-0.00672499942183519,-0.000500001744926036,0.0));
#2781=VECTOR('',#3015,1.0);
#2782=CARTESIAN_POINT('',(-0.00832499942183519,-0.00260000174492604,0.0));
#2783=CARTESIAN_POINT('',(-0.00842499942183519,-0.00260000174492604,0.0));
#2784=VECTOR('',#3016,1.0);
#2785=CARTESIAN_POINT('',(-0.00832499942183519,-0.00440000174492603,0.0));
#2786=CARTESIAN_POINT('',(-0.00832499942183519,-0.00450000174492603,0.0));
#2787=VECTOR('',#3017,1.0);
#2788=CARTESIAN_POINT('',(-0.00612499942183519,-0.00440000174492603,0.0));
#2789=VECTOR('',#3018,1.0);
#2790=COLOUR_RGB('',0.560784339904785,0.686274528503418,0.560784339904785);
#2791=CARTESIAN_POINT('',(-0.00672499942183519,-0.00260000174492604,-0.00297529167848331));
#2792=CARTESIAN_POINT('',(-0.00672499942183519,-0.00260000174492604,0.0));
#2793=VECTOR('',#3019,1.0);
#2794=CARTESIAN_POINT('',(-0.00672499942183519,-0.00440000174492603,-0.00297529167848331));
#2795=CARTESIAN_POINT('',(-0.00672499942183519,-0.00440000174492603,0.0));
#2796=VECTOR('',#3020,1.0);
#2797=CARTESIAN_POINT('',(-0.00672499942183519,-0.000500001744926036,-0.00297529167848331));
#2798=VECTOR('',#3021,1.0);
#2799=COLOUR_RGB('',0.560784339904785,0.686274528503418,0.560784339904785);
#2800=CARTESIAN_POINT('',(-0.00842499942183519,-0.00260000174492604,-0.00297529167848331));
#2801=VECTOR('',#3022,1.0);
#2802=CARTESIAN_POINT('',(-0.00832499942183519,-0.00260000174492604,0.0));
#2803=VECTOR('',#3023,1.0);
#2804=COLOUR_RGB('',0.560784339904785,0.686274528503418,0.560784339904785);
#2805=CARTESIAN_POINT('',(-0.00832499942183519,-0.00440000174492603,0.0));
#2806=VECTOR('',#3024,1.0);
#2807=COLOUR_RGB('',0.560784339904785,0.686274528503418,0.560784339904785);
#2808=CARTESIAN_POINT('',(-0.00612499942183519,-0.00440000174492603,-0.00297529167848331));
#2809=VECTOR('',#3025,1.0);
#2810=COLOUR_RGB('',0.560784339904785,0.686274528503418,0.560784339904785);
#2811=COLOUR_RGB('',0.560784339904785,0.686274528503418,0.560784339904785);
#2812=COLOUR_RGB('',0.560784339904785,0.686274528503418,0.560784339904785);
#2813=CARTESIAN_POINT('',(-0.00732499942183519,-0.00440000174492603,-0.00237529167848331));
#2814=AXIS2_PLACEMENT_3D('',#3026,#3027,#3028);
#2815=CARTESIAN_POINT('',(-0.00732499942183519,-0.00260000174492604,-0.00237529167848331));
#2816=AXIS2_PLACEMENT_3D('',#3029,#3030,#3031);
#2817=COLOUR_RGB('',0.560784339904785,0.686274528503418,0.560784339904785);
#2818=COLOUR_RGB('',0.560784339904785,0.686274528503418,0.560784339904785);
#2819=COLOUR_RGB('',0.560784339904785,0.686274528503418,0.560784339904785);
#2820=DIRECTION('',(0.707106781186543,0.707106781186552,-1.57009245868378E-16));
#2821=DIRECTION('',(1.0,7.45237205279636E-15,-2.77555756156304E-17));
#2822=DIRECTION('',(-7.40379979546901E-15,1.0,-1.94289029309402E-16));
#2823=DIRECTION('',(-0.707106781186556,0.707106781186539,-1.17756934401281E-16));
#2824=DIRECTION('',(-7.40379979546901E-15,1.0,-1.94289029309402E-16));
#2825=DIRECTION('',(-1.0,-7.45237205279636E-15,2.77555756156304E-17));
#2826=DIRECTION('',(7.40379979546901E-15,-1.0,1.94289029309402E-16));
#2827=DIRECTION('',(1.0,7.45237205279636E-15,-2.77555756156304E-17));
#2828=DIRECTION('',(0.707106781186556,-0.707106781186539,1.17756934401281E-16));
#2829=DIRECTION('',(5.55111512312578E-17,1.94289029309402E-16,1.0));
#2830=DIRECTION('',(-1.0,-7.3448191972858E-15,1.38777878078145E-17));
#2831=DIRECTION('',(5.55111512312578E-17,1.94289029309402E-16,1.0));
#2832=DIRECTION('',(-1.0,-7.45237205279636E-15,0.0));
#2833=DIRECTION('',(-0.707106781186539,-0.707106781186556,1.57009245868379E-16));
#2834=DIRECTION('',(-1.0,-7.45237205279636E-15,2.77555756156304E-17));
#2835=DIRECTION('',(7.40379979546901E-15,-1.0,1.94289029309402E-16));
#2836=DIRECTION('',(1.38777878078134E-17,1.38777878078145E-16,1.0));
#2837=DIRECTION('',(1.38777878078134E-17,1.38777878078145E-16,1.0));
#2838=DIRECTION('',(-1.0,-7.3448191972858E-15,1.38777878078145E-17));
#2839=DIRECTION('',(1.38777878078134E-17,1.38777878078145E-16,1.0));
#2840=DIRECTION('',(-1.38777878078134E-17,-1.38777878078145E-16,-1.0));
#2841=DIRECTION('',(1.0,7.45237205279636E-15,0.0));
#2842=DIRECTION('',(4.16333634234434E-17,1.38777878078145E-16,1.0));
#2843=DIRECTION('',(1.0,-3.81639164714898E-17,-4.16333634234434E-17));
#2844=DIRECTION('',(4.16333634234434E-17,1.38777878078145E-16,1.0));
#2845=DIRECTION('',(1.0,-3.81639164714898E-17,-4.16333634234434E-17));
#2846=DIRECTION('',(-5.55111512312578E-17,-1.94289029309402E-16,-1.0));
#2847=DIRECTION('',(7.39686090156511E-15,-1.0,1.38777878078145E-16));
#2848=DIRECTION('',(7.40379979546901E-15,-1.0,0.0));
#2849=DIRECTION('',(1.38777878078134E-17,1.38777878078145E-16,1.0));
#2850=DIRECTION('',(7.39686090156511E-15,-1.0,1.38777878078145E-16));
#2851=DIRECTION('',(1.38777878078134E-17,1.38777878078145E-16,1.0));
#2852=DIRECTION('',(-1.38777878078134E-17,-1.38777878078145E-16,-1.0));
#2853=DIRECTION('',(-7.40379979546901E-15,1.0,0.0));
#2854=DIRECTION('',(-7.39686090156511E-15,1.0,-1.38777878078145E-16));
#2855=DIRECTION('',(5.55111512312578E-17,1.94289029309402E-16,1.0));
#2856=DIRECTION('',(-7.40379979546901E-15,1.0,0.0));
#2857=DIRECTION('',(1.0,7.3448191972858E-15,-1.38777878078145E-17));
#2858=DIRECTION('',(1.0,7.45237205279636E-15,0.0));
#2859=DIRECTION('',(1.38777878078134E-17,1.38777878078145E-16,1.0));
#2860=DIRECTION('',(1.0,7.3448191972858E-15,-1.38777878078145E-17));
#2861=DIRECTION('',(1.38777878078134E-17,1.38777878078145E-16,1.0));
#2862=DIRECTION('',(-1.38777878078134E-17,-1.38777878078145E-16,-1.0));
#2863=DIRECTION('',(-1.0,-7.45237205279636E-15,0.0));
#2864=DIRECTION('',(-1.0,-7.45237205279636E-15,0.0));
#2865=DIRECTION('',(-1.0,-7.45237205279636E-15,0.0));
#2866=DIRECTION('',(4.16333634234434E-17,1.38777878078145E-16,1.0));
#2867=DIRECTION('',(-1.0,3.81639164714898E-17,4.16333634234434E-17));
#2868=DIRECTION('',(4.16333634234434E-17,1.38777878078145E-16,1.0));
#2869=DIRECTION('',(-1.0,3.81639164714898E-17,4.16333634234434E-17));
#2870=DIRECTION('',(1.38777878078134E-17,1.38777878078145E-16,1.0));
#2871=DIRECTION('',(-7.39686090156511E-15,1.0,-1.38777878078145E-16));
#2872=DIRECTION('',(-1.38777878078134E-17,-1.38777878078145E-16,-1.0));
#2873=DIRECTION('',(7.40379979546901E-15,-1.0,0.0));
#2874=DIRECTION('',(0.707106781186539,0.707106781186556,-0.0));
#2875=DIRECTION('',(0.707106781186556,-0.707106781186539,0.0));
#2876=DIRECTION('',(-0.707106781186543,-0.707106781186552,0.0));
#2877=DIRECTION('',(-0.707106781186556,0.707106781186539,0.0));
#2878=CARTESIAN_POINT('',(0.00135000057816485,-0.00695000174492593,0.00362470832151668));
#2879=DIRECTION('',(1.0,-3.81639164714898E-17,-4.16333634234434E-17));
#2880=DIRECTION('',(-4.16333634234434E-17,0.0,-1.0));
#2881=CARTESIAN_POINT('',(-0.00134999942183515,-0.00695000174492593,0.00362470832151668));
#2882=DIRECTION('',(1.0,-3.81639164714898E-17,-4.16333634234434E-17));
#2883=DIRECTION('',(-4.16333634234434E-17,0.0,-1.0));
#2884=CARTESIAN_POINT('',(-0.00134999942183515,0.00694999825507394,0.00362470832151668));
#2885=DIRECTION('',(-1.0,3.81639164714898E-17,4.16333634234434E-17));
#2886=DIRECTION('',(4.16333634234434E-17,0.0,1.0));
#2887=CARTESIAN_POINT('',(0.00135000057816485,0.00694999825507394,0.00362470832151668));
#2888=DIRECTION('',(-1.0,3.81639164714898E-17,4.16333634234434E-17));
#2889=DIRECTION('',(4.16333634234434E-17,0.0,1.0));
#2890=DIRECTION('',(0.0,2.40933816107852E-16,1.0));
#2891=CARTESIAN_POINT('',(0.00589988660000014,0.00629999825507387,0.000774708321516576));
#2892=DIRECTION('',(-0.0,-2.40933816107852E-16,-1.0));
#2893=DIRECTION('',(-1.0,0.0,0.0));
#2894=CARTESIAN_POINT('',(0.00589988660000014,0.00629999825507387,0.000774708321516576));
#2895=DIRECTION('',(-0.0,-2.40933816107852E-16,-1.0));
#2896=DIRECTION('',(-1.0,0.0,0.0));
#2897=CARTESIAN_POINT('',(0.00589988660000014,0.00629999825507387,0.000774708321516576));
#2898=DIRECTION('',(-0.0,-2.40933816107852E-16,-1.0));
#2899=DIRECTION('',(-1.0,0.0,0.0));
#2900=DIRECTION('',(-1.0,-0.0,0.0));
#2901=DIRECTION('',(0.0,0.0,1.0));
#2902=DIRECTION('',(-1.0,-0.0,0.0));
#2903=DIRECTION('',(0.0,0.0,1.0));
#2904=CARTESIAN_POINT('',(0.00654988660000014,0.00699999825507408,0.000774708321516576));
#2905=DIRECTION('',(1.0,0.0,-0.0));
#2906=DIRECTION('',(-0.0,0.0,-1.0));
#2907=CARTESIAN_POINT('',(0.00524988660000014,0.00699999825507408,0.000774708321516576));
#2908=DIRECTION('',(-1.0,0.0,0.0));
#2909=DIRECTION('',(0.0,-1.0,2.40933816107852E-16));
#2910=DIRECTION('',(0.0,1.0,-2.40933816107852E-16));
#2911=DIRECTION('',(0.0,2.40933816107852E-16,1.0));
#2912=DIRECTION('',(-0.0,1.0,-2.40933816107852E-16));
#2913=CARTESIAN_POINT('',(0.00589988660000014,0.00629999825507387,-0.00177529167848331));
#2914=DIRECTION('',(-0.0,0.0,-1.0));
#2915=DIRECTION('',(-1.0,0.0,0.0));
#2916=CARTESIAN_POINT('',(0.00589988660000014,0.00629999825507387,-0.00257529167848331));
#2917=DIRECTION('',(0.0,0.0,1.0));
#2918=DIRECTION('',(1.0,0.0,-0.0));
#2919=CARTESIAN_POINT('',(0.00589988660000014,0.00629999825507387,-0.00177529167848331));
#2920=DIRECTION('',(-0.0,0.0,-1.0));
#2921=DIRECTION('',(-1.0,0.0,0.0));
#2922=CARTESIAN_POINT('',(0.00589988660000014,0.00629999825507387,-0.00257529167848331));
#2923=DIRECTION('',(0.0,0.0,1.0));
#2924=DIRECTION('',(1.0,0.0,-0.0));
#2925=DIRECTION('',(0.0,-0.0,1.0));
#2926=CARTESIAN_POINT('',(0.00589988660000014,0.00629999825507387,0.000774708321516576));
#2927=DIRECTION('',(0.0,-0.0,1.0));
#2928=DIRECTION('',(1.0,0.0,-0.0));
#2929=DIRECTION('',(0.0,-0.0,1.0));
#2930=CARTESIAN_POINT('',(0.00589988660000014,0.00629999825507387,-0.000175291678483314));
#2931=DIRECTION('',(0.0,0.0,-1.0));
#2932=DIRECTION('',(-1.0,0.0,0.0));
#2933=DIRECTION('',(0.0,0.0,1.0));
#2934=DIRECTION('',(0.0,0.0,1.0));
#2935=CARTESIAN_POINT('',(0.00589988660000014,0.00629999825507387,-0.000975291678483313));
#2936=DIRECTION('',(0.0,-0.0,1.0));
#2937=DIRECTION('',(1.0,0.0,-0.0));
#2938=DIRECTION('',(0.0,0.0,1.0));
#2939=DIRECTION('',(0.0,0.0,1.0));
#2940=CARTESIAN_POINT('',(0.00589988660000014,0.00629999825507387,-0.000975291678483313));
#2941=DIRECTION('',(0.0,-0.0,1.0));
#2942=DIRECTION('',(1.0,0.0,-0.0));
#2943=DIRECTION('',(1.0,0.0,0.0));
#2944=DIRECTION('',(-7.43452918275556E-15,1.0,0.0));
#2945=DIRECTION('',(-1.0,-7.45237205279636E-15,0.0));
#2946=DIRECTION('',(-7.43452918275546E-15,1.0,0.0));
#2947=DIRECTION('',(0.0,-0.0,1.0));
#2948=DIRECTION('',(1.0,7.43452918275556E-15,0.0));
#2949=DIRECTION('',(0.0,-0.0,1.0));
#2950=CARTESIAN_POINT('',(0.00589988660000014,0.00629999825507387,0.000774708321516576));
#2951=DIRECTION('',(-0.0,-2.40933816107852E-16,-1.0));
#2952=DIRECTION('',(-1.0,0.0,0.0));
#2953=DIRECTION('',(1.0,0.0,-0.0));
#2954=DIRECTION('',(1.0,0.0,0.0));
#2955=DIRECTION('',(1.0,0.0,-0.0));
#2956=DIRECTION('',(-3.85494105772593E-15,1.0,0.0));
#2957=DIRECTION('',(-7.43452918275546E-15,1.0,0.0));
#2958=CARTESIAN_POINT('',(-0.0077249994218352,0.00439999825507396,-0.00237529167848331));
#2959=DIRECTION('',(0.0,-1.0,-0.0));
#2960=DIRECTION('',(0.0,0.0,-1.0));
#2961=DIRECTION('',(0.0,-1.0,0.0));
#2962=CARTESIAN_POINT('',(-0.0077249994218352,0.00259999825507396,-0.00237529167848331));
#2963=DIRECTION('',(-0.0,1.0,0.0));
#2964=DIRECTION('',(0.0,0.0,1.0));
#2965=DIRECTION('',(0.0,-1.0,0.0));
#2966=DIRECTION('',(0.0,-1.0,0.0));
#2967=DIRECTION('',(1.0,0.0,0.0));
#2968=DIRECTION('',(0.0,1.0,0.0));
#2969=DIRECTION('',(-1.0,0.0,0.0));
#2970=DIRECTION('',(-0.0,-0.0,-1.0));
#2971=DIRECTION('',(-0.0,-0.0,-1.0));
#2972=DIRECTION('',(0.0,1.0,0.0));
#2973=DIRECTION('',(-1.0,0.0,0.0));
#2974=DIRECTION('',(-0.0,-0.0,-1.0));
#2975=DIRECTION('',(-0.0,-0.0,-1.0));
#2976=DIRECTION('',(1.0,0.0,0.0));
#2977=DIRECTION('',(6.93889390390723E-15,-1.0,2.16840434497101E-16));
#2978=DIRECTION('',(0.0,1.94938304855415E-16,1.0));
#2979=DIRECTION('',(-7.40379979546901E-15,1.0,7.93359478793824E-32));
#2980=DIRECTION('',(7.7975321942166E-16,0.0,-1.0));
#2981=DIRECTION('',(1.0,7.40379979546901E-15,-5.55111512312589E-17));
#2982=DIRECTION('',(7.45734972477917E-15,-1.0,2.16840434497101E-16));
#2983=DIRECTION('',(1.0,7.40379979546901E-15,-5.55111512312589E-17));
#2984=DIRECTION('',(0.601555391029757,4.45379568106939E-15,-0.798831090733852));
#2985=DIRECTION('',(-7.62064022996612E-15,1.0,6.82766075846928E-32));
#2986=DIRECTION('',(-0.601555391029757,-4.29807290237594E-15,0.798831090733852));
#2987=DIRECTION('',(1.0,7.40379979546901E-15,-1.27553196763001E-16));
#2988=DIRECTION('',(1.0,7.40379979546901E-15,-1.27553196763001E-16));
#2989=DIRECTION('',(6.93889390390723E-15,-1.0,2.16840434497101E-16));
#2990=DIRECTION('',(0.0,1.94938304855415E-16,1.0));
#2991=DIRECTION('',(-7.40379979546901E-15,1.0,7.93359478793818E-32));
#2992=DIRECTION('',(7.7975321942166E-16,0.0,-1.0));
#2993=DIRECTION('',(1.0,7.40379979546901E-15,-5.55111512312589E-17));
#2994=DIRECTION('',(7.45734972477918E-15,-1.0,2.16840434497101E-16));
#2995=DIRECTION('',(1.0,7.40379979546901E-15,-5.55111512312589E-17));
#2996=DIRECTION('',(0.601555391029758,4.4537956810694E-15,-0.798831090733852));
#2997=DIRECTION('',(-7.62064022996612E-15,1.0,6.82766075846926E-32));
#2998=DIRECTION('',(-0.601555391029758,-4.29807290237594E-15,0.798831090733852));
#2999=DIRECTION('',(1.0,7.40379979546901E-15,-1.27553196763001E-16));
#3000=DIRECTION('',(1.0,7.40379979546901E-15,-1.27553196763001E-16));
#3001=CARTESIAN_POINT('',(-0.00672499942183519,0.00259999825507396,-0.00237529167848331));
#3002=DIRECTION('',(0.0,1.0,0.0));
#3003=DIRECTION('',(-1.0,0.0,0.0));
#3004=CARTESIAN_POINT('',(-0.00672499942183519,0.00439999825507396,-0.00237529167848331));
#3005=DIRECTION('',(0.0,1.0,0.0));
#3006=DIRECTION('',(-1.0,0.0,0.0));
#3007=CARTESIAN_POINT('',(-0.0077249994218352,-0.00260000174492604,-0.00237529167848331));
#3008=DIRECTION('',(0.0,-1.0,-0.0));
#3009=DIRECTION('',(0.0,0.0,-1.0));
#3010=DIRECTION('',(0.0,-1.0,0.0));
#3011=CARTESIAN_POINT('',(-0.0077249994218352,-0.00440000174492603,-0.00237529167848331));
#3012=DIRECTION('',(-0.0,1.0,0.0));
#3013=DIRECTION('',(0.0,0.0,1.0));
#3014=DIRECTION('',(0.0,-1.0,0.0));
#3015=DIRECTION('',(0.0,-1.0,0.0));
#3016=DIRECTION('',(1.0,0.0,0.0));
#3017=DIRECTION('',(0.0,1.0,0.0));
#3018=DIRECTION('',(-1.0,0.0,0.0));
#3019=DIRECTION('',(-0.0,-0.0,-1.0));
#3020=DIRECTION('',(-0.0,-0.0,-1.0));
#3021=DIRECTION('',(0.0,1.0,0.0));
#3022=DIRECTION('',(-1.0,0.0,0.0));
#3023=DIRECTION('',(-0.0,-0.0,-1.0));
#3024=DIRECTION('',(-0.0,-0.0,-1.0));
#3025=DIRECTION('',(1.0,0.0,0.0));
#3026=CARTESIAN_POINT('',(-0.00672499942183519,-0.00440000174492603,-0.00237529167848331));
#3027=DIRECTION('',(0.0,1.0,0.0));
#3028=DIRECTION('',(-1.0,0.0,0.0));
#3029=CARTESIAN_POINT('',(-0.00672499942183519,-0.00260000174492604,-0.00237529167848331));
#3030=DIRECTION('',(0.0,1.0,0.0));
#3031=DIRECTION('',(-1.0,0.0,0.0));
ENDSEC;
END-ISO-10303-21;
