ISO-10303-21;
HEADER;
FILE_DESCRIPTION(('STEP AP214'),'1');
FILE_NAME('roller_wire_core.stp','2025-10-31T04:26:12',(' '),(' '),'Spatial InterOp 3D',' ',' ');
FILE_SCHEMA(('AUTOMOTIVE_DESIGN { 1 0 10303 214 1 1 1 1 }'));
ENDSEC;
DATA;
#1=PRODUCT_DEFINITION_CONTEXT('',#21,'design');
#2=APPLICATION_PROTOCOL_DEFINITION('INTERNATIONAL STANDARD','automotive_design',1994,#21);
#3=PRODUCT_CATEGORY_RELATIONSHIP('NONE','NONE',#22,#23);
#4=SHAPE_DEFINITION_REPRESENTATION(#24,#25);
#5=PRODUCT_DEFINITION_CONTEXT('',#26,'design');
#6=APPLICATION_PROTOCOL_DEFINITION('INTERNATIONAL STANDARD','automotive_design',1994,#26);
#7=PRODUCT_CATEGORY_RELATIONSHIP('NONE','NONE',#27,#28);
#8=CONTEXT_DEPENDENT_SHAPE_REPRESENTATION(#29,#30);
#9=SHAPE_DEFINITION_REPRESENTATION(#31,#32);
#10=SHAPE_REPRESENTATION_RELATIONSHIP('NONE','NONE',#32,#33);
#11=PRODUCT_DEFINITION_CONTEXT('',#34,'design');
#12=APPLICATION_PROTOCOL_DEFINITION('INTERNATIONAL STANDARD','automotive_design',1994,#34);
#13=PRODUCT_CATEGORY_RELATIONSHIP('NONE','NONE',#35,#36);
#14=SHAPE_DEFINITION_REPRESENTATION(#37,#38);
#15=CONTEXT_DEPENDENT_SHAPE_REPRESENTATION(#39,#40);
#16=MECHANICAL_DESIGN_GEOMETRIC_PRESENTATION_REPRESENTATION(' ',(#41,#42,#43,#44,#45,#46,#47,#48,#49,#50,#51,#52,#53,#54,#55,#56,#57,#58,#59,#60,#61,#62,#63,#64,#65,#66,#67,#68,#69,#70,#71,#72,#73,#74,#75,#76,#77,#78,#79,#80,#81,#82,#83,#84,#85,#86,#87,#88,#89,#90,#91,#92,#93,#94,#95,#96,#97,#98,#99,#100,#101,#102,#103,#104,#105,#106,#107,#108,#109,#110,#111,#112,#113,#114,#115,#116,#117,#118,#119,#120,#121,#122,#123,#124,#125,#126,#127,#128,#129,#130,#131,#132,#133,#134,#135,#136,#137,#138,#139,#140,#141,#142,#143,#144,#145,#146,#147,#148,#149,#150,#151,#152,#153,#154,#155,#156,#157,#158,#159,#160,#161,#162,#163,#164,#165,#166,#167,#168,#169,#170,#171,#172,#173,#174,#175,#176,#177,#178,#179,#180,#181,#182,#183,#184,#185,#186,#187,#188,#189,#190,#191,#192,#193,#194,#195,#196,#197,#198,#199,#200,#201,#202,#203,#204,#205,#206),#17);
#17= (GEOMETRIC_REPRESENTATION_CONTEXT(3)GLOBAL_UNCERTAINTY_ASSIGNED_CONTEXT((#209))GLOBAL_UNIT_ASSIGNED_CONTEXT((#211,#212,#213))REPRESENTATION_CONTEXT('NONE','WORKSPACE'));
#21=APPLICATION_CONTEXT(' ');
#22=PRODUCT_CATEGORY('part','NONE');
#23=PRODUCT_RELATED_PRODUCT_CATEGORY('detail',' ',(#215));
#24=PRODUCT_DEFINITION_SHAPE('NONE','NONE',#216);
#25=SHAPE_REPRESENTATION('Finished',(#217,#218),#219);
#26=APPLICATION_CONTEXT(' ');
#27=PRODUCT_CATEGORY('part','NONE');
#28=PRODUCT_RELATED_PRODUCT_CATEGORY('detail',' ',(#220));
#29=(REPRESENTATION_RELATIONSHIP('','',#32,#25)REPRESENTATION_RELATIONSHIP_WITH_TRANSFORMATION(#223)SHAPE_REPRESENTATION_RELATIONSHIP());
#30=PRODUCT_DEFINITION_SHAPE('NAUO-PROD-DEF','NAUO-PROD-DEF',#225);
#31=PRODUCT_DEFINITION_SHAPE('NONE','NONE',#226);
#32=SHAPE_REPRESENTATION('Roller R7 wire core',(#217),#219);
#33=ADVANCED_BREP_SHAPE_REPRESENTATION('',(#227),#17);
#34=APPLICATION_CONTEXT(' ');
#35=PRODUCT_CATEGORY('part','NONE');
#36=PRODUCT_RELATED_PRODUCT_CATEGORY('detail',' ',(#228));
#37=PRODUCT_DEFINITION_SHAPE('NONE','NONE',#229);
#38=SHAPE_REPRESENTATION('roller_wire_core',(#230,#231),#232);
#39=(REPRESENTATION_RELATIONSHIP('','',#25,#38)REPRESENTATION_RELATIONSHIP_WITH_TRANSFORMATION(#235)SHAPE_REPRESENTATION_RELATIONSHIP());
#40=PRODUCT_DEFINITION_SHAPE('NAUO-PROD-DEF','NAUO-PROD-DEF',#237);
#41=STYLED_ITEM('',(#238),#239);
#42=STYLED_ITEM('',(#240),#241);
#43=STYLED_ITEM('',(#242),#243);
#44=STYLED_ITEM('',(#244),#245);
#45=STYLED_ITEM('',(#246),#247);
#46=STYLED_ITEM('',(#248),#249);
#47=STYLED_ITEM('',(#250),#251);
#48=STYLED_ITEM('',(#252),#253);
#49=STYLED_ITEM('',(#254),#255);
#50=STYLED_ITEM('',(#256),#257);
#51=STYLED_ITEM('',(#258),#259);
#52=STYLED_ITEM('',(#260),#261);
#53=STYLED_ITEM('',(#262),#263);
#54=STYLED_ITEM('',(#264),#265);
#55=STYLED_ITEM('',(#266),#267);
#56=STYLED_ITEM('',(#268),#269);
#57=STYLED_ITEM('',(#270),#271);
#58=STYLED_ITEM('',(#272),#273);
#59=STYLED_ITEM('',(#274),#275);
#60=STYLED_ITEM('',(#276),#277);
#61=STYLED_ITEM('',(#278),#279);
#62=STYLED_ITEM('',(#280),#281);
#63=STYLED_ITEM('',(#282),#283);
#64=STYLED_ITEM('',(#284),#285);
#65=STYLED_ITEM('',(#286),#287);
#66=STYLED_ITEM('',(#288),#289);
#67=STYLED_ITEM('',(#290),#291);
#68=STYLED_ITEM('',(#292),#293);
#69=STYLED_ITEM('',(#294),#295);
#70=STYLED_ITEM('',(#296),#297);
#71=STYLED_ITEM('',(#298),#299);
#72=STYLED_ITEM('',(#300),#301);
#73=STYLED_ITEM('',(#302),#303);
#74=STYLED_ITEM('',(#304),#305);
#75=STYLED_ITEM('',(#306),#307);
#76=STYLED_ITEM('',(#308),#309);
#77=STYLED_ITEM('',(#310),#311);
#78=STYLED_ITEM('',(#312),#313);
#79=STYLED_ITEM('',(#314),#315);
#80=STYLED_ITEM('',(#316),#317);
#81=STYLED_ITEM('',(#318),#319);
#82=STYLED_ITEM('',(#320),#321);
#83=STYLED_ITEM('',(#322),#323);
#84=STYLED_ITEM('',(#324),#325);
#85=STYLED_ITEM('',(#326),#327);
#86=STYLED_ITEM('',(#328),#329);
#87=STYLED_ITEM('',(#330),#331);
#88=STYLED_ITEM('',(#332),#333);
#89=STYLED_ITEM('',(#334),#335);
#90=STYLED_ITEM('',(#336),#337);
#91=STYLED_ITEM('',(#338),#339);
#92=STYLED_ITEM('',(#340),#341);
#93=STYLED_ITEM('',(#342),#343);
#94=STYLED_ITEM('',(#344),#345);
#95=STYLED_ITEM('',(#346),#347);
#96=STYLED_ITEM('',(#348),#349);
#97=STYLED_ITEM('',(#350),#351);
#98=STYLED_ITEM('',(#352),#353);
#99=STYLED_ITEM('',(#354),#355);
#100=STYLED_ITEM('',(#356),#357);
#101=STYLED_ITEM('',(#358),#359);
#102=STYLED_ITEM('',(#360),#361);
#103=STYLED_ITEM('',(#362),#363);
#104=STYLED_ITEM('',(#364),#365);
#105=STYLED_ITEM('',(#366),#367);
#106=STYLED_ITEM('',(#368),#369);
#107=STYLED_ITEM('',(#370),#371);
#108=STYLED_ITEM('',(#372),#373);
#109=STYLED_ITEM('',(#374),#375);
#110=STYLED_ITEM('',(#376),#377);
#111=STYLED_ITEM('',(#378),#379);
#112=STYLED_ITEM('',(#380),#381);
#113=STYLED_ITEM('',(#382),#383);
#114=STYLED_ITEM('',(#384),#385);
#115=STYLED_ITEM('',(#386),#387);
#116=STYLED_ITEM('',(#388),#389);
#117=STYLED_ITEM('',(#390),#391);
#118=STYLED_ITEM('',(#392),#393);
#119=STYLED_ITEM('',(#394),#395);
#120=STYLED_ITEM('',(#396),#397);
#121=STYLED_ITEM('',(#398),#399);
#122=STYLED_ITEM('',(#400),#401);
#123=STYLED_ITEM('',(#402),#403);
#124=STYLED_ITEM('',(#404),#405);
#125=STYLED_ITEM('',(#406),#407);
#126=STYLED_ITEM('',(#408),#409);
#127=STYLED_ITEM('',(#410),#411);
#128=STYLED_ITEM('',(#412),#413);
#129=STYLED_ITEM('',(#414),#415);
#130=STYLED_ITEM('',(#416),#417);
#131=STYLED_ITEM('',(#418),#419);
#132=STYLED_ITEM('',(#420),#421);
#133=STYLED_ITEM('',(#422),#423);
#134=STYLED_ITEM('',(#424),#425);
#135=STYLED_ITEM('',(#426),#427);
#136=STYLED_ITEM('',(#428),#429);
#137=STYLED_ITEM('',(#430),#431);
#138=STYLED_ITEM('',(#432),#433);
#139=STYLED_ITEM('',(#434),#435);
#140=STYLED_ITEM('',(#436),#437);
#141=STYLED_ITEM('',(#438),#439);
#142=STYLED_ITEM('',(#440),#441);
#143=STYLED_ITEM('',(#442),#443);
#144=STYLED_ITEM('',(#444),#445);
#145=STYLED_ITEM('',(#446),#447);
#146=STYLED_ITEM('',(#448),#449);
#147=STYLED_ITEM('',(#450),#451);
#148=STYLED_ITEM('',(#452),#453);
#149=STYLED_ITEM('',(#454),#455);
#150=STYLED_ITEM('',(#456),#457);
#151=STYLED_ITEM('',(#458),#459);
#152=STYLED_ITEM('',(#460),#461);
#153=STYLED_ITEM('',(#462),#463);
#154=STYLED_ITEM('',(#464),#465);
#155=STYLED_ITEM('',(#466),#467);
#156=STYLED_ITEM('',(#468),#469);
#157=STYLED_ITEM('',(#470),#471);
#158=STYLED_ITEM('',(#472),#473);
#159=STYLED_ITEM('',(#474),#475);
#160=STYLED_ITEM('',(#476),#477);
#161=STYLED_ITEM('',(#478),#479);
#162=STYLED_ITEM('',(#480),#481);
#163=STYLED_ITEM('',(#482),#483);
#164=STYLED_ITEM('',(#484),#485);
#165=STYLED_ITEM('',(#486),#487);
#166=STYLED_ITEM('',(#488),#489);
#167=STYLED_ITEM('',(#490),#491);
#168=STYLED_ITEM('',(#492),#493);
#169=STYLED_ITEM('',(#494),#495);
#170=STYLED_ITEM('',(#496),#497);
#171=STYLED_ITEM('',(#498),#499);
#172=STYLED_ITEM('',(#500),#501);
#173=STYLED_ITEM('',(#502),#503);
#174=STYLED_ITEM('',(#504),#505);
#175=STYLED_ITEM('',(#506),#507);
#176=STYLED_ITEM('',(#508),#509);
#177=STYLED_ITEM('',(#510),#511);
#178=STYLED_ITEM('',(#512),#513);
#179=STYLED_ITEM('',(#514),#515);
#180=STYLED_ITEM('',(#516),#517);
#181=STYLED_ITEM('',(#518),#519);
#182=STYLED_ITEM('',(#520),#521);
#183=STYLED_ITEM('',(#522),#523);
#184=STYLED_ITEM('',(#524),#525);
#185=STYLED_ITEM('',(#526),#527);
#186=STYLED_ITEM('',(#528),#529);
#187=STYLED_ITEM('',(#530),#531);
#188=STYLED_ITEM('',(#532),#533);
#189=STYLED_ITEM('',(#534),#535);
#190=STYLED_ITEM('',(#536),#537);
#191=STYLED_ITEM('',(#538),#539);
#192=STYLED_ITEM('',(#540),#541);
#193=STYLED_ITEM('',(#542),#543);
#194=STYLED_ITEM('',(#544),#545);
#195=STYLED_ITEM('',(#546),#547);
#196=STYLED_ITEM('',(#548),#549);
#197=STYLED_ITEM('',(#550),#551);
#198=STYLED_ITEM('',(#552),#553);
#199=STYLED_ITEM('',(#554),#555);
#200=STYLED_ITEM('',(#556),#557);
#201=STYLED_ITEM('',(#558),#559);
#202=STYLED_ITEM('',(#560),#561);
#203=STYLED_ITEM('',(#562),#563);
#204=STYLED_ITEM('',(#564),#565);
#205=STYLED_ITEM('',(#566),#567);
#206=STYLED_ITEM('',(#568),#227);
#209=UNCERTAINTY_MEASURE_WITH_UNIT(LENGTH_MEASURE(1.0E-08),#211,'','');
#211= (CONVERSION_BASED_UNIT('METRE',#571)LENGTH_UNIT()NAMED_UNIT(#574));
#212= (NAMED_UNIT(#576)PLANE_ANGLE_UNIT()SI_UNIT($,.RADIAN.));
#213= (NAMED_UNIT(#576)SOLID_ANGLE_UNIT()SI_UNIT($,.STERADIAN.));
#215=PRODUCT('Finished','Finished','PART--DESC',(#582));
#216=PRODUCT_DEFINITION('Finished','Finished',#583,#1);
#217=AXIS2_PLACEMENT_3D('',#584,#585,#586);
#218=AXIS2_PLACEMENT_3D('',#587,#588,#589);
#219= (GEOMETRIC_REPRESENTATION_CONTEXT(3)GLOBAL_UNCERTAINTY_ASSIGNED_CONTEXT((#592))GLOBAL_UNIT_ASSIGNED_CONTEXT((#594,#595,#596))REPRESENTATION_CONTEXT('NONE','WORKSPACE'));
#220=PRODUCT('Roller R7 wire core','Roller R7 wire core','PART-Roller R7 wire core-DESC',(#598));
#223=ITEM_DEFINED_TRANSFORMATION('','',#217,#218);
#225=NEXT_ASSEMBLY_USAGE_OCCURRENCE('Roller R7 wire core','Roller R7 wire core','Roller R7 wire core',#216,#226,$);
#226=PRODUCT_DEFINITION('Roller R7 wire core','Roller R7 wire core',#599,#5);
#227=MANIFOLD_SOLID_BREP('',#600);
#228=PRODUCT('roller_wire_core','roller_wire_core','PART--DESC',(#601));
#229=PRODUCT_DEFINITION('roller_wire_core','roller_wire_core',#602,#11);
#230=AXIS2_PLACEMENT_3D('',#603,#604,#605);
#231=AXIS2_PLACEMENT_3D('',#606,#607,#608);
#232= (GEOMETRIC_REPRESENTATION_CONTEXT(3)GLOBAL_UNCERTAINTY_ASSIGNED_CONTEXT((#611))GLOBAL_UNIT_ASSIGNED_CONTEXT((#613,#614,#615))REPRESENTATION_CONTEXT('NONE','WORKSPACE'));
#235=ITEM_DEFINED_TRANSFORMATION('','',#217,#231);
#237=NEXT_ASSEMBLY_USAGE_OCCURRENCE('Finished','Finished','Finished',#229,#216,$);
#238=PRESENTATION_STYLE_ASSIGNMENT((#617));
#239=ADVANCED_FACE('631:230',(#618),#619,.T.);
#240=PRESENTATION_STYLE_ASSIGNMENT((#620));
#241=ADVANCED_FACE('631:641',(#621),#622,.T.);
#242=PRESENTATION_STYLE_ASSIGNMENT((#623));
#243=ADVANCED_FACE('631:644',(#624),#625,.F.);
#244=PRESENTATION_STYLE_ASSIGNMENT((#626));
#245=ADVANCED_FACE('631:638',(#627),#628,.T.);
#246=PRESENTATION_STYLE_ASSIGNMENT((#629));
#247=ADVANCED_FACE('631:632',(#630),#631,.T.);
#248=PRESENTATION_STYLE_ASSIGNMENT((#632));
#249=ADVANCED_FACE('631:2777',(#633,#634),#635,.F.);
#250=PRESENTATION_STYLE_ASSIGNMENT((#636));
#251=ADVANCED_FACE('631:2760',(#637),#638,.T.);
#252=PRESENTATION_STYLE_ASSIGNMENT((#639));
#253=ADVANCED_FACE('631:299',(#640),#641,.F.);
#254=PRESENTATION_STYLE_ASSIGNMENT((#642));
#255=ADVANCED_FACE('631:293',(#643),#644,.T.);
#256=PRESENTATION_STYLE_ASSIGNMENT((#645));
#257=ADVANCED_FACE('631:296',(#646),#647,.T.);
#258=PRESENTATION_STYLE_ASSIGNMENT((#648));
#259=ADVANCED_FACE('631:290',(#649),#650,.T.);
#260=PRESENTATION_STYLE_ASSIGNMENT((#651));
#261=ADVANCED_FACE('631:479',(#652),#653,.F.);
#262=PRESENTATION_STYLE_ASSIGNMENT((#654));
#263=ADVANCED_FACE('631:473',(#655),#656,.T.);
#264=PRESENTATION_STYLE_ASSIGNMENT((#657));
#265=ADVANCED_FACE('631:476',(#658),#659,.T.);
#266=PRESENTATION_STYLE_ASSIGNMENT((#660));
#267=ADVANCED_FACE('631:470',(#661),#662,.T.);
#268=PRESENTATION_STYLE_ASSIGNMENT((#663));
#269=ADVANCED_FACE('631:467',(#664),#665,.T.);
#270=PRESENTATION_STYLE_ASSIGNMENT((#666));
#271=ADVANCED_FACE('631:482',(#667),#668,.T.);
#272=PRESENTATION_STYLE_ASSIGNMENT((#669));
#273=ADVANCED_FACE('631:485',(#670),#671,.T.);
#274=PRESENTATION_STYLE_ASSIGNMENT((#672));
#275=ADVANCED_FACE('631:494',(#673),#674,.F.);
#276=PRESENTATION_STYLE_ASSIGNMENT((#675));
#277=ADVANCED_FACE('631:497',(#676),#677,.T.);
#278=PRESENTATION_STYLE_ASSIGNMENT((#678));
#279=ADVANCED_FACE('631:491',(#679),#680,.T.);
#280=PRESENTATION_STYLE_ASSIGNMENT((#681));
#281=ADVANCED_FACE('631:488',(#682),#683,.T.);
#282=PRESENTATION_STYLE_ASSIGNMENT((#684));
#283=ADVANCED_FACE('631:509',(#685),#686,.F.);
#284=PRESENTATION_STYLE_ASSIGNMENT((#687));
#285=ADVANCED_FACE('631:503',(#688),#689,.T.);
#286=PRESENTATION_STYLE_ASSIGNMENT((#690));
#287=ADVANCED_FACE('631:506',(#691),#692,.T.);
#288=PRESENTATION_STYLE_ASSIGNMENT((#693));
#289=ADVANCED_FACE('631:500',(#694),#695,.T.);
#290=PRESENTATION_STYLE_ASSIGNMENT((#696));
#291=ADVANCED_FACE('631:629',(#697),#698,.F.);
#292=PRESENTATION_STYLE_ASSIGNMENT((#699));
#293=ADVANCED_FACE('631:623',(#700),#701,.T.);
#294=PRESENTATION_STYLE_ASSIGNMENT((#702));
#295=ADVANCED_FACE('631:626',(#703),#704,.T.);
#296=PRESENTATION_STYLE_ASSIGNMENT((#705));
#297=ADVANCED_FACE('631:620',(#706),#707,.T.);
#298=PRESENTATION_STYLE_ASSIGNMENT((#708));
#299=ADVANCED_FACE('631:617',(#709),#710,.T.);
#300=PRESENTATION_STYLE_ASSIGNMENT((#711));
#301=ADVANCED_FACE('631:602',(#712),#713,.T.);
#302=PRESENTATION_STYLE_ASSIGNMENT((#714));
#303=ADVANCED_FACE('631:611',(#715),#716,.T.);
#304=PRESENTATION_STYLE_ASSIGNMENT((#717));
#305=ADVANCED_FACE('631:605',(#718),#719,.T.);
#306=PRESENTATION_STYLE_ASSIGNMENT((#720));
#307=ADVANCED_FACE('631:587',(#721),#722,.T.);
#308=PRESENTATION_STYLE_ASSIGNMENT((#723));
#309=ADVANCED_FACE('631:596',(#724),#725,.T.);
#310=PRESENTATION_STYLE_ASSIGNMENT((#726));
#311=ADVANCED_FACE('631:590',(#727),#728,.T.);
#312=PRESENTATION_STYLE_ASSIGNMENT((#729));
#313=ADVANCED_FACE('631:572',(#730),#731,.T.);
#314=PRESENTATION_STYLE_ASSIGNMENT((#732));
#315=ADVANCED_FACE('631:581',(#733),#734,.T.);
#316=PRESENTATION_STYLE_ASSIGNMENT((#735));
#317=ADVANCED_FACE('631:575',(#736),#737,.T.);
#318=PRESENTATION_STYLE_ASSIGNMENT((#738));
#319=ADVANCED_FACE('631:557',(#739),#740,.T.);
#320=PRESENTATION_STYLE_ASSIGNMENT((#741));
#321=ADVANCED_FACE('631:566',(#742),#743,.T.);
#322=PRESENTATION_STYLE_ASSIGNMENT((#744));
#323=ADVANCED_FACE('631:560',(#745),#746,.T.);
#324=PRESENTATION_STYLE_ASSIGNMENT((#747));
#325=ADVANCED_FACE('631:542',(#748),#749,.T.);
#326=PRESENTATION_STYLE_ASSIGNMENT((#750));
#327=ADVANCED_FACE('631:551',(#751),#752,.T.);
#328=PRESENTATION_STYLE_ASSIGNMENT((#753));
#329=ADVANCED_FACE('631:545',(#754),#755,.T.);
#330=PRESENTATION_STYLE_ASSIGNMENT((#756));
#331=ADVANCED_FACE('631:527',(#757),#758,.T.);
#332=PRESENTATION_STYLE_ASSIGNMENT((#759));
#333=ADVANCED_FACE('631:536',(#760),#761,.T.);
#334=PRESENTATION_STYLE_ASSIGNMENT((#762));
#335=ADVANCED_FACE('631:530',(#763),#764,.T.);
#336=PRESENTATION_STYLE_ASSIGNMENT((#765));
#337=ADVANCED_FACE('631:512',(#766),#767,.T.);
#338=PRESENTATION_STYLE_ASSIGNMENT((#768));
#339=ADVANCED_FACE('631:521',(#769),#770,.T.);
#340=PRESENTATION_STYLE_ASSIGNMENT((#771));
#341=ADVANCED_FACE('631:515',(#772),#773,.T.);
#342=PRESENTATION_STYLE_ASSIGNMENT((#774));
#343=ADVANCED_FACE('631:518',(#775),#776,.T.);
#344=PRESENTATION_STYLE_ASSIGNMENT((#777));
#345=ADVANCED_FACE('631:464',(#778),#779,.F.);
#346=PRESENTATION_STYLE_ASSIGNMENT((#780));
#347=ADVANCED_FACE('631:458',(#781),#782,.T.);
#348=PRESENTATION_STYLE_ASSIGNMENT((#783));
#349=ADVANCED_FACE('631:461',(#784),#785,.T.);
#350=PRESENTATION_STYLE_ASSIGNMENT((#786));
#351=ADVANCED_FACE('631:455',(#787),#788,.T.);
#352=PRESENTATION_STYLE_ASSIGNMENT((#789));
#353=ADVANCED_FACE('631:452',(#790),#791,.T.);
#354=PRESENTATION_STYLE_ASSIGNMENT((#792));
#355=ADVANCED_FACE('631:437',(#793),#794,.T.);
#356=PRESENTATION_STYLE_ASSIGNMENT((#795));
#357=ADVANCED_FACE('631:446',(#796),#797,.T.);
#358=PRESENTATION_STYLE_ASSIGNMENT((#798));
#359=ADVANCED_FACE('631:440',(#799),#800,.T.);
#360=PRESENTATION_STYLE_ASSIGNMENT((#801));
#361=ADVANCED_FACE('631:422',(#802),#803,.T.);
#362=PRESENTATION_STYLE_ASSIGNMENT((#804));
#363=ADVANCED_FACE('631:431',(#805),#806,.T.);
#364=PRESENTATION_STYLE_ASSIGNMENT((#807));
#365=ADVANCED_FACE('631:425',(#808),#809,.T.);
#366=PRESENTATION_STYLE_ASSIGNMENT((#810));
#367=ADVANCED_FACE('631:407',(#811),#812,.T.);
#368=PRESENTATION_STYLE_ASSIGNMENT((#813));
#369=ADVANCED_FACE('631:416',(#814),#815,.T.);
#370=PRESENTATION_STYLE_ASSIGNMENT((#816));
#371=ADVANCED_FACE('631:410',(#817),#818,.T.);
#372=PRESENTATION_STYLE_ASSIGNMENT((#819));
#373=ADVANCED_FACE('631:392',(#820),#821,.T.);
#374=PRESENTATION_STYLE_ASSIGNMENT((#822));
#375=ADVANCED_FACE('631:401',(#823),#824,.T.);
#376=PRESENTATION_STYLE_ASSIGNMENT((#825));
#377=ADVANCED_FACE('631:395',(#826),#827,.T.);
#378=PRESENTATION_STYLE_ASSIGNMENT((#828));
#379=ADVANCED_FACE('631:377',(#829),#830,.T.);
#380=PRESENTATION_STYLE_ASSIGNMENT((#831));
#381=ADVANCED_FACE('631:386',(#832),#833,.T.);
#382=PRESENTATION_STYLE_ASSIGNMENT((#834));
#383=ADVANCED_FACE('631:380',(#835),#836,.T.);
#384=PRESENTATION_STYLE_ASSIGNMENT((#837));
#385=ADVANCED_FACE('631:362',(#838),#839,.T.);
#386=PRESENTATION_STYLE_ASSIGNMENT((#840));
#387=ADVANCED_FACE('631:371',(#841),#842,.T.);
#388=PRESENTATION_STYLE_ASSIGNMENT((#843));
#389=ADVANCED_FACE('631:365',(#844),#845,.T.);
#390=PRESENTATION_STYLE_ASSIGNMENT((#846));
#391=ADVANCED_FACE('631:347',(#847),#848,.T.);
#392=PRESENTATION_STYLE_ASSIGNMENT((#849));
#393=ADVANCED_FACE('631:356',(#850),#851,.T.);
#394=PRESENTATION_STYLE_ASSIGNMENT((#852));
#395=ADVANCED_FACE('631:350',(#853),#854,.T.);
#396=PRESENTATION_STYLE_ASSIGNMENT((#855));
#397=ADVANCED_FACE('631:332',(#856),#857,.T.);
#398=PRESENTATION_STYLE_ASSIGNMENT((#858));
#399=ADVANCED_FACE('631:341',(#859),#860,.T.);
#400=PRESENTATION_STYLE_ASSIGNMENT((#861));
#401=ADVANCED_FACE('631:335',(#862),#863,.T.);
#402=PRESENTATION_STYLE_ASSIGNMENT((#864));
#403=ADVANCED_FACE('631:317',(#865),#866,.T.);
#404=PRESENTATION_STYLE_ASSIGNMENT((#867));
#405=ADVANCED_FACE('631:326',(#868),#869,.T.);
#406=PRESENTATION_STYLE_ASSIGNMENT((#870));
#407=ADVANCED_FACE('631:320',(#871),#872,.T.);
#408=PRESENTATION_STYLE_ASSIGNMENT((#873));
#409=ADVANCED_FACE('631:302',(#874),#875,.T.);
#410=PRESENTATION_STYLE_ASSIGNMENT((#876));
#411=ADVANCED_FACE('631:311',(#877),#878,.T.);
#412=PRESENTATION_STYLE_ASSIGNMENT((#879));
#413=ADVANCED_FACE('631:305',(#880),#881,.T.);
#414=PRESENTATION_STYLE_ASSIGNMENT((#882));
#415=ADVANCED_FACE('631:308',(#883),#884,.T.);
#416=PRESENTATION_STYLE_ASSIGNMENT((#885));
#417=ADVANCED_FACE('631:266',(#886),#887,.T.);
#418=PRESENTATION_STYLE_ASSIGNMENT((#888));
#419=ADVANCED_FACE('631:269',(#889),#890,.T.);
#420=PRESENTATION_STYLE_ASSIGNMENT((#891));
#421=ADVANCED_FACE('631:263',(#892),#893,.T.);
#422=PRESENTATION_STYLE_ASSIGNMENT((#894));
#423=ADVANCED_FACE('631:260',(#895),#896,.T.);
#424=PRESENTATION_STYLE_ASSIGNMENT((#897));
#425=ADVANCED_FACE('631:248',(#898),#899,.T.);
#426=PRESENTATION_STYLE_ASSIGNMENT((#900));
#427=ADVANCED_FACE('631:251',(#901),#902,.T.);
#428=PRESENTATION_STYLE_ASSIGNMENT((#903));
#429=ADVANCED_FACE('631:245',(#904),#905,.T.);
#430=PRESENTATION_STYLE_ASSIGNMENT((#906));
#431=ADVANCED_FACE('631:242',(#907),#908,.T.);
#432=PRESENTATION_STYLE_ASSIGNMENT((#909));
#433=ADVANCED_FACE('631:239',(#910),#911,.T.);
#434=PRESENTATION_STYLE_ASSIGNMENT((#912));
#435=ADVANCED_FACE('631:236',(#913),#914,.T.);
#436=PRESENTATION_STYLE_ASSIGNMENT((#915));
#437=ADVANCED_FACE('631:233',(#916),#917,.T.);
#438=PRESENTATION_STYLE_ASSIGNMENT((#918));
#439=ADVANCED_FACE('631:227',(#919),#920,.T.);
#440=PRESENTATION_STYLE_ASSIGNMENT((#921));
#441=ADVANCED_FACE('631:224',(#922),#923,.T.);
#442=PRESENTATION_STYLE_ASSIGNMENT((#924));
#443=ADVANCED_FACE('631:221',(#925),#926,.T.);
#444=PRESENTATION_STYLE_ASSIGNMENT((#927));
#445=ADVANCED_FACE('631:218',(#928),#929,.T.);
#446=PRESENTATION_STYLE_ASSIGNMENT((#930));
#447=ADVANCED_FACE('631:215',(#931),#932,.T.);
#448=PRESENTATION_STYLE_ASSIGNMENT((#933));
#449=ADVANCED_FACE('631:212',(#934),#935,.T.);
#450=PRESENTATION_STYLE_ASSIGNMENT((#936));
#451=ADVANCED_FACE('631:209',(#937),#938,.T.);
#452=PRESENTATION_STYLE_ASSIGNMENT((#939));
#453=ADVANCED_FACE('631:206',(#940),#941,.T.);
#454=PRESENTATION_STYLE_ASSIGNMENT((#942));
#455=ADVANCED_FACE('631:203',(#943),#944,.T.);
#456=PRESENTATION_STYLE_ASSIGNMENT((#945));
#457=ADVANCED_FACE('631:200',(#946),#947,.T.);
#458=PRESENTATION_STYLE_ASSIGNMENT((#948));
#459=ADVANCED_FACE('631:197',(#949,#950),#951,.T.);
#460=PRESENTATION_STYLE_ASSIGNMENT((#952));
#461=ADVANCED_FACE('631:194',(#953,#954),#955,.F.);
#462=PRESENTATION_STYLE_ASSIGNMENT((#956));
#463=ADVANCED_FACE('631:191',(#957,#958),#959,.F.);
#464=PRESENTATION_STYLE_ASSIGNMENT((#960));
#465=ADVANCED_FACE('631:188',(#961,#962),#963,.T.);
#466=PRESENTATION_STYLE_ASSIGNMENT((#964));
#467=ADVANCED_FACE('631:185',(#965),#966,.T.);
#468=PRESENTATION_STYLE_ASSIGNMENT((#967));
#469=ADVANCED_FACE('631:182',(#968),#969,.T.);
#470=PRESENTATION_STYLE_ASSIGNMENT((#970));
#471=ADVANCED_FACE('631:179',(#971),#972,.T.);
#472=PRESENTATION_STYLE_ASSIGNMENT((#973));
#473=ADVANCED_FACE('631:176',(#974),#975,.T.);
#474=PRESENTATION_STYLE_ASSIGNMENT((#976));
#475=ADVANCED_FACE('631:173',(#977),#978,.T.);
#476=PRESENTATION_STYLE_ASSIGNMENT((#979));
#477=ADVANCED_FACE('631:170',(#980),#981,.T.);
#478=PRESENTATION_STYLE_ASSIGNMENT((#982));
#479=ADVANCED_FACE('631:2757',(#983,#984),#985,.T.);
#480=PRESENTATION_STYLE_ASSIGNMENT((#986));
#481=ADVANCED_FACE('631:125',(#987,#988),#989,.F.);
#482=PRESENTATION_STYLE_ASSIGNMENT((#990));
#483=ADVANCED_FACE('631:122',(#991,#992),#993,.T.);
#484=PRESENTATION_STYLE_ASSIGNMENT((#994));
#485=ADVANCED_FACE('631:119',(#995,#996),#997,.F.);
#486=PRESENTATION_STYLE_ASSIGNMENT((#998));
#487=ADVANCED_FACE('631:635',(#999),#1000,.T.);
#488=PRESENTATION_STYLE_ASSIGNMENT((#1001));
#489=ADVANCED_FACE('631:614',(#1002),#1003,.F.);
#490=PRESENTATION_STYLE_ASSIGNMENT((#1004));
#491=ADVANCED_FACE('631:608',(#1005),#1006,.T.);
#492=PRESENTATION_STYLE_ASSIGNMENT((#1007));
#493=ADVANCED_FACE('631:599',(#1008),#1009,.F.);
#494=PRESENTATION_STYLE_ASSIGNMENT((#1010));
#495=ADVANCED_FACE('631:593',(#1011),#1012,.T.);
#496=PRESENTATION_STYLE_ASSIGNMENT((#1013));
#497=ADVANCED_FACE('631:584',(#1014),#1015,.F.);
#498=PRESENTATION_STYLE_ASSIGNMENT((#1016));
#499=ADVANCED_FACE('631:578',(#1017),#1018,.T.);
#500=PRESENTATION_STYLE_ASSIGNMENT((#1019));
#501=ADVANCED_FACE('631:569',(#1020),#1021,.F.);
#502=PRESENTATION_STYLE_ASSIGNMENT((#1022));
#503=ADVANCED_FACE('631:563',(#1023),#1024,.T.);
#504=PRESENTATION_STYLE_ASSIGNMENT((#1025));
#505=ADVANCED_FACE('631:554',(#1026),#1027,.F.);
#506=PRESENTATION_STYLE_ASSIGNMENT((#1028));
#507=ADVANCED_FACE('631:548',(#1029),#1030,.T.);
#508=PRESENTATION_STYLE_ASSIGNMENT((#1031));
#509=ADVANCED_FACE('631:539',(#1032),#1033,.F.);
#510=PRESENTATION_STYLE_ASSIGNMENT((#1034));
#511=ADVANCED_FACE('631:533',(#1035),#1036,.T.);
#512=PRESENTATION_STYLE_ASSIGNMENT((#1037));
#513=ADVANCED_FACE('631:524',(#1038),#1039,.F.);
#514=PRESENTATION_STYLE_ASSIGNMENT((#1040));
#515=ADVANCED_FACE('631:449',(#1041),#1042,.F.);
#516=PRESENTATION_STYLE_ASSIGNMENT((#1043));
#517=ADVANCED_FACE('631:443',(#1044),#1045,.T.);
#518=PRESENTATION_STYLE_ASSIGNMENT((#1046));
#519=ADVANCED_FACE('631:434',(#1047),#1048,.F.);
#520=PRESENTATION_STYLE_ASSIGNMENT((#1049));
#521=ADVANCED_FACE('631:428',(#1050),#1051,.T.);
#522=PRESENTATION_STYLE_ASSIGNMENT((#1052));
#523=ADVANCED_FACE('631:419',(#1053),#1054,.F.);
#524=PRESENTATION_STYLE_ASSIGNMENT((#1055));
#525=ADVANCED_FACE('631:413',(#1056),#1057,.T.);
#526=PRESENTATION_STYLE_ASSIGNMENT((#1058));
#527=ADVANCED_FACE('631:404',(#1059),#1060,.F.);
#528=PRESENTATION_STYLE_ASSIGNMENT((#1061));
#529=ADVANCED_FACE('631:398',(#1062),#1063,.T.);
#530=PRESENTATION_STYLE_ASSIGNMENT((#1064));
#531=ADVANCED_FACE('631:389',(#1065),#1066,.F.);
#532=PRESENTATION_STYLE_ASSIGNMENT((#1067));
#533=ADVANCED_FACE('631:383',(#1068),#1069,.T.);
#534=PRESENTATION_STYLE_ASSIGNMENT((#1070));
#535=ADVANCED_FACE('631:374',(#1071),#1072,.F.);
#536=PRESENTATION_STYLE_ASSIGNMENT((#1073));
#537=ADVANCED_FACE('631:368',(#1074),#1075,.T.);
#538=PRESENTATION_STYLE_ASSIGNMENT((#1076));
#539=ADVANCED_FACE('631:359',(#1077),#1078,.F.);
#540=PRESENTATION_STYLE_ASSIGNMENT((#1079));
#541=ADVANCED_FACE('631:353',(#1080),#1081,.T.);
#542=PRESENTATION_STYLE_ASSIGNMENT((#1082));
#543=ADVANCED_FACE('631:344',(#1083),#1084,.F.);
#544=PRESENTATION_STYLE_ASSIGNMENT((#1085));
#545=ADVANCED_FACE('631:338',(#1086),#1087,.T.);
#546=PRESENTATION_STYLE_ASSIGNMENT((#1088));
#547=ADVANCED_FACE('631:329',(#1089),#1090,.F.);
#548=PRESENTATION_STYLE_ASSIGNMENT((#1091));
#549=ADVANCED_FACE('631:323',(#1092),#1093,.T.);
#550=PRESENTATION_STYLE_ASSIGNMENT((#1094));
#551=ADVANCED_FACE('631:314',(#1095),#1096,.F.);
#552=PRESENTATION_STYLE_ASSIGNMENT((#1097));
#553=ADVANCED_FACE('631:287',(#1098),#1099,.T.);
#554=PRESENTATION_STYLE_ASSIGNMENT((#1100));
#555=ADVANCED_FACE('631:284',(#1101),#1102,.T.);
#556=PRESENTATION_STYLE_ASSIGNMENT((#1103));
#557=ADVANCED_FACE('631:281',(#1104,#1105),#1106,.F.);
#558=PRESENTATION_STYLE_ASSIGNMENT((#1107));
#559=ADVANCED_FACE('631:278',(#1108,#1109),#1110,.F.);
#560=PRESENTATION_STYLE_ASSIGNMENT((#1111));
#561=ADVANCED_FACE('631:275',(#1112,#1113),#1114,.T.);
#562=PRESENTATION_STYLE_ASSIGNMENT((#1115));
#563=ADVANCED_FACE('631:272',(#1116,#1117),#1118,.T.);
#564=PRESENTATION_STYLE_ASSIGNMENT((#1119));
#565=ADVANCED_FACE('631:257',(#1120),#1121,.T.);
#566=PRESENTATION_STYLE_ASSIGNMENT((#1122));
#567=ADVANCED_FACE('631:254',(#1123),#1124,.T.);
#568=PRESENTATION_STYLE_ASSIGNMENT((#1125));
#571=LENGTH_MEASURE_WITH_UNIT(LENGTH_MEASURE(1.0),#1126);
#574=DIMENSIONAL_EXPONENTS(1.0,0.0,0.0,0.0,0.0,0.0,0.0);
#576=DIMENSIONAL_EXPONENTS(0.0,0.0,0.0,0.0,0.0,0.0,0.0);
#582=PRODUCT_CONTEXT('',#21,'mechanical');
#583=PRODUCT_DEFINITION_FORMATION_WITH_SPECIFIED_SOURCE(' ','NONE',#215,.NOT_KNOWN.);
#584=CARTESIAN_POINT('',(0.0,0.0,0.0));
#585=DIRECTION('',(0.0,0.0,1.0));
#586=DIRECTION('',(1.0,0.0,0.0));
#587=CARTESIAN_POINT('',(0.0,0.0,0.0));
#588=DIRECTION('',(0.0,0.0,1.0));
#589=DIRECTION('',(1.0,0.0,0.0));
#592=UNCERTAINTY_MEASURE_WITH_UNIT(LENGTH_MEASURE(1.0E-08),#594,'','');
#594= (CONVERSION_BASED_UNIT('METRE',#1129)LENGTH_UNIT()NAMED_UNIT(#1132));
#595= (NAMED_UNIT(#1134)PLANE_ANGLE_UNIT()SI_UNIT($,.RADIAN.));
#596= (NAMED_UNIT(#1134)SOLID_ANGLE_UNIT()SI_UNIT($,.STERADIAN.));
#598=PRODUCT_CONTEXT('',#26,'mechanical');
#599=PRODUCT_DEFINITION_FORMATION_WITH_SPECIFIED_SOURCE(' ','NONE',#220,.NOT_KNOWN.);
#600=CLOSED_SHELL('',(#239,#241,#243,#245,#247,#249,#251,#253,#255,#257,#259,#261,#263,#265,#267,#269,#271,#273,#275,#277,#279,#281,#283,#285,#287,#289,#291,#293,#295,#297,#299,#301,#303,#305,#307,#309,#311,#313,#315,#317,#319,#321,#323,#325,#327,#329,#331,#333,#335,#337,#339,#341,#343,#345,#347,#349,#351,#353,#355,#357,#359,#361,#363,#365,#367,#369,#371,#373,#375,#377,#379,#381,#383,#385,#387,#389,#391,#393,#395,#397,#399,#401,#403,#405,#407,#409,#411,#413,#415,#417,#419,#421,#423,#425,#427,#429,#431,#433,#435,#437,#439,#441,#443,#445,#447,#449,#451,#453,#455,#457,#459,#461,#463,#465,#467,#469,#471,#473,#475,#477,#479,#481,#483,#485,#487,#489,#491,#493,#495,#497,#499,#501,#503,#505,#507,#509,#511,#513,#515,#517,#519,#521,#523,#525,#527,#529,#531,#533,#535,#537,#539,#541,#543,#545,#547,#549,#551,#553,#555,#557,#559,#561,#563,#565,#567));
#601=PRODUCT_CONTEXT('',#34,'mechanical');
#602=PRODUCT_DEFINITION_FORMATION_WITH_SPECIFIED_SOURCE(' ','NONE',#228,.NOT_KNOWN.);
#603=CARTESIAN_POINT('',(0.0,0.0,0.0));
#604=DIRECTION('',(0.0,0.0,1.0));
#605=DIRECTION('',(1.0,0.0,0.0));
#606=CARTESIAN_POINT('',(0.0,0.0,0.0));
#607=DIRECTION('',(0.0,0.0,1.0));
#608=DIRECTION('',(1.0,0.0,0.0));
#611=UNCERTAINTY_MEASURE_WITH_UNIT(LENGTH_MEASURE(1.0E-08),#613,'','');
#613= (CONVERSION_BASED_UNIT('METRE',#1142)LENGTH_UNIT()NAMED_UNIT(#1145));
#614= (NAMED_UNIT(#1147)PLANE_ANGLE_UNIT()SI_UNIT($,.RADIAN.));
#615= (NAMED_UNIT(#1147)SOLID_ANGLE_UNIT()SI_UNIT($,.STERADIAN.));
#617=SURFACE_STYLE_USAGE(.BOTH.,#1153);
#618=FACE_OUTER_BOUND('',#1154,.T.);
#619=CYLINDRICAL_SURFACE('',#1155,0.007);
#620=SURFACE_STYLE_USAGE(.BOTH.,#1156);
#621=FACE_OUTER_BOUND('',#1157,.T.);
#622=(B_SPLINE_SURFACE(3,3,((#1159,#1160,#1161,#1162,#1163,#1164,#1165),(#1166,#1167,#1168,#1169,#1170,#1171,#1172),(#1173,#1174,#1175,#1176,#1177,#1178,#1179),(#1180,#1181,#1182,#1183,#1184,#1185,#1186)),.UNSPECIFIED.,.F.,.F.,.F.)B_SPLINE_SURFACE_WITH_KNOTS((4,4),(4,3,4),(1.5157962258865,4.76738908129308),(-1.57079632679499,-0.785398163397493,-2.22044604925031E-16),.UNSPECIFIED.)RATIONAL_B_SPLINE_SURFACE(((1.0,0.791597600667059,0.791597600667059,1.0,0.791597600667059,0.791597600667059,1.0),(0.804737854124344,0.637028554490788,0.637028554490788,0.804737854124344,0.637028554490788,0.637028554490788,0.804737854124344),(0.804737854124344,0.637028554490788,0.637028554490788,0.804737854124344,0.637028554490788,0.637028554490788,0.804737854124344),(1.0,0.791597600667059,0.791597600667059,1.0,0.791597600667059,0.791597600667059,1.0)))BOUNDED_SURFACE()REPRESENTATION_ITEM('')GEOMETRIC_REPRESENTATION_ITEM()SURFACE());
#623=SURFACE_STYLE_USAGE(.BOTH.,#1193);
#624=FACE_OUTER_BOUND('',#1194,.T.);
#625=PLANE('',#1195);
#626=SURFACE_STYLE_USAGE(.BOTH.,#1196);
#627=FACE_OUTER_BOUND('',#1197,.T.);
#628=PLANE('',#1198);
#629=SURFACE_STYLE_USAGE(.BOTH.,#1199);
#630=FACE_OUTER_BOUND('',#1200,.T.);
#631=CYLINDRICAL_SURFACE('',#1201,0.0005);
#632=SURFACE_STYLE_USAGE(.BOTH.,#1202);
#633=FACE_OUTER_BOUND('',#1203,.T.);
#634=FACE_OUTER_BOUND('',#1204,.T.);
#635=CYLINDRICAL_SURFACE('',#1205,0.00095);
#636=SURFACE_STYLE_USAGE(.BOTH.,#1206);
#637=FACE_OUTER_BOUND('',#1207,.T.);
#638=PLANE('',#1208);
#639=SURFACE_STYLE_USAGE(.BOTH.,#1209);
#640=FACE_OUTER_BOUND('',#1210,.T.);
#641=PLANE('',#1211);
#642=SURFACE_STYLE_USAGE(.BOTH.,#1212);
#643=FACE_OUTER_BOUND('',#1213,.T.);
#644=PLANE('',#1214);
#645=SURFACE_STYLE_USAGE(.BOTH.,#1215);
#646=FACE_OUTER_BOUND('',#1216,.T.);
#647=(B_SPLINE_SURFACE(3,3,((#1218,#1219,#1220,#1221,#1222,#1223,#1224),(#1225,#1226,#1227,#1228,#1229,#1230,#1231),(#1232,#1233,#1234,#1235,#1236,#1237,#1238),(#1239,#1240,#1241,#1242,#1243,#1244,#1245)),.UNSPECIFIED.,.F.,.F.,.F.)B_SPLINE_SURFACE_WITH_KNOTS((4,4),(4,3,4),(1.5157962258865,4.76738908129309),(-1.57079632679499,-0.785398163397496,0.0),.UNSPECIFIED.)RATIONAL_B_SPLINE_SURFACE(((1.0,0.791597600667058,0.791597600667058,1.0,0.791597600667058,0.791597600667058,1.0),(0.804737854124343,0.637028554490787,0.637028554490787,0.804737854124343,0.637028554490787,0.637028554490787,0.804737854124343),(0.804737854124343,0.637028554490787,0.637028554490787,0.804737854124343,0.637028554490787,0.637028554490787,0.804737854124343),(1.0,0.791597600667058,0.791597600667058,1.0,0.791597600667058,0.791597600667058,1.0)))BOUNDED_SURFACE()REPRESENTATION_ITEM('')GEOMETRIC_REPRESENTATION_ITEM()SURFACE());
#648=SURFACE_STYLE_USAGE(.BOTH.,#1252);
#649=FACE_OUTER_BOUND('',#1253,.T.);
#650=(B_SPLINE_SURFACE(3,3,((#1255,#1256,#1257,#1258,#1259,#1260,#1261),(#1262,#1263,#1264,#1265,#1266,#1267,#1268),(#1269,#1270,#1271,#1272,#1273,#1274,#1275),(#1276,#1277,#1278,#1279,#1280,#1281,#1282)),.UNSPECIFIED.,.F.,.F.,.F.)B_SPLINE_SURFACE_WITH_KNOTS((4,4),(4,3,4),(1.51579622588651,4.76738908129307),(-3.40847631043833E-15,0.785398163431925,1.57079632686385),.UNSPECIFIED.)RATIONAL_B_SPLINE_SURFACE(((1.0,0.791597600667061,0.791597600667061,1.0,0.791597600667061,0.791597600667061,1.0),(0.804737854108111,0.63702855447794,0.63702855447794,0.804737854108111,0.63702855447794,0.63702855447794,0.804737854108111),(0.804737854108111,0.63702855447794,0.63702855447794,0.804737854108111,0.63702855447794,0.63702855447794,0.804737854108111),(1.0,0.791597600667061,0.791597600667061,1.0,0.791597600667061,0.791597600667061,1.0)))BOUNDED_SURFACE()REPRESENTATION_ITEM('')GEOMETRIC_REPRESENTATION_ITEM()SURFACE());
#651=SURFACE_STYLE_USAGE(.BOTH.,#1289);
#652=FACE_OUTER_BOUND('',#1290,.T.);
#653=PLANE('',#1291);
#654=SURFACE_STYLE_USAGE(.BOTH.,#1292);
#655=FACE_OUTER_BOUND('',#1293,.T.);
#656=PLANE('',#1294);
#657=SURFACE_STYLE_USAGE(.BOTH.,#1295);
#658=FACE_OUTER_BOUND('',#1296,.T.);
#659=(B_SPLINE_SURFACE(3,3,((#1298,#1299,#1300,#1301,#1302,#1303,#1304),(#1305,#1306,#1307,#1308,#1309,#1310,#1311),(#1312,#1313,#1314,#1315,#1316,#1317,#1318),(#1319,#1320,#1321,#1322,#1323,#1324,#1325)),.UNSPECIFIED.,.F.,.F.,.F.)B_SPLINE_SURFACE_WITH_KNOTS((4,4),(4,3,4),(1.51579622588649,4.76738908129309),(-1.5707963267949,-0.785398163397448,0.0),.UNSPECIFIED.)RATIONAL_B_SPLINE_SURFACE(((1.0,0.791597600667058,0.791597600667058,1.0,0.791597600667058,0.791597600667058,1.0),(0.804737854124365,0.637028554490804,0.637028554490804,0.804737854124365,0.637028554490804,0.637028554490804,0.804737854124365),(0.804737854124365,0.637028554490804,0.637028554490804,0.804737854124365,0.637028554490804,0.637028554490804,0.804737854124365),(1.0,0.791597600667058,0.791597600667058,1.0,0.791597600667058,0.791597600667058,1.0)))BOUNDED_SURFACE()REPRESENTATION_ITEM('')GEOMETRIC_REPRESENTATION_ITEM()SURFACE());
#660=SURFACE_STYLE_USAGE(.BOTH.,#1332);
#661=FACE_OUTER_BOUND('',#1333,.T.);
#662=(B_SPLINE_SURFACE(3,3,((#1335,#1336,#1337,#1338,#1339,#1340,#1341),(#1342,#1343,#1344,#1345,#1346,#1347,#1348),(#1349,#1350,#1351,#1352,#1353,#1354,#1355),(#1356,#1357,#1358,#1359,#1360,#1361,#1362)),.UNSPECIFIED.,.F.,.F.,.F.)B_SPLINE_SURFACE_WITH_KNOTS((4,4),(4,3,4),(1.51579622588647,4.76738908129315),(-3.09673672750618E-15,0.785398163397449,1.5707963267949),.UNSPECIFIED.)RATIONAL_B_SPLINE_SURFACE(((1.0,0.791597600667047,0.791597600667047,1.0,0.791597600667047,0.791597600667047,1.0),(0.804737854124363,0.637028554490794,0.637028554490794,0.804737854124363,0.637028554490794,0.637028554490794,0.804737854124363),(0.804737854124363,0.637028554490794,0.637028554490794,0.804737854124363,0.637028554490794,0.637028554490794,0.804737854124363),(1.0,0.791597600667047,0.791597600667047,1.0,0.791597600667047,0.791597600667047,1.0)))BOUNDED_SURFACE()REPRESENTATION_ITEM('')GEOMETRIC_REPRESENTATION_ITEM()SURFACE());
#663=SURFACE_STYLE_USAGE(.BOTH.,#1369);
#664=FACE_OUTER_BOUND('',#1370,.T.);
#665=CYLINDRICAL_SURFACE('',#1371,0.0005);
#666=SURFACE_STYLE_USAGE(.BOTH.,#1372);
#667=FACE_OUTER_BOUND('',#1373,.T.);
#668=CYLINDRICAL_SURFACE('',#1374,0.0005);
#669=SURFACE_STYLE_USAGE(.BOTH.,#1375);
#670=FACE_OUTER_BOUND('',#1376,.T.);
#671=(B_SPLINE_SURFACE(3,3,((#1378,#1379,#1380,#1381,#1382,#1383,#1384),(#1385,#1386,#1387,#1388,#1389,#1390,#1391),(#1392,#1393,#1394,#1395,#1396,#1397,#1398),(#1399,#1400,#1401,#1402,#1403,#1404,#1405)),.UNSPECIFIED.,.F.,.F.,.F.)B_SPLINE_SURFACE_WITH_KNOTS((4,4),(4,3,4),(1.51579622588652,4.7673890812931),(-2.06250087403668E-15,0.785398163397451,1.5707963267949),.UNSPECIFIED.)RATIONAL_B_SPLINE_SURFACE(((1.0,0.791597600667059,0.791597600667059,1.0,0.791597600667059,0.791597600667059,1.0),(0.804737854124363,0.637028554490803,0.637028554490803,0.804737854124363,0.637028554490803,0.637028554490803,0.804737854124363),(0.804737854124363,0.637028554490803,0.637028554490803,0.804737854124363,0.637028554490803,0.637028554490803,0.804737854124363),(1.0,0.791597600667059,0.791597600667059,1.0,0.791597600667059,0.791597600667059,1.0)))BOUNDED_SURFACE()REPRESENTATION_ITEM('')GEOMETRIC_REPRESENTATION_ITEM()SURFACE());
#672=SURFACE_STYLE_USAGE(.BOTH.,#1412);
#673=FACE_OUTER_BOUND('',#1413,.T.);
#674=PLANE('',#1414);
#675=SURFACE_STYLE_USAGE(.BOTH.,#1415);
#676=FACE_OUTER_BOUND('',#1416,.T.);
#677=CYLINDRICAL_SURFACE('',#1417,0.0005);
#678=SURFACE_STYLE_USAGE(.BOTH.,#1418);
#679=FACE_OUTER_BOUND('',#1419,.T.);
#680=(B_SPLINE_SURFACE(3,3,((#1421,#1422,#1423,#1424,#1425,#1426,#1427),(#1428,#1429,#1430,#1431,#1432,#1433,#1434),(#1435,#1436,#1437,#1438,#1439,#1440,#1441),(#1442,#1443,#1444,#1445,#1446,#1447,#1448)),.UNSPECIFIED.,.F.,.F.,.F.)B_SPLINE_SURFACE_WITH_KNOTS((4,4),(4,3,4),(1.5157962258865,4.76738908129309),(-1.5707963267949,-0.785398163397448,2.22044604925031E-16),.UNSPECIFIED.)RATIONAL_B_SPLINE_SURFACE(((1.0,0.791597600667057,0.791597600667057,1.0,0.791597600667057,0.791597600667057,1.0),(0.804737854124365,0.637028554490804,0.637028554490804,0.804737854124365,0.637028554490804,0.637028554490804,0.804737854124365),(0.804737854124365,0.637028554490804,0.637028554490804,0.804737854124365,0.637028554490804,0.637028554490804,0.804737854124365),(1.0,0.791597600667057,0.791597600667057,1.0,0.791597600667057,0.791597600667057,1.0)))BOUNDED_SURFACE()REPRESENTATION_ITEM('')GEOMETRIC_REPRESENTATION_ITEM()SURFACE());
#681=SURFACE_STYLE_USAGE(.BOTH.,#1455);
#682=FACE_OUTER_BOUND('',#1456,.T.);
#683=PLANE('',#1457);
#684=SURFACE_STYLE_USAGE(.BOTH.,#1458);
#685=FACE_OUTER_BOUND('',#1459,.T.);
#686=PLANE('',#1460);
#687=SURFACE_STYLE_USAGE(.BOTH.,#1461);
#688=FACE_OUTER_BOUND('',#1462,.T.);
#689=PLANE('',#1463);
#690=SURFACE_STYLE_USAGE(.BOTH.,#1464);
#691=FACE_OUTER_BOUND('',#1465,.T.);
#692=(B_SPLINE_SURFACE(3,3,((#1467,#1468,#1469,#1470,#1471,#1472,#1473),(#1474,#1475,#1476,#1477,#1478,#1479,#1480),(#1481,#1482,#1483,#1484,#1485,#1486,#1487),(#1488,#1489,#1490,#1491,#1492,#1493,#1494)),.UNSPECIFIED.,.F.,.F.,.F.)B_SPLINE_SURFACE_WITH_KNOTS((4,4),(4,3,4),(1.5157962258865,4.76738908129309),(-1.5707963267949,-0.785398163397448,6.66133814775094E-16),.UNSPECIFIED.)RATIONAL_B_SPLINE_SURFACE(((1.0,0.791597600667058,0.791597600667058,1.0,0.791597600667058,0.791597600667058,1.0),(0.804737854124365,0.637028554490804,0.637028554490804,0.804737854124365,0.637028554490804,0.637028554490804,0.804737854124365),(0.804737854124365,0.637028554490804,0.637028554490804,0.804737854124365,0.637028554490804,0.637028554490804,0.804737854124365),(1.0,0.791597600667058,0.791597600667058,1.0,0.791597600667058,0.791597600667058,1.0)))BOUNDED_SURFACE()REPRESENTATION_ITEM('')GEOMETRIC_REPRESENTATION_ITEM()SURFACE());
#693=SURFACE_STYLE_USAGE(.BOTH.,#1501);
#694=FACE_OUTER_BOUND('',#1502,.T.);
#695=(B_SPLINE_SURFACE(3,3,((#1504,#1505,#1506,#1507,#1508,#1509,#1510),(#1511,#1512,#1513,#1514,#1515,#1516,#1517),(#1518,#1519,#1520,#1521,#1522,#1523,#1524),(#1525,#1526,#1527,#1528,#1529,#1530,#1531)),.UNSPECIFIED.,.F.,.F.,.F.)B_SPLINE_SURFACE_WITH_KNOTS((4,4),(4,3,4),(1.51579622588655,4.76738908129307),(-2.04579775910058E-15,0.785398163397449,1.5707963267949),.UNSPECIFIED.)RATIONAL_B_SPLINE_SURFACE(((1.0,0.791597600667067,0.791597600667067,1.0,0.791597600667067,0.791597600667067,1.0),(0.804737854124364,0.63702855449081,0.63702855449081,0.804737854124364,0.63702855449081,0.63702855449081,0.804737854124364),(0.804737854124364,0.63702855449081,0.63702855449081,0.804737854124364,0.63702855449081,0.63702855449081,0.804737854124364),(1.0,0.791597600667067,0.791597600667067,1.0,0.791597600667067,0.791597600667067,1.0)))BOUNDED_SURFACE()REPRESENTATION_ITEM('')GEOMETRIC_REPRESENTATION_ITEM()SURFACE());
#696=SURFACE_STYLE_USAGE(.BOTH.,#1538);
#697=FACE_OUTER_BOUND('',#1539,.T.);
#698=PLANE('',#1540);
#699=SURFACE_STYLE_USAGE(.BOTH.,#1541);
#700=FACE_OUTER_BOUND('',#1542,.T.);
#701=PLANE('',#1543);
#702=SURFACE_STYLE_USAGE(.BOTH.,#1544);
#703=FACE_OUTER_BOUND('',#1545,.T.);
#704=(B_SPLINE_SURFACE(3,3,((#1547,#1548,#1549,#1550,#1551,#1552,#1553),(#1554,#1555,#1556,#1557,#1558,#1559,#1560),(#1561,#1562,#1563,#1564,#1565,#1566,#1567),(#1568,#1569,#1570,#1571,#1572,#1573,#1574)),.UNSPECIFIED.,.F.,.F.,.F.)B_SPLINE_SURFACE_WITH_KNOTS((4,4),(4,3,4),(1.51579622588649,4.76738908129309),(-1.57079632679499,-0.785398163397494,-2.22044604925031E-16),.UNSPECIFIED.)RATIONAL_B_SPLINE_SURFACE(((1.0,0.791597600667056,0.791597600667056,1.0,0.791597600667056,0.791597600667056,1.0),(0.804737854124345,0.637028554490787,0.637028554490787,0.804737854124345,0.637028554490787,0.637028554490787,0.804737854124345),(0.804737854124345,0.637028554490787,0.637028554490787,0.804737854124345,0.637028554490787,0.637028554490787,0.804737854124345),(1.0,0.791597600667056,0.791597600667056,1.0,0.791597600667056,0.791597600667056,1.0)))BOUNDED_SURFACE()REPRESENTATION_ITEM('')GEOMETRIC_REPRESENTATION_ITEM()SURFACE());
#705=SURFACE_STYLE_USAGE(.BOTH.,#1581);
#706=FACE_OUTER_BOUND('',#1582,.T.);
#707=(B_SPLINE_SURFACE(3,3,((#1584,#1585,#1586,#1587,#1588,#1589,#1590),(#1591,#1592,#1593,#1594,#1595,#1596,#1597),(#1598,#1599,#1600,#1601,#1602,#1603,#1604),(#1605,#1606,#1607,#1608,#1609,#1610,#1611)),.UNSPECIFIED.,.F.,.F.,.F.)B_SPLINE_SURFACE_WITH_KNOTS((4,4),(4,3,4),(1.51579622588659,4.76738908129301),(-3.37521310074924E-15,0.785398163397447,1.5707963267949),.UNSPECIFIED.)RATIONAL_B_SPLINE_SURFACE(((1.0,0.791597600667078,0.791597600667078,1.0,0.791597600667078,0.791597600667078,1.0),(0.804737854124363,0.637028554490819,0.637028554490819,0.804737854124363,0.637028554490819,0.637028554490819,0.804737854124363),(0.804737854124363,0.637028554490819,0.637028554490819,0.804737854124363,0.637028554490819,0.637028554490819,0.804737854124363),(1.0,0.791597600667078,0.791597600667078,1.0,0.791597600667078,0.791597600667078,1.0)))BOUNDED_SURFACE()REPRESENTATION_ITEM('')GEOMETRIC_REPRESENTATION_ITEM()SURFACE());
#708=SURFACE_STYLE_USAGE(.BOTH.,#1618);
#709=FACE_OUTER_BOUND('',#1619,.T.);
#710=CYLINDRICAL_SURFACE('',#1620,0.0005);
#711=SURFACE_STYLE_USAGE(.BOTH.,#1621);
#712=FACE_OUTER_BOUND('',#1622,.T.);
#713=CYLINDRICAL_SURFACE('',#1623,0.0005);
#714=SURFACE_STYLE_USAGE(.BOTH.,#1624);
#715=FACE_OUTER_BOUND('',#1625,.T.);
#716=(B_SPLINE_SURFACE(3,3,((#1627,#1628,#1629,#1630,#1631,#1632,#1633),(#1634,#1635,#1636,#1637,#1638,#1639,#1640),(#1641,#1642,#1643,#1644,#1645,#1646,#1647),(#1648,#1649,#1650,#1651,#1652,#1653,#1654)),.UNSPECIFIED.,.F.,.F.,.F.)B_SPLINE_SURFACE_WITH_KNOTS((4,4),(4,3,4),(1.5157962258865,4.76738908129309),(-1.57079632679492,-0.785398163397461,8.88178419700125E-16),.UNSPECIFIED.)RATIONAL_B_SPLINE_SURFACE(((1.0,0.791597600667057,0.791597600667057,1.0,0.791597600667057,0.791597600667057,1.0),(0.804737854124359,0.637028554490799,0.637028554490799,0.804737854124359,0.637028554490799,0.637028554490799,0.804737854124359),(0.804737854124359,0.637028554490799,0.637028554490799,0.804737854124359,0.637028554490799,0.637028554490799,0.804737854124359),(1.0,0.791597600667057,0.791597600667057,1.0,0.791597600667057,0.791597600667057,1.0)))BOUNDED_SURFACE()REPRESENTATION_ITEM('')GEOMETRIC_REPRESENTATION_ITEM()SURFACE());
#717=SURFACE_STYLE_USAGE(.BOTH.,#1661);
#718=FACE_OUTER_BOUND('',#1662,.T.);
#719=(B_SPLINE_SURFACE(3,3,((#1664,#1665,#1666,#1667,#1668,#1669,#1670),(#1671,#1672,#1673,#1674,#1675,#1676,#1677),(#1678,#1679,#1680,#1681,#1682,#1683,#1684),(#1685,#1686,#1687,#1688,#1689,#1690,#1691)),.UNSPECIFIED.,.F.,.F.,.F.)B_SPLINE_SURFACE_WITH_KNOTS((4,4),(4,3,4),(1.51579622588661,4.76738908129299),(-4.278514429762E-15,0.785398163397447,1.5707963267949),.UNSPECIFIED.)RATIONAL_B_SPLINE_SURFACE(((1.0,0.791597600667083,0.791597600667083,1.0,0.791597600667083,0.791597600667083,1.0),(0.804737854124363,0.637028554490823,0.637028554490823,0.804737854124363,0.637028554490823,0.637028554490823,0.804737854124363),(0.804737854124363,0.637028554490823,0.637028554490823,0.804737854124363,0.637028554490823,0.637028554490823,0.804737854124363),(1.0,0.791597600667083,0.791597600667083,1.0,0.791597600667083,0.791597600667083,1.0)))BOUNDED_SURFACE()REPRESENTATION_ITEM('')GEOMETRIC_REPRESENTATION_ITEM()SURFACE());
#720=SURFACE_STYLE_USAGE(.BOTH.,#1698);
#721=FACE_OUTER_BOUND('',#1699,.T.);
#722=CYLINDRICAL_SURFACE('',#1700,0.0005);
#723=SURFACE_STYLE_USAGE(.BOTH.,#1701);
#724=FACE_OUTER_BOUND('',#1702,.T.);
#725=(B_SPLINE_SURFACE(3,3,((#1704,#1705,#1706,#1707,#1708,#1709,#1710),(#1711,#1712,#1713,#1714,#1715,#1716,#1717),(#1718,#1719,#1720,#1721,#1722,#1723,#1724),(#1725,#1726,#1727,#1728,#1729,#1730,#1731)),.UNSPECIFIED.,.F.,.F.,.F.)B_SPLINE_SURFACE_WITH_KNOTS((4,4),(4,3,4),(1.51579622588649,4.76738908129309),(-1.57079632679491,-0.785398163397456,4.44089209850063E-16),.UNSPECIFIED.)RATIONAL_B_SPLINE_SURFACE(((1.0,0.791597600667058,0.791597600667058,1.0,0.791597600667058,0.791597600667058,1.0),(0.804737854124361,0.637028554490801,0.637028554490801,0.804737854124361,0.637028554490801,0.637028554490801,0.804737854124361),(0.804737854124361,0.637028554490801,0.637028554490801,0.804737854124361,0.637028554490801,0.637028554490801,0.804737854124361),(1.0,0.791597600667058,0.791597600667058,1.0,0.791597600667058,0.791597600667058,1.0)))BOUNDED_SURFACE()REPRESENTATION_ITEM('')GEOMETRIC_REPRESENTATION_ITEM()SURFACE());
#726=SURFACE_STYLE_USAGE(.BOTH.,#1738);
#727=FACE_OUTER_BOUND('',#1739,.T.);
#728=(B_SPLINE_SURFACE(3,3,((#1741,#1742,#1743,#1744,#1745,#1746,#1747),(#1748,#1749,#1750,#1751,#1752,#1753,#1754),(#1755,#1756,#1757,#1758,#1759,#1760,#1761),(#1762,#1763,#1764,#1765,#1766,#1767,#1768)),.UNSPECIFIED.,.F.,.F.,.F.)B_SPLINE_SURFACE_WITH_KNOTS((4,4),(4,3,4),(1.51579622588663,4.76738908129297),(-3.89011974958563E-15,0.785398163397449,1.5707963267949),.UNSPECIFIED.)RATIONAL_B_SPLINE_SURFACE(((1.0,0.791597600667088,0.791597600667088,1.0,0.791597600667088,0.791597600667088,1.0),(0.804737854124363,0.637028554490826,0.637028554490826,0.804737854124363,0.637028554490826,0.637028554490826,0.804737854124363),(0.804737854124363,0.637028554490826,0.637028554490826,0.804737854124363,0.637028554490826,0.637028554490826,0.804737854124363),(1.0,0.791597600667088,0.791597600667088,1.0,0.791597600667088,0.791597600667088,1.0)))BOUNDED_SURFACE()REPRESENTATION_ITEM('')GEOMETRIC_REPRESENTATION_ITEM()SURFACE());
#729=SURFACE_STYLE_USAGE(.BOTH.,#1775);
#730=FACE_OUTER_BOUND('',#1776,.T.);
#731=CYLINDRICAL_SURFACE('',#1777,0.0005);
#732=SURFACE_STYLE_USAGE(.BOTH.,#1778);
#733=FACE_OUTER_BOUND('',#1779,.T.);
#734=(B_SPLINE_SURFACE(3,3,((#1781,#1782,#1783,#1784,#1785,#1786,#1787),(#1788,#1789,#1790,#1791,#1792,#1793,#1794),(#1795,#1796,#1797,#1798,#1799,#1800,#1801),(#1802,#1803,#1804,#1805,#1806,#1807,#1808)),.UNSPECIFIED.,.F.,.F.,.F.)B_SPLINE_SURFACE_WITH_KNOTS((4,4),(4,3,4),(1.5157962258865,4.76738908129308),(-1.57079632679492,-0.785398163397461,0.0),.UNSPECIFIED.)RATIONAL_B_SPLINE_SURFACE(((1.0,0.791597600667058,0.791597600667058,1.0,0.791597600667058,0.791597600667058,1.0),(0.80473785412436,0.6370285544908,0.6370285544908,0.80473785412436,0.6370285544908,0.6370285544908,0.80473785412436),(0.80473785412436,0.6370285544908,0.6370285544908,0.80473785412436,0.6370285544908,0.6370285544908,0.80473785412436),(1.0,0.791597600667058,0.791597600667058,1.0,0.791597600667058,0.791597600667058,1.0)))BOUNDED_SURFACE()REPRESENTATION_ITEM('')GEOMETRIC_REPRESENTATION_ITEM()SURFACE());
#735=SURFACE_STYLE_USAGE(.BOTH.,#1815);
#736=FACE_OUTER_BOUND('',#1816,.T.);
#737=(B_SPLINE_SURFACE(3,3,((#1818,#1819,#1820,#1821,#1822,#1823,#1824),(#1825,#1826,#1827,#1828,#1829,#1830,#1831),(#1832,#1833,#1834,#1835,#1836,#1837,#1838),(#1839,#1840,#1841,#1842,#1843,#1844,#1845)),.UNSPECIFIED.,.F.,.F.,.F.)B_SPLINE_SURFACE_WITH_KNOTS((4,4),(4,3,4),(1.51579622588664,4.76738908129296),(-4.50100641867763E-15,0.78539816339745,1.5707963267949),.UNSPECIFIED.)RATIONAL_B_SPLINE_SURFACE(((1.0,0.79159760066709,0.79159760066709,1.0,0.79159760066709,0.79159760066709,1.0),(0.804737854124362,0.637028554490828,0.637028554490828,0.804737854124362,0.637028554490828,0.637028554490828,0.804737854124362),(0.804737854124362,0.637028554490828,0.637028554490828,0.804737854124362,0.637028554490828,0.637028554490828,0.804737854124362),(1.0,0.79159760066709,0.79159760066709,1.0,0.79159760066709,0.79159760066709,1.0)))BOUNDED_SURFACE()REPRESENTATION_ITEM('')GEOMETRIC_REPRESENTATION_ITEM()SURFACE());
#738=SURFACE_STYLE_USAGE(.BOTH.,#1852);
#739=FACE_OUTER_BOUND('',#1853,.T.);
#740=CYLINDRICAL_SURFACE('',#1854,0.0005);
#741=SURFACE_STYLE_USAGE(.BOTH.,#1855);
#742=FACE_OUTER_BOUND('',#1856,.T.);
#743=(B_SPLINE_SURFACE(3,3,((#1858,#1859,#1860,#1861,#1862,#1863,#1864),(#1865,#1866,#1867,#1868,#1869,#1870,#1871),(#1872,#1873,#1874,#1875,#1876,#1877,#1878),(#1879,#1880,#1881,#1882,#1883,#1884,#1885)),.UNSPECIFIED.,.F.,.F.,.F.)B_SPLINE_SURFACE_WITH_KNOTS((4,4),(4,3,4),(1.5157962258865,4.76738908129309),(-1.57079632679492,-0.785398163397461,0.0),.UNSPECIFIED.)RATIONAL_B_SPLINE_SURFACE(((1.0,0.791597600667058,0.791597600667058,1.0,0.791597600667058,0.791597600667058,1.0),(0.804737854124359,0.637028554490799,0.637028554490799,0.804737854124359,0.637028554490799,0.637028554490799,0.804737854124359),(0.804737854124359,0.637028554490799,0.637028554490799,0.804737854124359,0.637028554490799,0.637028554490799,0.804737854124359),(1.0,0.791597600667058,0.791597600667058,1.0,0.791597600667058,0.791597600667058,1.0)))BOUNDED_SURFACE()REPRESENTATION_ITEM('')GEOMETRIC_REPRESENTATION_ITEM()SURFACE());
#744=SURFACE_STYLE_USAGE(.BOTH.,#1892);
#745=FACE_OUTER_BOUND('',#1893,.T.);
#746=(B_SPLINE_SURFACE(3,3,((#1895,#1896,#1897,#1898,#1899,#1900,#1901),(#1902,#1903,#1904,#1905,#1906,#1907,#1908),(#1909,#1910,#1911,#1912,#1913,#1914,#1915),(#1916,#1917,#1918,#1919,#1920,#1921,#1922)),.UNSPECIFIED.,.F.,.F.,.F.)B_SPLINE_SURFACE_WITH_KNOTS((4,4),(4,3,4),(1.51579622588664,4.76738908129297),(-4.31204745682798E-15,0.785398163397477,1.57079632679496),.UNSPECIFIED.)RATIONAL_B_SPLINE_SURFACE(((1.0,0.791597600667089,0.791597600667089,1.0,0.791597600667089,0.791597600667089,1.0),(0.804737854124349,0.637028554490816,0.637028554490816,0.804737854124349,0.637028554490816,0.637028554490816,0.804737854124349),(0.804737854124349,0.637028554490816,0.637028554490816,0.804737854124349,0.637028554490816,0.637028554490816,0.804737854124349),(1.0,0.791597600667089,0.791597600667089,1.0,0.791597600667089,0.791597600667089,1.0)))BOUNDED_SURFACE()REPRESENTATION_ITEM('')GEOMETRIC_REPRESENTATION_ITEM()SURFACE());
#747=SURFACE_STYLE_USAGE(.BOTH.,#1929);
#748=FACE_OUTER_BOUND('',#1930,.T.);
#749=CYLINDRICAL_SURFACE('',#1931,0.0005);
#750=SURFACE_STYLE_USAGE(.BOTH.,#1932);
#751=FACE_OUTER_BOUND('',#1933,.T.);
#752=(B_SPLINE_SURFACE(3,3,((#1935,#1936,#1937,#1938,#1939,#1940,#1941),(#1942,#1943,#1944,#1945,#1946,#1947,#1948),(#1949,#1950,#1951,#1952,#1953,#1954,#1955),(#1956,#1957,#1958,#1959,#1960,#1961,#1962)),.UNSPECIFIED.,.F.,.F.,.F.)B_SPLINE_SURFACE_WITH_KNOTS((4,4),(4,3,4),(1.5157962258865,4.76738908129309),(-1.57079632679492,-0.785398163397459,1.11022302462516E-15),.UNSPECIFIED.)RATIONAL_B_SPLINE_SURFACE(((1.0,0.791597600667058,0.791597600667058,1.0,0.791597600667058,0.791597600667058,1.0),(0.804737854124359,0.6370285544908,0.6370285544908,0.804737854124359,0.6370285544908,0.6370285544908,0.804737854124359),(0.804737854124359,0.6370285544908,0.6370285544908,0.804737854124359,0.6370285544908,0.6370285544908,0.804737854124359),(1.0,0.791597600667058,0.791597600667058,1.0,0.791597600667058,0.791597600667058,1.0)))BOUNDED_SURFACE()REPRESENTATION_ITEM('')GEOMETRIC_REPRESENTATION_ITEM()SURFACE());
#753=SURFACE_STYLE_USAGE(.BOTH.,#1969);
#754=FACE_OUTER_BOUND('',#1970,.T.);
#755=(B_SPLINE_SURFACE(3,3,((#1972,#1973,#1974,#1975,#1976,#1977,#1978),(#1979,#1980,#1981,#1982,#1983,#1984,#1985),(#1986,#1987,#1988,#1989,#1990,#1991,#1992),(#1993,#1994,#1995,#1996,#1997,#1998,#1999)),.UNSPECIFIED.,.F.,.F.,.F.)B_SPLINE_SURFACE_WITH_KNOTS((4,4),(4,3,4),(1.51579622588663,4.76738908129298),(-4.17261096034819E-15,0.785398163397446,1.5707963267949),.UNSPECIFIED.)RATIONAL_B_SPLINE_SURFACE(((1.0,0.791597600667088,0.791597600667088,1.0,0.791597600667088,0.791597600667088,1.0),(0.804737854124364,0.637028554490827,0.637028554490827,0.804737854124364,0.637028554490827,0.637028554490827,0.804737854124364),(0.804737854124364,0.637028554490827,0.637028554490827,0.804737854124364,0.637028554490827,0.637028554490827,0.804737854124364),(1.0,0.791597600667088,0.791597600667088,1.0,0.791597600667088,0.791597600667088,1.0)))BOUNDED_SURFACE()REPRESENTATION_ITEM('')GEOMETRIC_REPRESENTATION_ITEM()SURFACE());
#756=SURFACE_STYLE_USAGE(.BOTH.,#2006);
#757=FACE_OUTER_BOUND('',#2007,.T.);
#758=CYLINDRICAL_SURFACE('',#2008,0.0005);
#759=SURFACE_STYLE_USAGE(.BOTH.,#2009);
#760=FACE_OUTER_BOUND('',#2010,.T.);
#761=(B_SPLINE_SURFACE(3,3,((#2012,#2013,#2014,#2015,#2016,#2017,#2018),(#2019,#2020,#2021,#2022,#2023,#2024,#2025),(#2026,#2027,#2028,#2029,#2030,#2031,#2032),(#2033,#2034,#2035,#2036,#2037,#2038,#2039)),.UNSPECIFIED.,.F.,.F.,.F.)B_SPLINE_SURFACE_WITH_KNOTS((4,4),(4,3,4),(1.5157962258865,4.76738908129309),(-1.57079632679492,-0.78539816339746,0.0),.UNSPECIFIED.)RATIONAL_B_SPLINE_SURFACE(((1.0,0.791597600667058,0.791597600667058,1.0,0.791597600667058,0.791597600667058,1.0),(0.80473785412436,0.6370285544908,0.6370285544908,0.80473785412436,0.6370285544908,0.6370285544908,0.80473785412436),(0.80473785412436,0.6370285544908,0.6370285544908,0.80473785412436,0.6370285544908,0.6370285544908,0.80473785412436),(1.0,0.791597600667058,0.791597600667058,1.0,0.791597600667058,0.791597600667058,1.0)))BOUNDED_SURFACE()REPRESENTATION_ITEM('')GEOMETRIC_REPRESENTATION_ITEM()SURFACE());
#762=SURFACE_STYLE_USAGE(.BOTH.,#2046);
#763=FACE_OUTER_BOUND('',#2047,.T.);
#764=(B_SPLINE_SURFACE(3,3,((#2049,#2050,#2051,#2052,#2053,#2054,#2055),(#2056,#2057,#2058,#2059,#2060,#2061,#2062),(#2063,#2064,#2065,#2066,#2067,#2068,#2069),(#2070,#2071,#2072,#2073,#2074,#2075,#2076)),.UNSPECIFIED.,.F.,.F.,.F.)B_SPLINE_SURFACE_WITH_KNOTS((4,4),(4,3,4),(1.51579622588662,4.767389081293),(-3.73424995812017E-15,0.785398163397449,1.5707963267949),.UNSPECIFIED.)RATIONAL_B_SPLINE_SURFACE(((1.0,0.791597600667084,0.791597600667084,1.0,0.791597600667084,0.791597600667084,1.0),(0.804737854124363,0.637028554490823,0.637028554490823,0.804737854124363,0.637028554490823,0.637028554490823,0.804737854124363),(0.804737854124363,0.637028554490823,0.637028554490823,0.804737854124363,0.637028554490823,0.637028554490823,0.804737854124363),(1.0,0.791597600667084,0.791597600667084,1.0,0.791597600667084,0.791597600667084,1.0)))BOUNDED_SURFACE()REPRESENTATION_ITEM('')GEOMETRIC_REPRESENTATION_ITEM()SURFACE());
#765=SURFACE_STYLE_USAGE(.BOTH.,#2083);
#766=FACE_OUTER_BOUND('',#2084,.T.);
#767=CYLINDRICAL_SURFACE('',#2085,0.0005);
#768=SURFACE_STYLE_USAGE(.BOTH.,#2086);
#769=FACE_OUTER_BOUND('',#2087,.T.);
#770=(B_SPLINE_SURFACE(3,3,((#2089,#2090,#2091,#2092,#2093,#2094,#2095),(#2096,#2097,#2098,#2099,#2100,#2101,#2102),(#2103,#2104,#2105,#2106,#2107,#2108,#2109),(#2110,#2111,#2112,#2113,#2114,#2115,#2116)),.UNSPECIFIED.,.F.,.F.,.F.)B_SPLINE_SURFACE_WITH_KNOTS((4,4),(4,3,4),(1.5157962258865,4.76738908129309),(-1.5707963267949,-0.785398163397449,-2.22044604925031E-16),.UNSPECIFIED.)RATIONAL_B_SPLINE_SURFACE(((1.0,0.791597600667058,0.791597600667058,1.0,0.791597600667058,0.791597600667058,1.0),(0.804737854124365,0.637028554490804,0.637028554490804,0.804737854124365,0.637028554490804,0.637028554490804,0.804737854124365),(0.804737854124365,0.637028554490804,0.637028554490804,0.804737854124365,0.637028554490804,0.637028554490804,0.804737854124365),(1.0,0.791597600667058,0.791597600667058,1.0,0.791597600667058,0.791597600667058,1.0)))BOUNDED_SURFACE()REPRESENTATION_ITEM('')GEOMETRIC_REPRESENTATION_ITEM()SURFACE());
#771=SURFACE_STYLE_USAGE(.BOTH.,#2123);
#772=FACE_OUTER_BOUND('',#2124,.T.);
#773=(B_SPLINE_SURFACE(3,3,((#2126,#2127,#2128,#2129,#2130,#2131,#2132),(#2133,#2134,#2135,#2136,#2137,#2138,#2139),(#2140,#2141,#2142,#2143,#2144,#2145,#2146),(#2147,#2148,#2149,#2150,#2151,#2152,#2153)),.UNSPECIFIED.,.F.,.F.,.F.)B_SPLINE_SURFACE_WITH_KNOTS((4,4),(4,3,4),(1.51579622588659,4.76738908129303),(-4.05808125258983E-15,0.785398163397448,1.5707963267949),.UNSPECIFIED.)RATIONAL_B_SPLINE_SURFACE(((1.0,0.791597600667076,0.791597600667076,1.0,0.791597600667076,0.791597600667076,1.0),(0.804737854124363,0.637028554490817,0.637028554490817,0.804737854124363,0.637028554490817,0.637028554490817,0.804737854124363),(0.804737854124363,0.637028554490817,0.637028554490817,0.804737854124363,0.637028554490817,0.637028554490817,0.804737854124363),(1.0,0.791597600667076,0.791597600667076,1.0,0.791597600667076,0.791597600667076,1.0)))BOUNDED_SURFACE()REPRESENTATION_ITEM('')GEOMETRIC_REPRESENTATION_ITEM()SURFACE());
#774=SURFACE_STYLE_USAGE(.BOTH.,#2160);
#775=FACE_OUTER_BOUND('',#2161,.T.);
#776=PLANE('',#2162);
#777=SURFACE_STYLE_USAGE(.BOTH.,#2163);
#778=FACE_OUTER_BOUND('',#2164,.T.);
#779=PLANE('',#2165);
#780=SURFACE_STYLE_USAGE(.BOTH.,#2166);
#781=FACE_OUTER_BOUND('',#2167,.T.);
#782=PLANE('',#2168);
#783=SURFACE_STYLE_USAGE(.BOTH.,#2169);
#784=FACE_OUTER_BOUND('',#2170,.T.);
#785=(B_SPLINE_SURFACE(3,3,((#2172,#2173,#2174,#2175,#2176,#2177,#2178),(#2179,#2180,#2181,#2182,#2183,#2184,#2185),(#2186,#2187,#2188,#2189,#2190,#2191,#2192),(#2193,#2194,#2195,#2196,#2197,#2198,#2199)),.UNSPECIFIED.,.F.,.F.,.F.)B_SPLINE_SURFACE_WITH_KNOTS((4,4),(4,3,4),(1.5157962258865,4.76738908129308),(-1.5707963267949,-0.785398163397448,2.22044604925031E-16),.UNSPECIFIED.)RATIONAL_B_SPLINE_SURFACE(((1.0,0.791597600667058,0.791597600667058,1.0,0.791597600667058,0.791597600667058,1.0),(0.804737854124365,0.637028554490805,0.637028554490805,0.804737854124365,0.637028554490805,0.637028554490805,0.804737854124365),(0.804737854124365,0.637028554490805,0.637028554490805,0.804737854124365,0.637028554490805,0.637028554490805,0.804737854124365),(1.0,0.791597600667058,0.791597600667058,1.0,0.791597600667058,0.791597600667058,1.0)))BOUNDED_SURFACE()REPRESENTATION_ITEM('')GEOMETRIC_REPRESENTATION_ITEM()SURFACE());
#786=SURFACE_STYLE_USAGE(.BOTH.,#2206);
#787=FACE_OUTER_BOUND('',#2207,.T.);
#788=(B_SPLINE_SURFACE(3,3,((#2209,#2210,#2211,#2212,#2213,#2214,#2215),(#2216,#2217,#2218,#2219,#2220,#2221,#2222),(#2223,#2224,#2225,#2226,#2227,#2228,#2229),(#2230,#2231,#2232,#2233,#2234,#2235,#2236)),.UNSPECIFIED.,.F.,.F.,.F.)B_SPLINE_SURFACE_WITH_KNOTS((4,4),(4,3,4),(1.51579622588645,4.76738908129317),(-3.14670305239684E-15,0.785398163397449,1.5707963267949),.UNSPECIFIED.)RATIONAL_B_SPLINE_SURFACE(((1.0,0.791597600667042,0.791597600667042,1.0,0.791597600667042,0.791597600667042,1.0),(0.804737854124363,0.63702855449079,0.63702855449079,0.804737854124363,0.63702855449079,0.63702855449079,0.804737854124363),(0.804737854124363,0.63702855449079,0.63702855449079,0.804737854124363,0.63702855449079,0.63702855449079,0.804737854124363),(1.0,0.791597600667042,0.791597600667042,1.0,0.791597600667042,0.791597600667042,1.0)))BOUNDED_SURFACE()REPRESENTATION_ITEM('')GEOMETRIC_REPRESENTATION_ITEM()SURFACE());
#789=SURFACE_STYLE_USAGE(.BOTH.,#2243);
#790=FACE_OUTER_BOUND('',#2244,.T.);
#791=CYLINDRICAL_SURFACE('',#2245,0.0005);
#792=SURFACE_STYLE_USAGE(.BOTH.,#2246);
#793=FACE_OUTER_BOUND('',#2247,.T.);
#794=CYLINDRICAL_SURFACE('',#2248,0.0005);
#795=SURFACE_STYLE_USAGE(.BOTH.,#2249);
#796=FACE_OUTER_BOUND('',#2250,.T.);
#797=(B_SPLINE_SURFACE(3,3,((#2252,#2253,#2254,#2255,#2256,#2257,#2258),(#2259,#2260,#2261,#2262,#2263,#2264,#2265),(#2266,#2267,#2268,#2269,#2270,#2271,#2272),(#2273,#2274,#2275,#2276,#2277,#2278,#2279)),.UNSPECIFIED.,.F.,.F.,.F.)B_SPLINE_SURFACE_WITH_KNOTS((4,4),(4,3,4),(1.5157962258865,4.76738908129309),(-1.5707963267949,-0.785398163397449,6.66133814775094E-16),.UNSPECIFIED.)RATIONAL_B_SPLINE_SURFACE(((1.0,0.791597600667058,0.791597600667058,1.0,0.791597600667058,0.791597600667058,1.0),(0.804737854124365,0.637028554490804,0.637028554490804,0.804737854124365,0.637028554490804,0.637028554490804,0.804737854124365),(0.804737854124365,0.637028554490804,0.637028554490804,0.804737854124365,0.637028554490804,0.637028554490804,0.804737854124365),(1.0,0.791597600667058,0.791597600667058,1.0,0.791597600667058,0.791597600667058,1.0)))BOUNDED_SURFACE()REPRESENTATION_ITEM('')GEOMETRIC_REPRESENTATION_ITEM()SURFACE());
#798=SURFACE_STYLE_USAGE(.BOTH.,#2286);
#799=FACE_OUTER_BOUND('',#2287,.T.);
#800=(B_SPLINE_SURFACE(3,3,((#2289,#2290,#2291,#2292,#2293,#2294,#2295),(#2296,#2297,#2298,#2299,#2300,#2301,#2302),(#2303,#2304,#2305,#2306,#2307,#2308,#2309),(#2310,#2311,#2312,#2313,#2314,#2315,#2316)),.UNSPECIFIED.,.F.,.F.,.F.)B_SPLINE_SURFACE_WITH_KNOTS((4,4),(4,3,4),(1.51579622588641,4.76738908129321),(-2.04579776470923E-15,0.78539816339745,1.5707963267949),.UNSPECIFIED.)RATIONAL_B_SPLINE_SURFACE(((1.0,0.791597600667032,0.791597600667032,1.0,0.791597600667032,0.791597600667032,1.0),(0.804737854124363,0.637028554490782,0.637028554490782,0.804737854124363,0.637028554490782,0.637028554490782,0.804737854124363),(0.804737854124363,0.637028554490782,0.637028554490782,0.804737854124363,0.637028554490782,0.637028554490782,0.804737854124363),(1.0,0.791597600667032,0.791597600667032,1.0,0.791597600667032,0.791597600667032,1.0)))BOUNDED_SURFACE()REPRESENTATION_ITEM('')GEOMETRIC_REPRESENTATION_ITEM()SURFACE());
#801=SURFACE_STYLE_USAGE(.BOTH.,#2323);
#802=FACE_OUTER_BOUND('',#2324,.T.);
#803=CYLINDRICAL_SURFACE('',#2325,0.0005);
#804=SURFACE_STYLE_USAGE(.BOTH.,#2326);
#805=FACE_OUTER_BOUND('',#2327,.T.);
#806=(B_SPLINE_SURFACE(3,3,((#2329,#2330,#2331,#2332,#2333,#2334,#2335),(#2336,#2337,#2338,#2339,#2340,#2341,#2342),(#2343,#2344,#2345,#2346,#2347,#2348,#2349),(#2350,#2351,#2352,#2353,#2354,#2355,#2356)),.UNSPECIFIED.,.F.,.F.,.F.)B_SPLINE_SURFACE_WITH_KNOTS((4,4),(4,3,4),(1.5157962258865,4.76738908129308),(-1.5707963267949,-0.785398163397449,-2.22044604925031E-16),.UNSPECIFIED.)RATIONAL_B_SPLINE_SURFACE(((1.0,0.791597600667058,0.791597600667058,1.0,0.791597600667058,0.791597600667058,1.0),(0.804737854124365,0.637028554490805,0.637028554490805,0.804737854124365,0.637028554490805,0.637028554490805,0.804737854124365),(0.804737854124365,0.637028554490805,0.637028554490805,0.804737854124365,0.637028554490805,0.637028554490805,0.804737854124365),(1.0,0.791597600667058,0.791597600667058,1.0,0.791597600667058,0.791597600667058,1.0)))BOUNDED_SURFACE()REPRESENTATION_ITEM('')GEOMETRIC_REPRESENTATION_ITEM()SURFACE());
#807=SURFACE_STYLE_USAGE(.BOTH.,#2363);
#808=FACE_OUTER_BOUND('',#2364,.T.);
#809=(B_SPLINE_SURFACE(3,3,((#2366,#2367,#2368,#2369,#2370,#2371,#2372),(#2373,#2374,#2375,#2376,#2377,#2378,#2379),(#2380,#2381,#2382,#2383,#2384,#2385,#2386),(#2387,#2388,#2389,#2390,#2391,#2392,#2393)),.UNSPECIFIED.,.F.,.F.,.F.)B_SPLINE_SURFACE_WITH_KNOTS((4,4),(4,3,4),(1.51579622588638,4.76738908129323),(-2.22669860211027E-15,0.785398163397449,1.5707963267949),.UNSPECIFIED.)RATIONAL_B_SPLINE_SURFACE(((1.0,0.791597600667027,0.791597600667027,1.0,0.791597600667027,0.791597600667027,1.0),(0.804737854124364,0.637028554490778,0.637028554490778,0.804737854124364,0.637028554490778,0.637028554490778,0.804737854124364),(0.804737854124364,0.637028554490778,0.637028554490778,0.804737854124364,0.637028554490778,0.637028554490778,0.804737854124364),(1.0,0.791597600667027,0.791597600667027,1.0,0.791597600667027,0.791597600667027,1.0)))BOUNDED_SURFACE()REPRESENTATION_ITEM('')GEOMETRIC_REPRESENTATION_ITEM()SURFACE());
#810=SURFACE_STYLE_USAGE(.BOTH.,#2400);
#811=FACE_OUTER_BOUND('',#2401,.T.);
#812=CYLINDRICAL_SURFACE('',#2402,0.0005);
#813=SURFACE_STYLE_USAGE(.BOTH.,#2403);
#814=FACE_OUTER_BOUND('',#2404,.T.);
#815=(B_SPLINE_SURFACE(3,3,((#2406,#2407,#2408,#2409,#2410,#2411,#2412),(#2413,#2414,#2415,#2416,#2417,#2418,#2419),(#2420,#2421,#2422,#2423,#2424,#2425,#2426),(#2427,#2428,#2429,#2430,#2431,#2432,#2433)),.UNSPECIFIED.,.F.,.F.,.F.)B_SPLINE_SURFACE_WITH_KNOTS((4,4),(4,3,4),(1.5157962258865,4.76738908129309),(-1.5707963267949,-0.785398163397448,0.0),.UNSPECIFIED.)RATIONAL_B_SPLINE_SURFACE(((1.0,0.791597600667058,0.791597600667058,1.0,0.791597600667058,0.791597600667058,1.0),(0.804737854124366,0.637028554490805,0.637028554490805,0.804737854124366,0.637028554490805,0.637028554490805,0.804737854124366),(0.804737854124366,0.637028554490805,0.637028554490805,0.804737854124366,0.637028554490805,0.637028554490805,0.804737854124366),(1.0,0.791597600667058,0.791597600667058,1.0,0.791597600667058,0.791597600667058,1.0)))BOUNDED_SURFACE()REPRESENTATION_ITEM('')GEOMETRIC_REPRESENTATION_ITEM()SURFACE());
#816=SURFACE_STYLE_USAGE(.BOTH.,#2440);
#817=FACE_OUTER_BOUND('',#2441,.T.);
#818=(B_SPLINE_SURFACE(3,3,((#2443,#2444,#2445,#2446,#2447,#2448,#2449),(#2450,#2451,#2452,#2453,#2454,#2455,#2456),(#2457,#2458,#2459,#2460,#2461,#2462,#2463),(#2464,#2465,#2466,#2467,#2468,#2469,#2470)),.UNSPECIFIED.,.F.,.F.,.F.)B_SPLINE_SURFACE_WITH_KNOTS((4,4),(4,3,4),(1.51579622588637,4.76738908129324),(-3.6992954608439E-15,0.785398163397448,1.5707963267949),.UNSPECIFIED.)RATIONAL_B_SPLINE_SURFACE(((1.0,0.791597600667023,0.791597600667023,1.0,0.791597600667023,0.791597600667023,1.0),(0.804737854124363,0.637028554490774,0.637028554490774,0.804737854124363,0.637028554490774,0.637028554490774,0.804737854124363),(0.804737854124363,0.637028554490774,0.637028554490774,0.804737854124363,0.637028554490774,0.637028554490774,0.804737854124363),(1.0,0.791597600667023,0.791597600667023,1.0,0.791597600667023,0.791597600667023,1.0)))BOUNDED_SURFACE()REPRESENTATION_ITEM('')GEOMETRIC_REPRESENTATION_ITEM()SURFACE());
#819=SURFACE_STYLE_USAGE(.BOTH.,#2477);
#820=FACE_OUTER_BOUND('',#2478,.T.);
#821=CYLINDRICAL_SURFACE('',#2479,0.0005);
#822=SURFACE_STYLE_USAGE(.BOTH.,#2480);
#823=FACE_OUTER_BOUND('',#2481,.T.);
#824=(B_SPLINE_SURFACE(3,3,((#2483,#2484,#2485,#2486,#2487,#2488,#2489),(#2490,#2491,#2492,#2493,#2494,#2495,#2496),(#2497,#2498,#2499,#2500,#2501,#2502,#2503),(#2504,#2505,#2506,#2507,#2508,#2509,#2510)),.UNSPECIFIED.,.F.,.F.,.F.)B_SPLINE_SURFACE_WITH_KNOTS((4,4),(4,3,4),(1.5157962258865,4.76738908129309),(-1.5707963267949,-0.785398163397448,1.11022302462516E-15),.UNSPECIFIED.)RATIONAL_B_SPLINE_SURFACE(((1.0,0.791597600667058,0.791597600667058,1.0,0.791597600667058,0.791597600667058,1.0),(0.804737854124366,0.637028554490805,0.637028554490805,0.804737854124366,0.637028554490805,0.637028554490805,0.804737854124366),(0.804737854124366,0.637028554490805,0.637028554490805,0.804737854124366,0.637028554490805,0.637028554490805,0.804737854124366),(1.0,0.791597600667058,0.791597600667058,1.0,0.791597600667058,0.791597600667058,1.0)))BOUNDED_SURFACE()REPRESENTATION_ITEM('')GEOMETRIC_REPRESENTATION_ITEM()SURFACE());
#825=SURFACE_STYLE_USAGE(.BOTH.,#2517);
#826=FACE_OUTER_BOUND('',#2518,.T.);
#827=(B_SPLINE_SURFACE(3,3,((#2520,#2521,#2522,#2523,#2524,#2525,#2526),(#2527,#2528,#2529,#2530,#2531,#2532,#2533),(#2534,#2535,#2536,#2537,#2538,#2539,#2540),(#2541,#2542,#2543,#2544,#2545,#2546,#2547)),.UNSPECIFIED.,.F.,.F.,.F.)B_SPLINE_SURFACE_WITH_KNOTS((4,4),(4,3,4),(1.51579622588635,4.76738908129325),(-1.16771575635717E-15,0.78539816339745,1.5707963267949),.UNSPECIFIED.)RATIONAL_B_SPLINE_SURFACE(((1.0,0.79159760066702,0.79159760066702,1.0,0.79159760066702,0.79159760066702,1.0),(0.804737854124363,0.637028554490773,0.637028554490773,0.804737854124363,0.637028554490773,0.637028554490773,0.804737854124363),(0.804737854124363,0.637028554490773,0.637028554490773,0.804737854124363,0.637028554490773,0.637028554490773,0.804737854124363),(1.0,0.79159760066702,0.79159760066702,1.0,0.79159760066702,0.79159760066702,1.0)))BOUNDED_SURFACE()REPRESENTATION_ITEM('')GEOMETRIC_REPRESENTATION_ITEM()SURFACE());
#828=SURFACE_STYLE_USAGE(.BOTH.,#2554);
#829=FACE_OUTER_BOUND('',#2555,.T.);
#830=CYLINDRICAL_SURFACE('',#2556,0.0005);
#831=SURFACE_STYLE_USAGE(.BOTH.,#2557);
#832=FACE_OUTER_BOUND('',#2558,.T.);
#833=(B_SPLINE_SURFACE(3,3,((#2560,#2561,#2562,#2563,#2564,#2565,#2566),(#2567,#2568,#2569,#2570,#2571,#2572,#2573),(#2574,#2575,#2576,#2577,#2578,#2579,#2580),(#2581,#2582,#2583,#2584,#2585,#2586,#2587)),.UNSPECIFIED.,.F.,.F.,.F.)B_SPLINE_SURFACE_WITH_KNOTS((4,4),(4,3,4),(1.5157962258865,4.76738908129309),(-1.5707963267949,-0.785398163397448,0.0),.UNSPECIFIED.)RATIONAL_B_SPLINE_SURFACE(((1.0,0.791597600667057,0.791597600667057,1.0,0.791597600667057,0.791597600667057,1.0),(0.804737854124366,0.637028554490804,0.637028554490804,0.804737854124366,0.637028554490804,0.637028554490804,0.804737854124366),(0.804737854124366,0.637028554490804,0.637028554490804,0.804737854124366,0.637028554490804,0.637028554490804,0.804737854124366),(1.0,0.791597600667057,0.791597600667057,1.0,0.791597600667057,0.791597600667057,1.0)))BOUNDED_SURFACE()REPRESENTATION_ITEM('')GEOMETRIC_REPRESENTATION_ITEM()SURFACE());
#834=SURFACE_STYLE_USAGE(.BOTH.,#2594);
#835=FACE_OUTER_BOUND('',#2595,.T.);
#836=(B_SPLINE_SURFACE(3,3,((#2597,#2598,#2599,#2600,#2601,#2602,#2603),(#2604,#2605,#2606,#2607,#2608,#2609,#2610),(#2611,#2612,#2613,#2614,#2615,#2616,#2617),(#2618,#2619,#2620,#2621,#2622,#2623,#2624)),.UNSPECIFIED.,.F.,.F.,.F.)B_SPLINE_SURFACE_WITH_KNOTS((4,4),(4,3,4),(1.51579622588635,4.76738908129325),(-1.05944093643972E-15,0.785398163397452,1.5707963267949),.UNSPECIFIED.)RATIONAL_B_SPLINE_SURFACE(((1.0,0.79159760066702,0.79159760066702,1.0,0.79159760066702,0.79159760066702,1.0),(0.804737854124362,0.637028554490772,0.637028554490772,0.804737854124362,0.637028554490772,0.637028554490772,0.804737854124362),(0.804737854124362,0.637028554490772,0.637028554490772,0.804737854124362,0.637028554490772,0.637028554490772,0.804737854124362),(1.0,0.79159760066702,0.79159760066702,1.0,0.79159760066702,0.79159760066702,1.0)))BOUNDED_SURFACE()REPRESENTATION_ITEM('')GEOMETRIC_REPRESENTATION_ITEM()SURFACE());
#837=SURFACE_STYLE_USAGE(.BOTH.,#2631);
#838=FACE_OUTER_BOUND('',#2632,.T.);
#839=CYLINDRICAL_SURFACE('',#2633,0.0005);
#840=SURFACE_STYLE_USAGE(.BOTH.,#2634);
#841=FACE_OUTER_BOUND('',#2635,.T.);
#842=(B_SPLINE_SURFACE(3,3,((#2637,#2638,#2639,#2640,#2641,#2642,#2643),(#2644,#2645,#2646,#2647,#2648,#2649,#2650),(#2651,#2652,#2653,#2654,#2655,#2656,#2657),(#2658,#2659,#2660,#2661,#2662,#2663,#2664)),.UNSPECIFIED.,.F.,.F.,.F.)B_SPLINE_SURFACE_WITH_KNOTS((4,4),(4,3,4),(1.5157962258865,4.76738908129308),(-1.5707963267949,-0.785398163397449,-2.22044604925031E-16),.UNSPECIFIED.)RATIONAL_B_SPLINE_SURFACE(((1.0,0.791597600667058,0.791597600667058,1.0,0.791597600667058,0.791597600667058,1.0),(0.804737854124366,0.637028554490805,0.637028554490805,0.804737854124366,0.637028554490805,0.637028554490805,0.804737854124366),(0.804737854124366,0.637028554490805,0.637028554490805,0.804737854124366,0.637028554490805,0.637028554490805,0.804737854124366),(1.0,0.791597600667058,0.791597600667058,1.0,0.791597600667058,0.791597600667058,1.0)))BOUNDED_SURFACE()REPRESENTATION_ITEM('')GEOMETRIC_REPRESENTATION_ITEM()SURFACE());
#843=SURFACE_STYLE_USAGE(.BOTH.,#2671);
#844=FACE_OUTER_BOUND('',#2672,.T.);
#845=(B_SPLINE_SURFACE(3,3,((#2674,#2675,#2676,#2677,#2678,#2679,#2680),(#2681,#2682,#2683,#2684,#2685,#2686,#2687),(#2688,#2689,#2690,#2691,#2692,#2693,#2694),(#2695,#2696,#2697,#2698,#2699,#2700,#2701)),.UNSPECIFIED.,.F.,.F.,.F.)B_SPLINE_SURFACE_WITH_KNOTS((4,4),(4,3,4),(1.51579622588636,4.76738908129323),(-2.08489076044213E-15,0.785398163397448,1.5707963267949),.UNSPECIFIED.)RATIONAL_B_SPLINE_SURFACE(((1.0,0.791597600667023,0.791597600667023,1.0,0.791597600667023,0.791597600667023,1.0),(0.804737854124364,0.637028554490776,0.637028554490776,0.804737854124364,0.637028554490776,0.637028554490776,0.804737854124364),(0.804737854124364,0.637028554490776,0.637028554490776,0.804737854124364,0.637028554490776,0.637028554490776,0.804737854124364),(1.0,0.791597600667023,0.791597600667023,1.0,0.791597600667023,0.791597600667023,1.0)))BOUNDED_SURFACE()REPRESENTATION_ITEM('')GEOMETRIC_REPRESENTATION_ITEM()SURFACE());
#846=SURFACE_STYLE_USAGE(.BOTH.,#2708);
#847=FACE_OUTER_BOUND('',#2709,.T.);
#848=CYLINDRICAL_SURFACE('',#2710,0.0005);
#849=SURFACE_STYLE_USAGE(.BOTH.,#2711);
#850=FACE_OUTER_BOUND('',#2712,.T.);
#851=(B_SPLINE_SURFACE(3,3,((#2714,#2715,#2716,#2717,#2718,#2719,#2720),(#2721,#2722,#2723,#2724,#2725,#2726,#2727),(#2728,#2729,#2730,#2731,#2732,#2733,#2734),(#2735,#2736,#2737,#2738,#2739,#2740,#2741)),.UNSPECIFIED.,.F.,.F.,.F.)B_SPLINE_SURFACE_WITH_KNOTS((4,4),(4,3,4),(1.5157962258865,4.76738908129309),(-1.5707963267949,-0.785398163397448,0.0),.UNSPECIFIED.)RATIONAL_B_SPLINE_SURFACE(((1.0,0.791597600667057,0.791597600667057,1.0,0.791597600667057,0.791597600667057,1.0),(0.804737854124366,0.637028554490804,0.637028554490804,0.804737854124366,0.637028554490804,0.637028554490804,0.804737854124366),(0.804737854124366,0.637028554490804,0.637028554490804,0.804737854124366,0.637028554490804,0.637028554490804,0.804737854124366),(1.0,0.791597600667057,0.791597600667057,1.0,0.791597600667057,0.791597600667057,1.0)))BOUNDED_SURFACE()REPRESENTATION_ITEM('')GEOMETRIC_REPRESENTATION_ITEM()SURFACE());
#852=SURFACE_STYLE_USAGE(.BOTH.,#2748);
#853=FACE_OUTER_BOUND('',#2749,.T.);
#854=(B_SPLINE_SURFACE(3,3,((#2751,#2752,#2753,#2754,#2755,#2756,#2757),(#2758,#2759,#2760,#2761,#2762,#2763,#2764),(#2765,#2766,#2767,#2768,#2769,#2770,#2771),(#2772,#2773,#2774,#2775,#2776,#2777,#2778)),.UNSPECIFIED.,.F.,.F.,.F.)B_SPLINE_SURFACE_WITH_KNOTS((4,4),(4,3,4),(1.51579622588638,4.76738908129321),(-3.89011974809612E-15,0.785398163397446,1.5707963267949),.UNSPECIFIED.)RATIONAL_B_SPLINE_SURFACE(((1.0,0.791597600667029,0.791597600667029,1.0,0.791597600667029,0.791597600667029,1.0),(0.804737854124364,0.63702855449078,0.63702855449078,0.804737854124364,0.63702855449078,0.63702855449078,0.804737854124364),(0.804737854124364,0.63702855449078,0.63702855449078,0.804737854124364,0.63702855449078,0.63702855449078,0.804737854124364),(1.0,0.791597600667029,0.791597600667029,1.0,0.791597600667029,0.791597600667029,1.0)))BOUNDED_SURFACE()REPRESENTATION_ITEM('')GEOMETRIC_REPRESENTATION_ITEM()SURFACE());
#855=SURFACE_STYLE_USAGE(.BOTH.,#2785);
#856=FACE_OUTER_BOUND('',#2786,.T.);
#857=CYLINDRICAL_SURFACE('',#2787,0.0005);
#858=SURFACE_STYLE_USAGE(.BOTH.,#2788);
#859=FACE_OUTER_BOUND('',#2789,.T.);
#860=(B_SPLINE_SURFACE(3,3,((#2791,#2792,#2793,#2794,#2795,#2796,#2797),(#2798,#2799,#2800,#2801,#2802,#2803,#2804),(#2805,#2806,#2807,#2808,#2809,#2810,#2811),(#2812,#2813,#2814,#2815,#2816,#2817,#2818)),.UNSPECIFIED.,.F.,.F.,.F.)B_SPLINE_SURFACE_WITH_KNOTS((4,4),(4,3,4),(1.5157962258865,4.76738908129309),(-1.57079632679492,-0.785398163397458,8.88178419700125E-16),.UNSPECIFIED.)RATIONAL_B_SPLINE_SURFACE(((1.0,0.791597600667058,0.791597600667058,1.0,0.791597600667058,0.791597600667058,1.0),(0.80473785412436,0.6370285544908,0.6370285544908,0.80473785412436,0.6370285544908,0.6370285544908,0.80473785412436),(0.80473785412436,0.6370285544908,0.6370285544908,0.80473785412436,0.6370285544908,0.6370285544908,0.80473785412436),(1.0,0.791597600667058,0.791597600667058,1.0,0.791597600667058,0.791597600667058,1.0)))BOUNDED_SURFACE()REPRESENTATION_ITEM('')GEOMETRIC_REPRESENTATION_ITEM()SURFACE());
#861=SURFACE_STYLE_USAGE(.BOTH.,#2825);
#862=FACE_OUTER_BOUND('',#2826,.T.);
#863=(B_SPLINE_SURFACE(3,3,((#2828,#2829,#2830,#2831,#2832,#2833,#2834),(#2835,#2836,#2837,#2838,#2839,#2840,#2841),(#2842,#2843,#2844,#2845,#2846,#2847,#2848),(#2849,#2850,#2851,#2852,#2853,#2854,#2855)),.UNSPECIFIED.,.F.,.F.,.F.)B_SPLINE_SURFACE_WITH_KNOTS((4,4),(4,3,4),(1.51579622588639,4.7673890812932),(-1.66542064888287E-16,0.785398163397453,1.57079632679491),.UNSPECIFIED.)RATIONAL_B_SPLINE_SURFACE(((1.0,0.791597600667032,0.791597600667032,1.0,0.791597600667032,0.791597600667032,1.0),(0.804737854124363,0.637028554490782,0.637028554490782,0.804737854124363,0.637028554490782,0.637028554490782,0.804737854124363),(0.804737854124363,0.637028554490782,0.637028554490782,0.804737854124363,0.637028554490782,0.637028554490782,0.804737854124363),(1.0,0.791597600667032,0.791597600667032,1.0,0.791597600667032,0.791597600667032,1.0)))BOUNDED_SURFACE()REPRESENTATION_ITEM('')GEOMETRIC_REPRESENTATION_ITEM()SURFACE());
#864=SURFACE_STYLE_USAGE(.BOTH.,#2862);
#865=FACE_OUTER_BOUND('',#2863,.T.);
#866=CYLINDRICAL_SURFACE('',#2864,0.0005);
#867=SURFACE_STYLE_USAGE(.BOTH.,#2865);
#868=FACE_OUTER_BOUND('',#2866,.T.);
#869=(B_SPLINE_SURFACE(3,3,((#2868,#2869,#2870,#2871,#2872,#2873,#2874),(#2875,#2876,#2877,#2878,#2879,#2880,#2881),(#2882,#2883,#2884,#2885,#2886,#2887,#2888),(#2889,#2890,#2891,#2892,#2893,#2894,#2895)),.UNSPECIFIED.,.F.,.F.,.F.)B_SPLINE_SURFACE_WITH_KNOTS((4,4),(4,3,4),(1.5157962258865,4.76738908129308),(-1.57079632679491,-0.785398163397453,-2.22044604925031E-16),.UNSPECIFIED.)RATIONAL_B_SPLINE_SURFACE(((1.0,0.791597600667058,0.791597600667058,1.0,0.791597600667058,0.791597600667058,1.0),(0.804737854124363,0.637028554490803,0.637028554490803,0.804737854124363,0.637028554490803,0.637028554490803,0.804737854124363),(0.804737854124363,0.637028554490803,0.637028554490803,0.804737854124363,0.637028554490803,0.637028554490803,0.804737854124363),(1.0,0.791597600667058,0.791597600667058,1.0,0.791597600667058,0.791597600667058,1.0)))BOUNDED_SURFACE()REPRESENTATION_ITEM('')GEOMETRIC_REPRESENTATION_ITEM()SURFACE());
#870=SURFACE_STYLE_USAGE(.BOTH.,#2902);
#871=FACE_OUTER_BOUND('',#2903,.T.);
#872=(B_SPLINE_SURFACE(3,3,((#2905,#2906,#2907,#2908,#2909,#2910,#2911),(#2912,#2913,#2914,#2915,#2916,#2917,#2918),(#2919,#2920,#2921,#2922,#2923,#2924,#2925),(#2926,#2927,#2928,#2929,#2930,#2931,#2932)),.UNSPECIFIED.,.F.,.F.,.F.)B_SPLINE_SURFACE_WITH_KNOTS((4,4),(4,3,4),(1.51579622588644,4.76738908129315),(-3.39997433537964E-15,0.785398163397448,1.5707963267949),.UNSPECIFIED.)RATIONAL_B_SPLINE_SURFACE(((1.0,0.791597600667043,0.791597600667043,1.0,0.791597600667043,0.791597600667043,1.0),(0.804737854124364,0.637028554490791,0.637028554490791,0.804737854124364,0.637028554490791,0.637028554490791,0.804737854124364),(0.804737854124364,0.637028554490791,0.637028554490791,0.804737854124364,0.637028554490791,0.637028554490791,0.804737854124364),(1.0,0.791597600667043,0.791597600667043,1.0,0.791597600667043,0.791597600667043,1.0)))BOUNDED_SURFACE()REPRESENTATION_ITEM('')GEOMETRIC_REPRESENTATION_ITEM()SURFACE());
#873=SURFACE_STYLE_USAGE(.BOTH.,#2939);
#874=FACE_OUTER_BOUND('',#2940,.T.);
#875=CYLINDRICAL_SURFACE('',#2941,0.0005);
#876=SURFACE_STYLE_USAGE(.BOTH.,#2942);
#877=FACE_OUTER_BOUND('',#2943,.T.);
#878=(B_SPLINE_SURFACE(3,3,((#2945,#2946,#2947,#2948,#2949,#2950,#2951),(#2952,#2953,#2954,#2955,#2956,#2957,#2958),(#2959,#2960,#2961,#2962,#2963,#2964,#2965),(#2966,#2967,#2968,#2969,#2970,#2971,#2972)),.UNSPECIFIED.,.F.,.F.,.F.)B_SPLINE_SURFACE_WITH_KNOTS((4,4),(4,3,4),(1.5157962258865,4.76738908129309),(-1.57079632679492,-0.78539816339746,-2.22044604925031E-16),.UNSPECIFIED.)RATIONAL_B_SPLINE_SURFACE(((1.0,0.791597600667058,0.791597600667058,1.0,0.791597600667058,0.791597600667058,1.0),(0.804737854124359,0.6370285544908,0.6370285544908,0.804737854124359,0.6370285544908,0.6370285544908,0.804737854124359),(0.804737854124359,0.6370285544908,0.6370285544908,0.804737854124359,0.6370285544908,0.6370285544908,0.804737854124359),(1.0,0.791597600667058,0.791597600667058,1.0,0.791597600667058,0.791597600667058,1.0)))BOUNDED_SURFACE()REPRESENTATION_ITEM('')GEOMETRIC_REPRESENTATION_ITEM()SURFACE());
#879=SURFACE_STYLE_USAGE(.BOTH.,#2979);
#880=FACE_OUTER_BOUND('',#2980,.T.);
#881=(B_SPLINE_SURFACE(3,3,((#2982,#2983,#2984,#2985,#2986,#2987,#2988),(#2989,#2990,#2991,#2992,#2993,#2994,#2995),(#2996,#2997,#2998,#2999,#3000,#3001,#3002),(#3003,#3004,#3005,#3006,#3007,#3008,#3009)),.UNSPECIFIED.,.F.,.F.,.F.)B_SPLINE_SURFACE_WITH_KNOTS((4,4),(4,3,4),(1.51579622588647,4.76738908129312),(-1.27941602165684E-15,0.78539816339745,1.5707963267949),.UNSPECIFIED.)RATIONAL_B_SPLINE_SURFACE(((1.0,0.791597600667051,0.791597600667051,1.0,0.791597600667051,0.791597600667051,1.0),(0.804737854124364,0.637028554490798,0.637028554490798,0.804737854124364,0.637028554490798,0.637028554490798,0.804737854124364),(0.804737854124364,0.637028554490798,0.637028554490798,0.804737854124364,0.637028554490798,0.637028554490798,0.804737854124364),(1.0,0.791597600667051,0.791597600667051,1.0,0.791597600667051,0.791597600667051,1.0)))BOUNDED_SURFACE()REPRESENTATION_ITEM('')GEOMETRIC_REPRESENTATION_ITEM()SURFACE());
#882=SURFACE_STYLE_USAGE(.BOTH.,#3016);
#883=FACE_OUTER_BOUND('',#3017,.T.);
#884=PLANE('',#3018);
#885=SURFACE_STYLE_USAGE(.BOTH.,#3019);
#886=FACE_OUTER_BOUND('',#3020,.T.);
#887=CYLINDRICAL_SURFACE('',#3021,0.007);
#888=SURFACE_STYLE_USAGE(.BOTH.,#3022);
#889=FACE_OUTER_BOUND('',#3023,.T.);
#890=CYLINDRICAL_SURFACE('',#3024,0.007);
#891=SURFACE_STYLE_USAGE(.BOTH.,#3025);
#892=FACE_OUTER_BOUND('',#3026,.T.);
#893=CYLINDRICAL_SURFACE('',#3027,0.007);
#894=SURFACE_STYLE_USAGE(.BOTH.,#3028);
#895=FACE_OUTER_BOUND('',#3029,.T.);
#896=CYLINDRICAL_SURFACE('',#3030,0.007);
#897=SURFACE_STYLE_USAGE(.BOTH.,#3031);
#898=FACE_OUTER_BOUND('',#3032,.T.);
#899=CYLINDRICAL_SURFACE('',#3033,0.007);
#900=SURFACE_STYLE_USAGE(.BOTH.,#3034);
#901=FACE_OUTER_BOUND('',#3035,.T.);
#902=CYLINDRICAL_SURFACE('',#3036,0.007);
#903=SURFACE_STYLE_USAGE(.BOTH.,#3037);
#904=FACE_OUTER_BOUND('',#3038,.T.);
#905=CYLINDRICAL_SURFACE('',#3039,0.007);
#906=SURFACE_STYLE_USAGE(.BOTH.,#3040);
#907=FACE_OUTER_BOUND('',#3041,.T.);
#908=CYLINDRICAL_SURFACE('',#3042,0.007);
#909=SURFACE_STYLE_USAGE(.BOTH.,#3043);
#910=FACE_OUTER_BOUND('',#3044,.T.);
#911=CYLINDRICAL_SURFACE('',#3045,0.007);
#912=SURFACE_STYLE_USAGE(.BOTH.,#3046);
#913=FACE_OUTER_BOUND('',#3047,.T.);
#914=CYLINDRICAL_SURFACE('',#3048,0.007);
#915=SURFACE_STYLE_USAGE(.BOTH.,#3049);
#916=FACE_OUTER_BOUND('',#3050,.T.);
#917=CYLINDRICAL_SURFACE('',#3051,0.007);
#918=SURFACE_STYLE_USAGE(.BOTH.,#3052);
#919=FACE_OUTER_BOUND('',#3053,.T.);
#920=CYLINDRICAL_SURFACE('',#3054,0.007);
#921=SURFACE_STYLE_USAGE(.BOTH.,#3055);
#922=FACE_OUTER_BOUND('',#3056,.T.);
#923=CYLINDRICAL_SURFACE('',#3057,0.007);
#924=SURFACE_STYLE_USAGE(.BOTH.,#3058);
#925=FACE_OUTER_BOUND('',#3059,.T.);
#926=CYLINDRICAL_SURFACE('',#3060,0.007);
#927=SURFACE_STYLE_USAGE(.BOTH.,#3061);
#928=FACE_OUTER_BOUND('',#3062,.T.);
#929=CYLINDRICAL_SURFACE('',#3063,0.007);
#930=SURFACE_STYLE_USAGE(.BOTH.,#3064);
#931=FACE_OUTER_BOUND('',#3065,.T.);
#932=CYLINDRICAL_SURFACE('',#3066,0.007);
#933=SURFACE_STYLE_USAGE(.BOTH.,#3067);
#934=FACE_OUTER_BOUND('',#3068,.T.);
#935=CYLINDRICAL_SURFACE('',#3069,0.007);
#936=SURFACE_STYLE_USAGE(.BOTH.,#3070);
#937=FACE_OUTER_BOUND('',#3071,.T.);
#938=CYLINDRICAL_SURFACE('',#3072,0.007);
#939=SURFACE_STYLE_USAGE(.BOTH.,#3073);
#940=FACE_OUTER_BOUND('',#3074,.T.);
#941=CYLINDRICAL_SURFACE('',#3075,0.007);
#942=SURFACE_STYLE_USAGE(.BOTH.,#3076);
#943=FACE_OUTER_BOUND('',#3077,.T.);
#944=CYLINDRICAL_SURFACE('',#3078,0.007);
#945=SURFACE_STYLE_USAGE(.BOTH.,#3079);
#946=FACE_OUTER_BOUND('',#3080,.T.);
#947=CYLINDRICAL_SURFACE('',#3081,0.007);
#948=SURFACE_STYLE_USAGE(.BOTH.,#3082);
#949=FACE_OUTER_BOUND('',#3083,.T.);
#950=FACE_BOUND('',#3084,.T.);
#951=PLANE('',#3085);
#952=SURFACE_STYLE_USAGE(.BOTH.,#3086);
#953=FACE_OUTER_BOUND('',#3087,.T.);
#954=FACE_BOUND('',#3088,.T.);
#955=PLANE('',#3089);
#956=SURFACE_STYLE_USAGE(.BOTH.,#3090);
#957=FACE_OUTER_BOUND('',#3091,.T.);
#958=FACE_OUTER_BOUND('',#3092,.T.);
#959=CYLINDRICAL_SURFACE('',#3093,0.0028);
#960=SURFACE_STYLE_USAGE(.BOTH.,#3094);
#961=FACE_BOUND('',#3095,.T.);
#962=FACE_OUTER_BOUND('',#3096,.T.);
#963=PLANE('',#3097);
#964=SURFACE_STYLE_USAGE(.BOTH.,#3098);
#965=FACE_OUTER_BOUND('',#3099,.T.);
#966=PLANE('',#3100);
#967=SURFACE_STYLE_USAGE(.BOTH.,#3101);
#968=FACE_OUTER_BOUND('',#3102,.T.);
#969=PLANE('',#3103);
#970=SURFACE_STYLE_USAGE(.BOTH.,#3104);
#971=FACE_OUTER_BOUND('',#3105,.T.);
#972=PLANE('',#3106);
#973=SURFACE_STYLE_USAGE(.BOTH.,#3107);
#974=FACE_OUTER_BOUND('',#3108,.T.);
#975=PLANE('',#3109);
#976=SURFACE_STYLE_USAGE(.BOTH.,#3110);
#977=FACE_OUTER_BOUND('',#3111,.T.);
#978=PLANE('',#3112);
#979=SURFACE_STYLE_USAGE(.BOTH.,#3113);
#980=FACE_OUTER_BOUND('',#3114,.T.);
#981=PLANE('',#3115);
#982=SURFACE_STYLE_USAGE(.BOTH.,#3116);
#983=FACE_BOUND('',#3117,.T.);
#984=FACE_OUTER_BOUND('',#3118,.T.);
#985=PLANE('',#3119);
#986=SURFACE_STYLE_USAGE(.BOTH.,#3120);
#987=FACE_BOUND('',#3121,.T.);
#988=FACE_OUTER_BOUND('',#3122,.T.);
#989=PLANE('',#3123);
#990=SURFACE_STYLE_USAGE(.BOTH.,#3124);
#991=FACE_BOUND('',#3125,.T.);
#992=FACE_OUTER_BOUND('',#3126,.T.);
#993=PLANE('',#3127);
#994=SURFACE_STYLE_USAGE(.BOTH.,#3128);
#995=FACE_OUTER_BOUND('',#3129,.T.);
#996=FACE_OUTER_BOUND('',#3130,.T.);
#997=CYLINDRICAL_SURFACE('',#3131,0.0027);
#998=SURFACE_STYLE_USAGE(.BOTH.,#3132);
#999=FACE_OUTER_BOUND('',#3133,.T.);
#1000=(B_SPLINE_SURFACE(3,3,((#3135,#3136,#3137,#3138,#3139,#3140,#3141),(#3142,#3143,#3144,#3145,#3146,#3147,#3148),(#3149,#3150,#3151,#3152,#3153,#3154,#3155),(#3156,#3157,#3158,#3159,#3160,#3161,#3162)),.UNSPECIFIED.,.F.,.F.,.F.)B_SPLINE_SURFACE_WITH_KNOTS((4,4),(4,3,4),(1.51579622588655,4.76738908129304),(-2.36361819389129E-15,0.785398163397449,1.5707963267949),.UNSPECIFIED.)RATIONAL_B_SPLINE_SURFACE(((1.0,0.791597600667071,0.791597600667071,1.0,0.791597600667071,0.791597600667071,1.0),(0.804737854124363,0.637028554490813,0.637028554490813,0.804737854124363,0.637028554490813,0.637028554490813,0.804737854124363),(0.804737854124363,0.637028554490813,0.637028554490813,0.804737854124363,0.637028554490813,0.637028554490813,0.804737854124363),(1.0,0.791597600667071,0.791597600667071,1.0,0.791597600667071,0.791597600667071,1.0)))BOUNDED_SURFACE()REPRESENTATION_ITEM('')GEOMETRIC_REPRESENTATION_ITEM()SURFACE());
#1001=SURFACE_STYLE_USAGE(.BOTH.,#3169);
#1002=FACE_OUTER_BOUND('',#3170,.T.);
#1003=PLANE('',#3171);
#1004=SURFACE_STYLE_USAGE(.BOTH.,#3172);
#1005=FACE_OUTER_BOUND('',#3173,.T.);
#1006=PLANE('',#3174);
#1007=SURFACE_STYLE_USAGE(.BOTH.,#3175);
#1008=FACE_OUTER_BOUND('',#3176,.T.);
#1009=PLANE('',#3177);
#1010=SURFACE_STYLE_USAGE(.BOTH.,#3178);
#1011=FACE_OUTER_BOUND('',#3179,.T.);
#1012=PLANE('',#3180);
#1013=SURFACE_STYLE_USAGE(.BOTH.,#3181);
#1014=FACE_OUTER_BOUND('',#3182,.T.);
#1015=PLANE('',#3183);
#1016=SURFACE_STYLE_USAGE(.BOTH.,#3184);
#1017=FACE_OUTER_BOUND('',#3185,.T.);
#1018=PLANE('',#3186);
#1019=SURFACE_STYLE_USAGE(.BOTH.,#3187);
#1020=FACE_OUTER_BOUND('',#3188,.T.);
#1021=PLANE('',#3189);
#1022=SURFACE_STYLE_USAGE(.BOTH.,#3190);
#1023=FACE_OUTER_BOUND('',#3191,.T.);
#1024=PLANE('',#3192);
#1025=SURFACE_STYLE_USAGE(.BOTH.,#3193);
#1026=FACE_OUTER_BOUND('',#3194,.T.);
#1027=PLANE('',#3195);
#1028=SURFACE_STYLE_USAGE(.BOTH.,#3196);
#1029=FACE_OUTER_BOUND('',#3197,.T.);
#1030=PLANE('',#3198);
#1031=SURFACE_STYLE_USAGE(.BOTH.,#3199);
#1032=FACE_OUTER_BOUND('',#3200,.T.);
#1033=PLANE('',#3201);
#1034=SURFACE_STYLE_USAGE(.BOTH.,#3202);
#1035=FACE_OUTER_BOUND('',#3203,.T.);
#1036=PLANE('',#3204);
#1037=SURFACE_STYLE_USAGE(.BOTH.,#3205);
#1038=FACE_OUTER_BOUND('',#3206,.T.);
#1039=PLANE('',#3207);
#1040=SURFACE_STYLE_USAGE(.BOTH.,#3208);
#1041=FACE_OUTER_BOUND('',#3209,.T.);
#1042=PLANE('',#3210);
#1043=SURFACE_STYLE_USAGE(.BOTH.,#3211);
#1044=FACE_OUTER_BOUND('',#3212,.T.);
#1045=PLANE('',#3213);
#1046=SURFACE_STYLE_USAGE(.BOTH.,#3214);
#1047=FACE_OUTER_BOUND('',#3215,.T.);
#1048=PLANE('',#3216);
#1049=SURFACE_STYLE_USAGE(.BOTH.,#3217);
#1050=FACE_OUTER_BOUND('',#3218,.T.);
#1051=PLANE('',#3219);
#1052=SURFACE_STYLE_USAGE(.BOTH.,#3220);
#1053=FACE_OUTER_BOUND('',#3221,.T.);
#1054=PLANE('',#3222);
#1055=SURFACE_STYLE_USAGE(.BOTH.,#3223);
#1056=FACE_OUTER_BOUND('',#3224,.T.);
#1057=PLANE('',#3225);
#1058=SURFACE_STYLE_USAGE(.BOTH.,#3226);
#1059=FACE_OUTER_BOUND('',#3227,.T.);
#1060=PLANE('',#3228);
#1061=SURFACE_STYLE_USAGE(.BOTH.,#3229);
#1062=FACE_OUTER_BOUND('',#3230,.T.);
#1063=PLANE('',#3231);
#1064=SURFACE_STYLE_USAGE(.BOTH.,#3232);
#1065=FACE_OUTER_BOUND('',#3233,.T.);
#1066=PLANE('',#3234);
#1067=SURFACE_STYLE_USAGE(.BOTH.,#3235);
#1068=FACE_OUTER_BOUND('',#3236,.T.);
#1069=PLANE('',#3237);
#1070=SURFACE_STYLE_USAGE(.BOTH.,#3238);
#1071=FACE_OUTER_BOUND('',#3239,.T.);
#1072=PLANE('',#3240);
#1073=SURFACE_STYLE_USAGE(.BOTH.,#3241);
#1074=FACE_OUTER_BOUND('',#3242,.T.);
#1075=PLANE('',#3243);
#1076=SURFACE_STYLE_USAGE(.BOTH.,#3244);
#1077=FACE_OUTER_BOUND('',#3245,.T.);
#1078=PLANE('',#3246);
#1079=SURFACE_STYLE_USAGE(.BOTH.,#3247);
#1080=FACE_OUTER_BOUND('',#3248,.T.);
#1081=PLANE('',#3249);
#1082=SURFACE_STYLE_USAGE(.BOTH.,#3250);
#1083=FACE_OUTER_BOUND('',#3251,.T.);
#1084=PLANE('',#3252);
#1085=SURFACE_STYLE_USAGE(.BOTH.,#3253);
#1086=FACE_OUTER_BOUND('',#3254,.T.);
#1087=PLANE('',#3255);
#1088=SURFACE_STYLE_USAGE(.BOTH.,#3256);
#1089=FACE_OUTER_BOUND('',#3257,.T.);
#1090=PLANE('',#3258);
#1091=SURFACE_STYLE_USAGE(.BOTH.,#3259);
#1092=FACE_OUTER_BOUND('',#3260,.T.);
#1093=PLANE('',#3261);
#1094=SURFACE_STYLE_USAGE(.BOTH.,#3262);
#1095=FACE_OUTER_BOUND('',#3263,.T.);
#1096=PLANE('',#3264);
#1097=SURFACE_STYLE_USAGE(.BOTH.,#3265);
#1098=FACE_OUTER_BOUND('',#3266,.T.);
#1099=CYLINDRICAL_SURFACE('',#3267,0.0005);
#1100=SURFACE_STYLE_USAGE(.BOTH.,#3268);
#1101=FACE_OUTER_BOUND('',#3269,.T.);
#1102=PLANE('',#3270);
#1103=SURFACE_STYLE_USAGE(.BOTH.,#3271);
#1104=FACE_OUTER_BOUND('',#3272,.T.);
#1105=FACE_OUTER_BOUND('',#3273,.T.);
#1106=CYLINDRICAL_SURFACE('',#3274,0.003075);
#1107=SURFACE_STYLE_USAGE(.BOTH.,#3275);
#1108=FACE_OUTER_BOUND('',#3276,.T.);
#1109=FACE_OUTER_BOUND('',#3277,.T.);
#1110=CYLINDRICAL_SURFACE('',#3278,0.003075);
#1111=SURFACE_STYLE_USAGE(.BOTH.,#3279);
#1112=FACE_OUTER_BOUND('',#3280,.T.);
#1113=FACE_OUTER_BOUND('',#3281,.T.);
#1114=TOROIDAL_SURFACE('',#3282,0.0066,0.0004);
#1115=SURFACE_STYLE_USAGE(.BOTH.,#3283);
#1116=FACE_OUTER_BOUND('',#3284,.T.);
#1117=FACE_OUTER_BOUND('',#3285,.T.);
#1118=TOROIDAL_SURFACE('',#3286,0.0066,0.0004);
#1119=SURFACE_STYLE_USAGE(.BOTH.,#3287);
#1120=FACE_OUTER_BOUND('',#3288,.T.);
#1121=CYLINDRICAL_SURFACE('',#3289,0.007);
#1122=SURFACE_STYLE_USAGE(.BOTH.,#3290);
#1123=FACE_OUTER_BOUND('',#3291,.T.);
#1124=CYLINDRICAL_SURFACE('',#3292,0.007);
#1125=SURFACE_STYLE_USAGE(.BOTH.,#3293);
#1126= (NAMED_UNIT(#574)LENGTH_UNIT()SI_UNIT($,.METRE.));
#1129=LENGTH_MEASURE_WITH_UNIT(LENGTH_MEASURE(1.0),#3295);
#1132=DIMENSIONAL_EXPONENTS(1.0,0.0,0.0,0.0,0.0,0.0,0.0);
#1134=DIMENSIONAL_EXPONENTS(0.0,0.0,0.0,0.0,0.0,0.0,0.0);
#1142=LENGTH_MEASURE_WITH_UNIT(LENGTH_MEASURE(1.0),#3296);
#1145=DIMENSIONAL_EXPONENTS(1.0,0.0,0.0,0.0,0.0,0.0,0.0);
#1147=DIMENSIONAL_EXPONENTS(0.0,0.0,0.0,0.0,0.0,0.0,0.0);
#1153=SURFACE_SIDE_STYLE('',(#3297));
#1154=EDGE_LOOP('',(#3298,#3299,#3300,#3301,#3302,#3303,#3304,#3305));
#1155=AXIS2_PLACEMENT_3D('',#3306,#3307,#3308);
#1156=SURFACE_SIDE_STYLE('',(#3309));
#1157=EDGE_LOOP('',(#3310,#3311,#3312,#3313));
#1159=CARTESIAN_POINT('',(-0.00532047865493945,-0.00132238675363108,0.018928120938911));
#1160=CARTESIAN_POINT('',(-0.00532047865493945,-0.00138518231279256,0.0192274344761453));
#1161=CARTESIAN_POINT('',(-0.00532047865493945,-0.00164573392138611,0.0193875742122555));
#1162=CARTESIAN_POINT('',(-0.00532047865493945,-0.00194114283826886,0.0193084196315398));
#1163=CARTESIAN_POINT('',(-0.00532047865493945,-0.00223655175515161,0.0192292650508241));
#1164=CARTESIAN_POINT('',(-0.00532047865493945,-0.00238212619913545,0.0189603041669006));
#1165=CARTESIAN_POINT('',(-0.00532047865493945,-0.00228685197999698,0.0186696932603784));
#1166=CARTESIAN_POINT('',(-0.00555479322999023,-0.00132238675363108,0.018928120938911));
#1167=CARTESIAN_POINT('',(-0.00555479322999023,-0.00138518231279256,0.0192274344761453));
#1168=CARTESIAN_POINT('',(-0.00555479322999023,-0.00164573392138611,0.0193875742122555));
#1169=CARTESIAN_POINT('',(-0.00555479322999023,-0.00194114283826886,0.0193084196315398));
#1170=CARTESIAN_POINT('',(-0.00555479322999023,-0.00223655175515161,0.0192292650508241));
#1171=CARTESIAN_POINT('',(-0.00555479322999023,-0.00238212619913545,0.0189603041669006));
#1172=CARTESIAN_POINT('',(-0.00555479322999023,-0.00228685197999698,0.0186696932603784));
#1173=CARTESIAN_POINT('',(-0.00572047865493947,-0.00148454193980461,0.0188941010089045));
#1174=CARTESIAN_POINT('',(-0.00572047865493947,-0.00152652888115689,0.0190942307649194));
#1175=CARTESIAN_POINT('',(-0.00572047865493947,-0.00170074128176837,0.0192013048605722));
#1176=CARTESIAN_POINT('',(-0.00572047865493947,-0.00189826029479609,0.0191483798005416));
#1177=CARTESIAN_POINT('',(-0.00572047865493947,-0.0020957793078238,0.0190954547405111));
#1178=CARTESIAN_POINT('',(-0.00572047865493947,-0.00219311462458121,0.0189156196532827));
#1179=CARTESIAN_POINT('',(-0.00572047865493947,-0.00212941150441208,0.0187213087298446));
#1180=CARTESIAN_POINT('',(-0.00572047865493945,-0.00171386400330033,0.0188459895624984));
#1181=CARTESIAN_POINT('',(-0.00572047865493945,-0.00172642311513262,0.0189058522699453));
#1182=CARTESIAN_POINT('',(-0.00572047865493945,-0.00177853343685131,0.0189378802171673));
#1183=CARTESIAN_POINT('',(-0.00572047865493945,-0.00183761522022784,0.0189220493010241));
#1184=CARTESIAN_POINT('',(-0.00572047865493945,-0.00189669700360437,0.018906218384881));
#1185=CARTESIAN_POINT('',(-0.00572047865493945,-0.00192581189240113,0.0188524262080963));
#1186=CARTESIAN_POINT('',(-0.00572047865493945,-0.00190675704857345,0.0187943040267919));
#1193=SURFACE_SIDE_STYLE('',(#3314));
#1194=EDGE_LOOP('',(#3315,#3316));
#1195=AXIS2_PLACEMENT_3D('',#3317,#3318,#3319);
#1196=SURFACE_SIDE_STYLE('',(#3320));
#1197=EDGE_LOOP('',(#3321,#3322));
#1198=AXIS2_PLACEMENT_3D('',#3323,#3324,#3325);
#1199=SURFACE_SIDE_STYLE('',(#3326));
#1200=EDGE_LOOP('',(#3327,#3328,#3329,#3330));
#1201=AXIS2_PLACEMENT_3D('',#3331,#3332,#3333);
#1202=SURFACE_SIDE_STYLE('',(#3334));
#1203=EDGE_LOOP('',(#3335));
#1204=EDGE_LOOP('',(#3336));
#1205=AXIS2_PLACEMENT_3D('',#3337,#3338,#3339);
#1206=SURFACE_SIDE_STYLE('',(#3340));
#1207=EDGE_LOOP('',(#3341));
#1208=AXIS2_PLACEMENT_3D('',#3342,#3343,#3344);
#1209=SURFACE_SIDE_STYLE('',(#3345));
#1210=EDGE_LOOP('',(#3346,#3347));
#1211=AXIS2_PLACEMENT_3D('',#3348,#3349,#3350);
#1212=SURFACE_SIDE_STYLE('',(#3351));
#1213=EDGE_LOOP('',(#3352,#3353));
#1214=AXIS2_PLACEMENT_3D('',#3354,#3355,#3356);
#1215=SURFACE_SIDE_STYLE('',(#3357));
#1216=EDGE_LOOP('',(#3358,#3359,#3360,#3361));
#1218=CARTESIAN_POINT('',(-0.00532047865493945,0.000499243937845235,0.0190364897464804));
#1219=CARTESIAN_POINT('',(-0.00532047865493945,0.00051605612936814,0.0193418571089118));
#1220=CARTESIAN_POINT('',(-0.00532047865493945,0.000305829815129472,0.0195639759343718));
#1221=CARTESIAN_POINT('',(-0.00532047865493945,1.73472347597681E-17,0.0195639759343718));
#1222=CARTESIAN_POINT('',(-0.00532047865493945,-0.000305829815129437,0.0195639759343718));
#1223=CARTESIAN_POINT('',(-0.00532047865493945,-0.000516056129368102,0.0193418571089118));
#1224=CARTESIAN_POINT('',(-0.00532047865493945,-0.000499243937845194,0.0190364897464804));
#1225=CARTESIAN_POINT('',(-0.00555479322999023,0.000499243937845235,0.0190364897464804));
#1226=CARTESIAN_POINT('',(-0.00555479322999023,0.00051605612936814,0.0193418571089118));
#1227=CARTESIAN_POINT('',(-0.00555479322999023,0.000305829815129472,0.0195639759343718));
#1228=CARTESIAN_POINT('',(-0.00555479322999023,1.73472347597681E-17,0.0195639759343718));
#1229=CARTESIAN_POINT('',(-0.00555479322999023,-0.000305829815129437,0.0195639759343718));
#1230=CARTESIAN_POINT('',(-0.00555479322999023,-0.000516056129368102,0.0193418571089118));
#1231=CARTESIAN_POINT('',(-0.00555479322999023,-0.000499243937845194,0.0190364897464804));
#1232=CARTESIAN_POINT('',(-0.00572047865493947,0.000333809049854784,0.0190455978679224));
#1233=CARTESIAN_POINT('',(-0.00572047865493947,0.000345050171184088,0.0192497753879337));
#1234=CARTESIAN_POINT('',(-0.00572047865493947,0.000204486729365718,0.0193982905094226));
#1235=CARTESIAN_POINT('',(-0.00572047865493947,1.73472347597681E-17,0.0193982905094226));
#1236=CARTESIAN_POINT('',(-0.00572047865493947,-0.000204486729365683,0.0193982905094225));
#1237=CARTESIAN_POINT('',(-0.00572047865493947,-0.000345050171184051,0.0192497753879337));
#1238=CARTESIAN_POINT('',(-0.00572047865493947,-0.000333809049854743,0.0190455978679224));
#1239=CARTESIAN_POINT('',(-0.00572047865493945,9.9848787569026E-05,0.0190584786967935));
#1240=CARTESIAN_POINT('',(-0.00572047865493945,0.000103211225873606,0.0191195521692798));
#1241=CARTESIAN_POINT('',(-0.00572047865493945,6.11659630258828E-05,0.0191639759343718));
#1242=CARTESIAN_POINT('',(-0.00572047865493945,1.73472347597681E-17,0.0191639759343718));
#1243=CARTESIAN_POINT('',(-0.00572047865493945,-6.11659630258481E-05,0.0191639759343718));
#1244=CARTESIAN_POINT('',(-0.00572047865493945,-0.00010321122587357,0.0191195521692798));
#1245=CARTESIAN_POINT('',(-0.00572047865493945,-9.98487875689853E-05,0.0190584786967935));
#1252=SURFACE_SIDE_STYLE('',(#3362));
#1253=EDGE_LOOP('',(#3363,#3364,#3365,#3366));
#1255=CARTESIAN_POINT('',(0.00270638042476216,9.98487875415221E-05,0.0190584786967951));
#1256=CARTESIAN_POINT('',(0.00270638042476216,0.000103211225845175,0.0191195521692645));
#1257=CARTESIAN_POINT('',(0.00270638042476216,6.11659630090403E-05,0.0191639759343443));
#1258=CARTESIAN_POINT('',(0.00270638042476216,2.08166817117217E-17,0.0191639759343443));
#1259=CARTESIAN_POINT('',(0.00270638042476216,-6.11659630089987E-05,0.0191639759343443));
#1260=CARTESIAN_POINT('',(0.00270638042476216,-0.000103211225845133,0.0191195521692645));
#1261=CARTESIAN_POINT('',(0.00270638042476216,-9.98487875414796E-05,0.0190584786967951));
#1262=CARTESIAN_POINT('',(0.00270638042477832,0.000333809049840056,0.0190455978679233));
#1263=CARTESIAN_POINT('',(0.00270638042477832,0.000345050171168861,0.0192497753879255));
#1264=CARTESIAN_POINT('',(0.00270638042477832,0.000204486729356704,0.0193982905094078));
#1265=CARTESIAN_POINT('',(0.00270638042477832,2.42861286636753E-17,0.0193982905094078));
#1266=CARTESIAN_POINT('',(0.00270638042477832,-0.000204486729356655,0.0193982905094078));
#1267=CARTESIAN_POINT('',(0.00270638042477832,-0.000345050171168818,0.0192497753879255));
#1268=CARTESIAN_POINT('',(0.00270638042477832,-0.000333809049840015,0.0190455978679233));
#1269=CARTESIAN_POINT('',(0.00254069499982574,0.000499243937845236,0.0190364897464804));
#1270=CARTESIAN_POINT('',(0.00254069499982573,0.000516056129368138,0.0193418571089118));
#1271=CARTESIAN_POINT('',(0.00254069499982573,0.000305829815129478,0.0195639759343718));
#1272=CARTESIAN_POINT('',(0.00254069499982573,2.42861286636753E-17,0.0195639759343718));
#1273=CARTESIAN_POINT('',(0.00254069499982573,-0.00030582981512943,0.0195639759343718));
#1274=CARTESIAN_POINT('',(0.00254069499982574,-0.000516056129368094,0.0193418571089118));
#1275=CARTESIAN_POINT('',(0.00254069499982574,-0.000499243937845194,0.0190364897464804));
#1276=CARTESIAN_POINT('',(0.00230638042476216,0.000499243937845235,0.0190364897464804));
#1277=CARTESIAN_POINT('',(0.00230638042476216,0.000516056129368137,0.0193418571089118));
#1278=CARTESIAN_POINT('',(0.00230638042476216,0.000305829815129475,0.0195639759343718));
#1279=CARTESIAN_POINT('',(0.00230638042476216,2.08166817117217E-17,0.0195639759343718));
#1280=CARTESIAN_POINT('',(0.00230638042476216,-0.000305829815129433,0.0195639759343718));
#1281=CARTESIAN_POINT('',(0.00230638042476216,-0.000516056129368096,0.0193418571089118));
#1282=CARTESIAN_POINT('',(0.00230638042476216,-0.000499243937845194,0.0190364897464804));
#1289=SURFACE_SIDE_STYLE('',(#3367));
#1290=EDGE_LOOP('',(#3368,#3369));
#1291=AXIS2_PLACEMENT_3D('',#3370,#3371,#3372);
#1292=SURFACE_SIDE_STYLE('',(#3373));
#1293=EDGE_LOOP('',(#3374,#3375));
#1294=AXIS2_PLACEMENT_3D('',#3376,#3377,#3378);
#1295=SURFACE_SIDE_STYLE('',(#3379));
#1296=EDGE_LOOP('',(#3380,#3381,#3382,#3383));
#1298=CARTESIAN_POINT('',(-0.0053204786549394,-0.000499243937845029,0.00509146212226322));
#1299=CARTESIAN_POINT('',(-0.0053204786549394,-0.000516056129367935,0.00478609475983181));
#1300=CARTESIAN_POINT('',(-0.0053204786549394,-0.000305829815129272,0.00456397593437178));
#1301=CARTESIAN_POINT('',(-0.0053204786549394,1.8474805019153E-16,0.00456397593437178));
#1302=CARTESIAN_POINT('',(-0.0053204786549394,0.000305829815129642,0.00456397593437178));
#1303=CARTESIAN_POINT('',(-0.0053204786549394,0.000516056129368304,0.00478609475983181));
#1304=CARTESIAN_POINT('',(-0.0053204786549394,0.000499243937845399,0.00509146212226322));
#1305=CARTESIAN_POINT('',(-0.00555479322999016,-0.000499243937845029,0.00509146212226322));
#1306=CARTESIAN_POINT('',(-0.00555479322999016,-0.000516056129367935,0.00478609475983181));
#1307=CARTESIAN_POINT('',(-0.00555479322999016,-0.000305829815129272,0.00456397593437178));
#1308=CARTESIAN_POINT('',(-0.00555479322999016,1.8474805019153E-16,0.00456397593437178));
#1309=CARTESIAN_POINT('',(-0.00555479322999016,0.000305829815129642,0.00456397593437178));
#1310=CARTESIAN_POINT('',(-0.00555479322999016,0.000516056129368304,0.00478609475983181));
#1311=CARTESIAN_POINT('',(-0.00555479322999016,0.000499243937845399,0.00509146212226322));
#1312=CARTESIAN_POINT('',(-0.0057204786549394,-0.000333809049854599,0.00508235400082116));
#1313=CARTESIAN_POINT('',(-0.0057204786549394,-0.000345050171183903,0.0048781764808099));
#1314=CARTESIAN_POINT('',(-0.0057204786549394,-0.00020448672936553,0.00472966135932101));
#1315=CARTESIAN_POINT('',(-0.0057204786549394,1.8474805019153E-16,0.00472966135932101));
#1316=CARTESIAN_POINT('',(-0.0057204786549394,0.0002044867293659,0.00472966135932101));
#1317=CARTESIAN_POINT('',(-0.0057204786549394,0.000345050171184273,0.0048781764808099));
#1318=CARTESIAN_POINT('',(-0.0057204786549394,0.000333809049854968,0.00508235400082116));
#1319=CARTESIAN_POINT('',(-0.0057204786549394,-9.98487875688577E-05,0.00506947317195006));
#1320=CARTESIAN_POINT('',(-0.0057204786549394,-0.000103211225873439,0.00500839969946378));
#1321=CARTESIAN_POINT('',(-0.0057204786549394,-6.11659630257068E-05,0.00496397593437178));
#1322=CARTESIAN_POINT('',(-0.0057204786549394,1.8474805019153E-16,0.00496397593437178));
#1323=CARTESIAN_POINT('',(-0.0057204786549394,6.11659630260763E-05,0.00496397593437178));
#1324=CARTESIAN_POINT('',(-0.0057204786549394,0.000103211225873808,0.00500839969946378));
#1325=CARTESIAN_POINT('',(-0.0057204786549394,9.98487875692273E-05,0.00506947317195006));
#1332=SURFACE_SIDE_STYLE('',(#3384));
#1333=EDGE_LOOP('',(#3385,#3386,#3387,#3388));
#1335=CARTESIAN_POINT('',(0.00270638042476221,-9.9848787568854E-05,0.0050694731719501));
#1336=CARTESIAN_POINT('',(0.00270638042476221,-0.000103211225873436,0.00500839969946382));
#1337=CARTESIAN_POINT('',(0.00270638042476221,-6.1165963025702E-05,0.00496397593437181));
#1338=CARTESIAN_POINT('',(0.00270638042476221,1.8995222061946E-16,0.00496397593437181));
#1339=CARTESIAN_POINT('',(0.00270638042476221,6.11659630260819E-05,0.00496397593437181));
#1340=CARTESIAN_POINT('',(0.00270638042476221,0.000103211225873813,0.00500839969946383));
#1341=CARTESIAN_POINT('',(0.00270638042476221,9.98487875692273E-05,0.00506947317195011));
#1342=CARTESIAN_POINT('',(0.00270638042476221,-0.000333809049854596,0.0050823540008212));
#1343=CARTESIAN_POINT('',(0.00270638042476221,-0.000345050171183905,0.00487817648080994));
#1344=CARTESIAN_POINT('',(0.00270638042476221,-0.000204486729365527,0.00472966135932105));
#1345=CARTESIAN_POINT('',(0.00270638042476221,1.94289029309402E-16,0.00472966135932105));
#1346=CARTESIAN_POINT('',(0.00270638042476221,0.000204486729365915,0.00472966135932105));
#1347=CARTESIAN_POINT('',(0.00270638042476221,0.000345050171184287,0.00487817648080996));
#1348=CARTESIAN_POINT('',(0.00270638042476221,0.000333809049854968,0.00508235400082122));
#1349=CARTESIAN_POINT('',(0.00254069499981297,-0.000499243937845028,0.00509146212226326));
#1350=CARTESIAN_POINT('',(0.00254069499981298,-0.000516056129367941,0.00478609475983184));
#1351=CARTESIAN_POINT('',(0.00254069499981298,-0.00030582981512927,0.0045639759343718));
#1352=CARTESIAN_POINT('',(0.00254069499981298,1.96891114523368E-16,0.00456397593437181));
#1353=CARTESIAN_POINT('',(0.00254069499981298,0.000305829815129664,0.00456397593437182));
#1354=CARTESIAN_POINT('',(0.00254069499981298,0.000516056129368326,0.00478609475983187));
#1355=CARTESIAN_POINT('',(0.00254069499981297,0.0004992439378454,0.00509146212226328));
#1356=CARTESIAN_POINT('',(0.00230638042476221,-0.000499243937845027,0.00509146212226326));
#1357=CARTESIAN_POINT('',(0.00230638042476221,-0.00051605612936794,0.00478609475983184));
#1358=CARTESIAN_POINT('',(0.00230638042476221,-0.000305829815129269,0.0045639759343718));
#1359=CARTESIAN_POINT('',(0.00230638042476221,1.97758476261356E-16,0.00456397593437181));
#1360=CARTESIAN_POINT('',(0.00230638042476221,0.000305829815129665,0.00456397593437182));
#1361=CARTESIAN_POINT('',(0.00230638042476221,0.000516056129368325,0.00478609475983187));
#1362=CARTESIAN_POINT('',(0.00230638042476221,0.000499243937845399,0.00509146212226328));
#1369=SURFACE_SIDE_STYLE('',(#3389));
#1370=EDGE_LOOP('',(#3390,#3391,#3392,#3393));
#1371=AXIS2_PLACEMENT_3D('',#3394,#3395,#3396);
#1372=SURFACE_SIDE_STYLE('',(#3397));
#1373=EDGE_LOOP('',(#3398,#3399,#3400,#3401));
#1374=AXIS2_PLACEMENT_3D('',#3402,#3403,#3404);
#1375=SURFACE_SIDE_STYLE('',(#3405));
#1376=EDGE_LOOP('',(#3406,#3407,#3408,#3409));
#1378=CARTESIAN_POINT('',(0.00270638042476221,-0.00190675704857334,0.00533364784195169));
#1379=CARTESIAN_POINT('',(0.00270638042476221,-0.00192581189240103,0.00527552566064725));
#1380=CARTESIAN_POINT('',(0.00270638042476221,-0.00189669700360426,0.00522173348386255));
#1381=CARTESIAN_POINT('',(0.00270638042476221,-0.00183761522022771,0.00520590256771941));
#1382=CARTESIAN_POINT('',(0.00270638042476221,-0.00177853343685117,0.00519007165157628));
#1383=CARTESIAN_POINT('',(0.00270638042476221,-0.00172642311513246,0.00522209959879831));
#1384=CARTESIAN_POINT('',(0.00270638042476221,-0.00171386400330016,0.00528196230624517));
#1385=CARTESIAN_POINT('',(0.00270638042476221,-0.00212941150441196,0.00540664313889902));
#1386=CARTESIAN_POINT('',(0.00270638042476221,-0.00219311462458109,0.00521233221546083));
#1387=CARTESIAN_POINT('',(0.00270638042476221,-0.00209577930782368,0.0050324971282325));
#1388=CARTESIAN_POINT('',(0.00270638042476221,-0.00189826029479595,0.00497957206820193));
#1389=CARTESIAN_POINT('',(0.00270638042476221,-0.00170074128176823,0.00492664700817136));
#1390=CARTESIAN_POINT('',(0.00270638042476221,-0.00152652888115674,0.00503372110382419));
#1391=CARTESIAN_POINT('',(0.00270638042476221,-0.00148454193980445,0.00523385085983904));
#1392=CARTESIAN_POINT('',(0.00254069499981297,-0.00228685197999684,0.0054582586083652));
#1393=CARTESIAN_POINT('',(0.00254069499981297,-0.0023821261991353,0.00516764770184297));
#1394=CARTESIAN_POINT('',(0.00254069499981297,-0.00223655175515147,0.00489868681791946));
#1395=CARTESIAN_POINT('',(0.00254069499981297,-0.00194114283826872,0.00481953223720378));
#1396=CARTESIAN_POINT('',(0.00254069499981298,-0.00164573392138596,0.0047403776564881));
#1397=CARTESIAN_POINT('',(0.00254069499981297,-0.00138518231279242,0.00490051739259827));
#1398=CARTESIAN_POINT('',(0.00254069499981297,-0.00132238675363094,0.00519983092983258));
#1399=CARTESIAN_POINT('',(0.00230638042476221,-0.00228685197999684,0.0054582586083652));
#1400=CARTESIAN_POINT('',(0.00230638042476221,-0.0023821261991353,0.00516764770184297));
#1401=CARTESIAN_POINT('',(0.00230638042476221,-0.00223655175515147,0.00489868681791946));
#1402=CARTESIAN_POINT('',(0.00230638042476221,-0.00194114283826872,0.00481953223720378));
#1403=CARTESIAN_POINT('',(0.00230638042476221,-0.00164573392138596,0.0047403776564881));
#1404=CARTESIAN_POINT('',(0.00230638042476221,-0.00138518231279242,0.00490051739259827));
#1405=CARTESIAN_POINT('',(0.00230638042476221,-0.00132238675363094,0.00519983092983258));
#1412=SURFACE_SIDE_STYLE('',(#3410));
#1413=EDGE_LOOP('',(#3411,#3412));
#1414=AXIS2_PLACEMENT_3D('',#3413,#3414,#3415);
#1415=SURFACE_SIDE_STYLE('',(#3416));
#1416=EDGE_LOOP('',(#3417,#3418,#3419,#3420));
#1417=AXIS2_PLACEMENT_3D('',#3421,#3422,#3423);
#1418=SURFACE_SIDE_STYLE('',(#3424));
#1419=EDGE_LOOP('',(#3425,#3426,#3427,#3428));
#1421=CARTESIAN_POINT('',(-0.0053204786549394,-0.00228685197999684,0.00545825860836518));
#1422=CARTESIAN_POINT('',(-0.0053204786549394,-0.00238212619913531,0.00516764770184295));
#1423=CARTESIAN_POINT('',(-0.0053204786549394,-0.00223655175515148,0.00489868681791944));
#1424=CARTESIAN_POINT('',(-0.0053204786549394,-0.00194114283826873,0.00481953223720375));
#1425=CARTESIAN_POINT('',(-0.0053204786549394,-0.00164573392138597,0.00474037765648806));
#1426=CARTESIAN_POINT('',(-0.0053204786549394,-0.00138518231279243,0.00490051739259823));
#1427=CARTESIAN_POINT('',(-0.0053204786549394,-0.00132238675363095,0.00519983092983254));
#1428=CARTESIAN_POINT('',(-0.00555479322999016,-0.00228685197999684,0.00545825860836518));
#1429=CARTESIAN_POINT('',(-0.00555479322999016,-0.00238212619913531,0.00516764770184295));
#1430=CARTESIAN_POINT('',(-0.00555479322999016,-0.00223655175515148,0.00489868681791944));
#1431=CARTESIAN_POINT('',(-0.00555479322999016,-0.00194114283826873,0.00481953223720375));
#1432=CARTESIAN_POINT('',(-0.00555479322999016,-0.00164573392138597,0.00474037765648806));
#1433=CARTESIAN_POINT('',(-0.00555479322999016,-0.00138518231279243,0.00490051739259823));
#1434=CARTESIAN_POINT('',(-0.00555479322999016,-0.00132238675363095,0.00519983092983254));
#1435=CARTESIAN_POINT('',(-0.0057204786549394,-0.00212941150441196,0.005406643138899));
#1436=CARTESIAN_POINT('',(-0.0057204786549394,-0.0021931146245811,0.0052123322154608));
#1437=CARTESIAN_POINT('',(-0.0057204786549394,-0.00209577930782369,0.00503249712823247));
#1438=CARTESIAN_POINT('',(-0.0057204786549394,-0.00189826029479596,0.0049795720682019));
#1439=CARTESIAN_POINT('',(-0.0057204786549394,-0.00170074128176823,0.00492664700817132));
#1440=CARTESIAN_POINT('',(-0.0057204786549394,-0.00152652888115675,0.00503372110382415));
#1441=CARTESIAN_POINT('',(-0.0057204786549394,-0.00148454193980446,0.00523385085983901));
#1442=CARTESIAN_POINT('',(-0.0057204786549394,-0.00190675704857334,0.00533364784195166));
#1443=CARTESIAN_POINT('',(-0.0057204786549394,-0.00192581189240104,0.00527552566064722));
#1444=CARTESIAN_POINT('',(-0.0057204786549394,-0.00189669700360427,0.00522173348386251));
#1445=CARTESIAN_POINT('',(-0.0057204786549394,-0.00183761522022772,0.00520590256771938));
#1446=CARTESIAN_POINT('',(-0.0057204786549394,-0.00177853343685117,0.00519007165157624));
#1447=CARTESIAN_POINT('',(-0.0057204786549394,-0.00172642311513246,0.00522209959879827));
#1448=CARTESIAN_POINT('',(-0.0057204786549394,-0.00171386400330017,0.00528196230624513));
#1455=SURFACE_SIDE_STYLE('',(#3429));
#1456=EDGE_LOOP('',(#3430,#3431));
#1457=AXIS2_PLACEMENT_3D('',#3432,#3433,#3434);
#1458=SURFACE_SIDE_STYLE('',(#3435));
#1459=EDGE_LOOP('',(#3436,#3437));
#1460=AXIS2_PLACEMENT_3D('',#3438,#3439,#3440);
#1461=SURFACE_SIDE_STYLE('',(#3441));
#1462=EDGE_LOOP('',(#3442,#3443));
#1463=AXIS2_PLACEMENT_3D('',#3444,#3445,#3446);
#1464=SURFACE_SIDE_STYLE('',(#3447));
#1465=EDGE_LOOP('',(#3448,#3449,#3450,#3451));
#1467=CARTESIAN_POINT('',(-0.0053204786549394,-0.00391861483891345,0.00627522381377046));
#1468=CARTESIAN_POINT('',(-0.0053204786549394,-0.00408585830508128,0.00601917401617966));
#1469=CARTESIAN_POINT('',(-0.0053204786549394,-0.00401485638913664,0.00572170031355318));
#1470=CARTESIAN_POINT('',(-0.0053204786549394,-0.00374999999999983,0.00556878540598845));
#1471=CARTESIAN_POINT('',(-0.0053204786549394,-0.00348514361086303,0.00541587049842373));
#1472=CARTESIAN_POINT('',(-0.0053204786549394,-0.00319202286945836,0.00550311788681155));
#1473=CARTESIAN_POINT('',(-0.0053204786549394,-0.00305389897319478,0.00577597987592525));
#1474=CARTESIAN_POINT('',(-0.00555479322999017,-0.00391861483891345,0.00627522381377046));
#1475=CARTESIAN_POINT('',(-0.00555479322999017,-0.00408585830508128,0.00601917401617966));
#1476=CARTESIAN_POINT('',(-0.00555479322999016,-0.00401485638913664,0.00572170031355318));
#1477=CARTESIAN_POINT('',(-0.00555479322999016,-0.00374999999999984,0.00556878540598845));
#1478=CARTESIAN_POINT('',(-0.00555479322999016,-0.00348514361086303,0.00541587049842372));
#1479=CARTESIAN_POINT('',(-0.00555479322999016,-0.00319202286945836,0.00550311788681154));
#1480=CARTESIAN_POINT('',(-0.00555479322999016,-0.00305389897319478,0.00577597987592525));
#1481=CARTESIAN_POINT('',(-0.0057204786549394,-0.00377989808396253,0.00618461850522567));
#1482=CARTESIAN_POINT('',(-0.0057204786549394,-0.00389172194060636,0.00601341614667887));
#1483=CARTESIAN_POINT('',(-0.0057204786549394,-0.00384424798989272,0.00581451655771417));
#1484=CARTESIAN_POINT('',(-0.0057204786549394,-0.00366715728752522,0.00571227319303131));
#1485=CARTESIAN_POINT('',(-0.0057204786549394,-0.00349006658515771,0.00561002982834846));
#1486=CARTESIAN_POINT('',(-0.0057204786549394,-0.00329407751295518,0.00566836597549478));
#1487=CARTESIAN_POINT('',(-0.0057204786549394,-0.00320172384958775,0.00585080945537089));
#1488=CARTESIAN_POINT('',(-0.0057204786549394,-0.00358372296778256,0.00605648324905863));
#1489=CARTESIAN_POINT('',(-0.0057204786549394,-0.00361717166101612,0.00600527328954047));
#1490=CARTESIAN_POINT('',(-0.0057204786549394,-0.00360297127782719,0.00594577854901518));
#1491=CARTESIAN_POINT('',(-0.0057204786549394,-0.00354999999999983,0.00591519556750223));
#1492=CARTESIAN_POINT('',(-0.0057204786549394,-0.00349702872217247,0.00588461258598928));
#1493=CARTESIAN_POINT('',(-0.0057204786549394,-0.00343840457389154,0.00590206206366685));
#1494=CARTESIAN_POINT('',(-0.0057204786549394,-0.00341077979463883,0.00595663446148959));
#1501=SURFACE_SIDE_STYLE('',(#3452));
#1502=EDGE_LOOP('',(#3453,#3454,#3455,#3456));
#1504=CARTESIAN_POINT('',(0.00270638042476221,-0.00358372296778255,0.00605648324905866));
#1505=CARTESIAN_POINT('',(0.00270638042476221,-0.00361717166101612,0.0060052732895405));
#1506=CARTESIAN_POINT('',(0.00270638042476221,-0.00360297127782719,0.00594577854901521));
#1507=CARTESIAN_POINT('',(0.00270638042476221,-0.00354999999999983,0.00591519556750226));
#1508=CARTESIAN_POINT('',(0.00270638042476221,-0.00349702872217247,0.00588461258598932));
#1509=CARTESIAN_POINT('',(0.00270638042476221,-0.00343840457389154,0.00590206206366688));
#1510=CARTESIAN_POINT('',(0.00270638042476221,-0.00341077979463882,0.00595663446148962));
#1511=CARTESIAN_POINT('',(0.00270638042476221,-0.00377989808396254,0.00618461850522569));
#1512=CARTESIAN_POINT('',(0.00270638042476221,-0.00389172194060635,0.00601341614667888));
#1513=CARTESIAN_POINT('',(0.00270638042476221,-0.0038442479898927,0.0058145165577142));
#1514=CARTESIAN_POINT('',(0.00270638042476221,-0.0036671572875252,0.00571227319303134));
#1515=CARTESIAN_POINT('',(0.00270638042476221,-0.0034900665851577,0.00561002982834849));
#1516=CARTESIAN_POINT('',(0.00270638042476221,-0.00329407751295518,0.00566836597549482));
#1517=CARTESIAN_POINT('',(0.00270638042476221,-0.00320172384958775,0.00585080945537092));
#1518=CARTESIAN_POINT('',(0.00254069499981297,-0.00391861483891346,0.00627522381377047));
#1519=CARTESIAN_POINT('',(0.00254069499981297,-0.00408585830508127,0.00601917401617967));
#1520=CARTESIAN_POINT('',(0.00254069499981297,-0.00401485638913662,0.0057217003135532));
#1521=CARTESIAN_POINT('',(0.00254069499981297,-0.00374999999999982,0.00556878540598848));
#1522=CARTESIAN_POINT('',(0.00254069499981297,-0.00348514361086302,0.00541587049842376));
#1523=CARTESIAN_POINT('',(0.00254069499981297,-0.00319202286945836,0.00550311788681158));
#1524=CARTESIAN_POINT('',(0.00254069499981297,-0.00305389897319478,0.00577597987592527));
#1525=CARTESIAN_POINT('',(0.00230638042476221,-0.00391861483891346,0.00627522381377047));
#1526=CARTESIAN_POINT('',(0.00230638042476221,-0.00408585830508127,0.00601917401617967));
#1527=CARTESIAN_POINT('',(0.00230638042476221,-0.00401485638913662,0.0057217003135532));
#1528=CARTESIAN_POINT('',(0.00230638042476221,-0.00374999999999982,0.00556878540598848));
#1529=CARTESIAN_POINT('',(0.00230638042476221,-0.00348514361086302,0.00541587049842376));
#1530=CARTESIAN_POINT('',(0.00230638042476221,-0.00319202286945836,0.00550311788681158));
#1531=CARTESIAN_POINT('',(0.00230638042476221,-0.00305389897319478,0.00577597987592527));
#1538=SURFACE_SIDE_STYLE('',(#3457));
#1539=EDGE_LOOP('',(#3458,#3459));
#1540=AXIS2_PLACEMENT_3D('',#3460,#3461,#3462);
#1541=SURFACE_SIDE_STYLE('',(#3463));
#1542=EDGE_LOOP('',(#3464,#3465));
#1543=AXIS2_PLACEMENT_3D('',#3466,#3467,#3468);
#1544=SURFACE_SIDE_STYLE('',(#3469));
#1545=EDGE_LOOP('',(#3470,#3471,#3472,#3473));
#1547=CARTESIAN_POINT('',(-0.00532047865493945,-0.0030538989731949,0.0183519719928183));
#1548=CARTESIAN_POINT('',(-0.00532047865493945,-0.00319202286945847,0.018624833981932));
#1549=CARTESIAN_POINT('',(-0.00532047865493945,-0.00348514361086315,0.0187120813703198));
#1550=CARTESIAN_POINT('',(-0.00532047865493945,-0.00374999999999995,0.0185591664627551));
#1551=CARTESIAN_POINT('',(-0.00532047865493945,-0.00401485638913676,0.0184062515551903));
#1552=CARTESIAN_POINT('',(-0.00532047865493944,-0.0040858583050814,0.0181087778525639));
#1553=CARTESIAN_POINT('',(-0.00532047865493944,-0.00391861483891357,0.0178527280549731));
#1554=CARTESIAN_POINT('',(-0.00555479322999022,-0.0030538989731949,0.0183519719928183));
#1555=CARTESIAN_POINT('',(-0.00555479322999022,-0.00319202286945847,0.018624833981932));
#1556=CARTESIAN_POINT('',(-0.00555479322999023,-0.00348514361086315,0.0187120813703198));
#1557=CARTESIAN_POINT('',(-0.00555479322999022,-0.00374999999999996,0.0185591664627551));
#1558=CARTESIAN_POINT('',(-0.00555479322999022,-0.00401485638913677,0.0184062515551903));
#1559=CARTESIAN_POINT('',(-0.00555479322999022,-0.00408585830508141,0.0181087778525639));
#1560=CARTESIAN_POINT('',(-0.00555479322999022,-0.00391861483891357,0.0178527280549731));
#1561=CARTESIAN_POINT('',(-0.00572047865493947,-0.00320172384958789,0.0182771424133726));
#1562=CARTESIAN_POINT('',(-0.00572047865493947,-0.00329407751295531,0.0184595858932487));
#1563=CARTESIAN_POINT('',(-0.00572047865493947,-0.00349006658515783,0.018517922040395));
#1564=CARTESIAN_POINT('',(-0.00572047865493947,-0.00366715728752533,0.0184156786757122));
#1565=CARTESIAN_POINT('',(-0.00572047865493947,-0.00384424798989282,0.0183134353110293));
#1566=CARTESIAN_POINT('',(-0.00572047865493946,-0.00389172194060646,0.0181145357220647));
#1567=CARTESIAN_POINT('',(-0.00572047865493946,-0.00377989808396264,0.0179433333635179));
#1568=CARTESIAN_POINT('',(-0.00572047865493944,-0.00341077979463897,0.0181713174072539));
#1569=CARTESIAN_POINT('',(-0.00572047865493944,-0.00343840457389168,0.0182258898050766));
#1570=CARTESIAN_POINT('',(-0.00572047865493944,-0.0034970287221726,0.0182433392827542));
#1571=CARTESIAN_POINT('',(-0.00572047865493944,-0.00354999999999994,0.0182127563012413));
#1572=CARTESIAN_POINT('',(-0.00572047865493944,-0.00360297127782728,0.0181821733197283));
#1573=CARTESIAN_POINT('',(-0.00572047865493944,-0.0036171716610162,0.018122678579203));
#1574=CARTESIAN_POINT('',(-0.00572047865493944,-0.00358372296778265,0.0180714686196849));
#1581=SURFACE_SIDE_STYLE('',(#3474));
#1582=EDGE_LOOP('',(#3475,#3476,#3477,#3478));
#1584=CARTESIAN_POINT('',(0.00270638042476217,-0.00341077979463895,0.018171317407254));
#1585=CARTESIAN_POINT('',(0.00270638042476217,-0.00343840457389167,0.0182258898050767));
#1586=CARTESIAN_POINT('',(0.00270638042476217,-0.00349702872217259,0.0182433392827543));
#1587=CARTESIAN_POINT('',(0.00270638042476217,-0.00354999999999995,0.0182127563012413));
#1588=CARTESIAN_POINT('',(0.00270638042476217,-0.00360297127782731,0.0181821733197284));
#1589=CARTESIAN_POINT('',(0.00270638042476217,-0.00361717166101623,0.0181226785792031));
#1590=CARTESIAN_POINT('',(0.00270638042476217,-0.00358372296778268,0.0180714686196849));
#1591=CARTESIAN_POINT('',(0.00270638042476217,-0.00320172384958788,0.0182771424133727));
#1592=CARTESIAN_POINT('',(0.00270638042476217,-0.00329407751295532,0.0184595858932488));
#1593=CARTESIAN_POINT('',(0.00270638042476217,-0.00349006658515784,0.0185179220403951));
#1594=CARTESIAN_POINT('',(0.00270638042476217,-0.00366715728752533,0.0184156786757122));
#1595=CARTESIAN_POINT('',(0.00270638042476217,-0.00384424798989282,0.0183134353110294));
#1596=CARTESIAN_POINT('',(0.00270638042476217,-0.00389172194060647,0.0181145357220647));
#1597=CARTESIAN_POINT('',(0.00270638042476217,-0.00377989808396266,0.0179433333635179));
#1598=CARTESIAN_POINT('',(0.00254069499981293,-0.00305389897319492,0.0183519719928183));
#1599=CARTESIAN_POINT('',(0.00254069499981293,-0.00319202286945851,0.018624833981932));
#1600=CARTESIAN_POINT('',(0.00254069499981293,-0.00348514361086316,0.0187120813703198));
#1601=CARTESIAN_POINT('',(0.00254069499981293,-0.00374999999999995,0.0185591664627551));
#1602=CARTESIAN_POINT('',(0.00254069499981293,-0.00401485638913675,0.0184062515551904));
#1603=CARTESIAN_POINT('',(0.00254069499981293,-0.00408585830508139,0.0181087778525639));
#1604=CARTESIAN_POINT('',(0.00254069499981293,-0.00391861483891359,0.0178527280549731));
#1605=CARTESIAN_POINT('',(0.00230638042476216,-0.00305389897319492,0.0183519719928183));
#1606=CARTESIAN_POINT('',(0.00230638042476216,-0.00319202286945851,0.018624833981932));
#1607=CARTESIAN_POINT('',(0.00230638042476216,-0.00348514361086317,0.0187120813703198));
#1608=CARTESIAN_POINT('',(0.00230638042476216,-0.00374999999999995,0.0185591664627551));
#1609=CARTESIAN_POINT('',(0.00230638042476216,-0.00401485638913674,0.0184062515551904));
#1610=CARTESIAN_POINT('',(0.00230638042476216,-0.00408585830508139,0.0181087778525639));
#1611=CARTESIAN_POINT('',(0.00230638042476217,-0.00391861483891359,0.0178527280549731));
#1618=SURFACE_SIDE_STYLE('',(#3479));
#1619=EDGE_LOOP('',(#3480,#3481,#3482,#3483));
#1620=AXIS2_PLACEMENT_3D('',#3484,#3485,#3486);
#1621=SURFACE_SIDE_STYLE('',(#3487));
#1622=EDGE_LOOP('',(#3488,#3489,#3490,#3491));
#1623=AXIS2_PLACEMENT_3D('',#3492,#3493,#3494);
#1624=SURFACE_SIDE_STYLE('',(#3495));
#1625=EDGE_LOOP('',(#3496,#3497,#3498,#3499));
#1627=CARTESIAN_POINT('',(-0.00532047865493944,-0.00457729302454215,0.0173473065067472));
#1628=CARTESIAN_POINT('',(-0.00532047865493944,-0.00478133234263799,0.017575121854108));
#1629=CARTESIAN_POINT('',(-0.00532047865493944,-0.00508704652273198,0.0175835311294379));
#1630=CARTESIAN_POINT('',(-0.00532047865493944,-0.00530330085889905,0.0173672767932709));
#1631=CARTESIAN_POINT('',(-0.00532047865493944,-0.00551955519506612,0.0171510224571038));
#1632=CARTESIAN_POINT('',(-0.00532047865493944,-0.00551114591973615,0.0168453082770098));
#1633=CARTESIAN_POINT('',(-0.00532047865493944,-0.0052833305723754,0.016641268958914));
#1634=CARTESIAN_POINT('',(-0.00555479322999021,-0.00457729302454215,0.0173473065067472));
#1635=CARTESIAN_POINT('',(-0.00555479322999021,-0.00478133234263799,0.017575121854108));
#1636=CARTESIAN_POINT('',(-0.00555479322999021,-0.00508704652273199,0.0175835311294379));
#1637=CARTESIAN_POINT('',(-0.00555479322999021,-0.00530330085889905,0.0173672767932709));
#1638=CARTESIAN_POINT('',(-0.00555479322999021,-0.00551955519506612,0.0171510224571038));
#1639=CARTESIAN_POINT('',(-0.00555479322999021,-0.00551114591973616,0.0168453082770098));
#1640=CARTESIAN_POINT('',(-0.00555479322999021,-0.0052833305723754,0.016641268958914));
#1641=CARTESIAN_POINT('',(-0.00572047865493945,-0.00470071357012057,0.0172367667900399));
#1642=CARTESIAN_POINT('',(-0.00572047865493945,-0.00483714020596629,0.0173890907721258));
#1643=CARTESIAN_POINT('',(-0.00572047865493945,-0.00504154961837652,0.0173947134587426));
#1644=CARTESIAN_POINT('',(-0.00572047865493945,-0.00518614357137367,0.0172501195057455));
#1645=CARTESIAN_POINT('',(-0.00572047865493945,-0.00533073752437082,0.0171055255527483));
#1646=CARTESIAN_POINT('',(-0.00572047865493945,-0.00532511483775397,0.0169011161403381));
#1647=CARTESIAN_POINT('',(-0.00572047865493945,-0.00517279085566807,0.0167646895044924));
#1648=CARTESIAN_POINT('',(-0.00572047865493944,-0.00487525657955306,0.0170804400234915));
#1649=CARTESIAN_POINT('',(-0.00572047865493944,-0.00491606444317222,0.0171260030929637));
#1650=CARTESIAN_POINT('',(-0.00572047865493944,-0.00497720727919102,0.0171276849480296));
#1651=CARTESIAN_POINT('',(-0.00572047865493944,-0.00502045814642443,0.0170844340807962));
#1652=CARTESIAN_POINT('',(-0.00572047865493944,-0.00506370901365784,0.0170411832135628));
#1653=CARTESIAN_POINT('',(-0.00572047865493944,-0.00506202715859184,0.016980040377544));
#1654=CARTESIAN_POINT('',(-0.00572047865493944,-0.0050164640891197,0.0169392325139249));
#1661=SURFACE_SIDE_STYLE('',(#3500));
#1662=EDGE_LOOP('',(#3501,#3502,#3503,#3504));
#1664=CARTESIAN_POINT('',(0.00270638042476217,-0.00487525657955306,0.0170804400234915));
#1665=CARTESIAN_POINT('',(0.00270638042476217,-0.00491606444317223,0.0171260030929637));
#1666=CARTESIAN_POINT('',(0.00270638042476217,-0.00497720727919102,0.0171276849480297));
#1667=CARTESIAN_POINT('',(0.00270638042476217,-0.00502045814642443,0.0170844340807963));
#1668=CARTESIAN_POINT('',(0.00270638042476217,-0.00506370901365784,0.0170411832135629));
#1669=CARTESIAN_POINT('',(0.00270638042476217,-0.00506202715859185,0.0169800403775441));
#1670=CARTESIAN_POINT('',(0.00270638042476217,-0.00501646408911971,0.0169392325139249));
#1671=CARTESIAN_POINT('',(0.00270638042476217,-0.00470071357012059,0.0172367667900399));
#1672=CARTESIAN_POINT('',(0.00270638042476217,-0.00483714020596631,0.0173890907721258));
#1673=CARTESIAN_POINT('',(0.00270638042476217,-0.00504154961837653,0.0173947134587427));
#1674=CARTESIAN_POINT('',(0.00270638042476217,-0.00518614357137367,0.0172501195057455));
#1675=CARTESIAN_POINT('',(0.00270638042476217,-0.00533073752437082,0.0171055255527484));
#1676=CARTESIAN_POINT('',(0.00270638042476217,-0.00532511483775398,0.0169011161403381));
#1677=CARTESIAN_POINT('',(0.00270638042476217,-0.0051727908556681,0.0167646895044924));
#1678=CARTESIAN_POINT('',(0.00254069499981293,-0.00457729302454218,0.0173473065067473));
#1679=CARTESIAN_POINT('',(0.00254069499981293,-0.00478133234263803,0.017575121854108));
#1680=CARTESIAN_POINT('',(0.00254069499981293,-0.005087046522732,0.0175835311294379));
#1681=CARTESIAN_POINT('',(0.00254069499981293,-0.00530330085889905,0.0173672767932709));
#1682=CARTESIAN_POINT('',(0.00254069499981293,-0.0055195551950661,0.0171510224571038));
#1683=CARTESIAN_POINT('',(0.00254069499981293,-0.00551114591973615,0.0168453082770099));
#1684=CARTESIAN_POINT('',(0.00254069499981293,-0.00528333057237543,0.016641268958914));
#1685=CARTESIAN_POINT('',(0.00230638042476217,-0.00457729302454218,0.0173473065067473));
#1686=CARTESIAN_POINT('',(0.00230638042476217,-0.00478133234263803,0.017575121854108));
#1687=CARTESIAN_POINT('',(0.00230638042476217,-0.005087046522732,0.0175835311294379));
#1688=CARTESIAN_POINT('',(0.00230638042476217,-0.00530330085889905,0.0173672767932709));
#1689=CARTESIAN_POINT('',(0.00230638042476217,-0.0055195551950661,0.0171510224571038));
#1690=CARTESIAN_POINT('',(0.00230638042476217,-0.00551114591973615,0.0168453082770099));
#1691=CARTESIAN_POINT('',(0.00230638042476217,-0.00528333057237543,0.016641268958914));
#1698=SURFACE_SIDE_STYLE('',(#3505));
#1699=EDGE_LOOP('',(#3506,#3507,#3508,#3509));
#1700=AXIS2_PLACEMENT_3D('',#3510,#3511,#3512);
#1701=SURFACE_SIDE_STYLE('',(#3513));
#1702=EDGE_LOOP('',(#3514,#3515,#3516,#3517));
#1704=CARTESIAN_POINT('',(-0.00532047865493944,-0.00578875212060122,0.0159825907732854));
#1705=CARTESIAN_POINT('',(-0.00532047865493944,-0.00604480191819201,0.0161498342394532));
#1706=CARTESIAN_POINT('',(-0.00532047865493944,-0.00634227562081849,0.0160788323235086));
#1707=CARTESIAN_POINT('',(-0.00532047865493944,-0.00649519052838322,0.0158139759343718));
#1708=CARTESIAN_POINT('',(-0.00532047865493944,-0.00664810543594795,0.0155491195452349));
#1709=CARTESIAN_POINT('',(-0.00532047865493944,-0.00656085804756013,0.0152559988038303));
#1710=CARTESIAN_POINT('',(-0.00532047865493944,-0.00628799605844644,0.0151178749075667));
#1711=CARTESIAN_POINT('',(-0.0055547932299902,-0.00578875212060122,0.0159825907732854));
#1712=CARTESIAN_POINT('',(-0.0055547932299902,-0.00604480191819201,0.0161498342394532));
#1713=CARTESIAN_POINT('',(-0.0055547932299902,-0.00634227562081849,0.0160788323235086));
#1714=CARTESIAN_POINT('',(-0.0055547932299902,-0.00649519052838322,0.0158139759343718));
#1715=CARTESIAN_POINT('',(-0.0055547932299902,-0.00664810543594795,0.0155491195452349));
#1716=CARTESIAN_POINT('',(-0.0055547932299902,-0.00656085804756013,0.0152559988038303));
#1717=CARTESIAN_POINT('',(-0.0055547932299902,-0.00628799605844643,0.0151178749075667));
#1718=CARTESIAN_POINT('',(-0.00572047865493944,-0.00587935742914601,0.0158438740183344));
#1719=CARTESIAN_POINT('',(-0.00572047865493944,-0.00605055978769281,0.0159556978749783));
#1720=CARTESIAN_POINT('',(-0.00572047865493944,-0.0062494593766575,0.0159082239242646));
#1721=CARTESIAN_POINT('',(-0.00572047865493944,-0.00635170274134036,0.0157311332218971));
#1722=CARTESIAN_POINT('',(-0.00572047865493944,-0.00645394610602322,0.0155540425195296));
#1723=CARTESIAN_POINT('',(-0.00572047865493944,-0.00639560995887689,0.0153580534473271));
#1724=CARTESIAN_POINT('',(-0.00572047865493944,-0.00621316647900079,0.0152656997839597));
#1725=CARTESIAN_POINT('',(-0.00572047865493944,-0.00600749268531305,0.0156476989021545));
#1726=CARTESIAN_POINT('',(-0.00572047865493944,-0.00605870264483121,0.015681147595388));
#1727=CARTESIAN_POINT('',(-0.00572047865493944,-0.00611819738535649,0.0156669472121991));
#1728=CARTESIAN_POINT('',(-0.00572047865493944,-0.00614878036686944,0.0156139759343717));
#1729=CARTESIAN_POINT('',(-0.00572047865493944,-0.00617936334838239,0.0155610046565444));
#1730=CARTESIAN_POINT('',(-0.00572047865493944,-0.00616191387070482,0.0155023805082635));
#1731=CARTESIAN_POINT('',(-0.00572047865493944,-0.00610734147288209,0.0154747557290107));
#1738=SURFACE_SIDE_STYLE('',(#3518));
#1739=EDGE_LOOP('',(#3519,#3520,#3521,#3522));
#1741=CARTESIAN_POINT('',(0.00270638042476218,-0.00600749268531306,0.0156476989021545));
#1742=CARTESIAN_POINT('',(0.00270638042476218,-0.00605870264483121,0.0156811475953881));
#1743=CARTESIAN_POINT('',(0.00270638042476218,-0.0061181973853565,0.0156669472121991));
#1744=CARTESIAN_POINT('',(0.00270638042476218,-0.00614878036686944,0.0156139759343718));
#1745=CARTESIAN_POINT('',(0.00270638042476218,-0.00617936334838239,0.0155610046565444));
#1746=CARTESIAN_POINT('',(0.00270638042476218,-0.00616191387070483,0.0155023805082635));
#1747=CARTESIAN_POINT('',(0.00270638042476218,-0.0061073414728821,0.0154747557290108));
#1748=CARTESIAN_POINT('',(0.00270638042476218,-0.00587935742914604,0.0158438740183345));
#1749=CARTESIAN_POINT('',(0.00270638042476218,-0.00605055978769284,0.0159556978749783));
#1750=CARTESIAN_POINT('',(0.00270638042476218,-0.00624945937665751,0.0159082239242646));
#1751=CARTESIAN_POINT('',(0.00270638042476218,-0.00635170274134036,0.0157311332218972));
#1752=CARTESIAN_POINT('',(0.00270638042476218,-0.00645394610602321,0.0155540425195297));
#1753=CARTESIAN_POINT('',(0.00270638042476218,-0.0063956099588769,0.0153580534473272));
#1754=CARTESIAN_POINT('',(0.00270638042476218,-0.00621316647900083,0.0152656997839597));
#1755=CARTESIAN_POINT('',(0.00254069499981294,-0.00578875212060127,0.0159825907732854));
#1756=CARTESIAN_POINT('',(0.00254069499981294,-0.00604480191819206,0.0161498342394532));
#1757=CARTESIAN_POINT('',(0.00254069499981294,-0.00634227562081851,0.0160788323235086));
#1758=CARTESIAN_POINT('',(0.00254069499981294,-0.00649519052838322,0.0158139759343718));
#1759=CARTESIAN_POINT('',(0.00254069499981294,-0.00664810543594793,0.015549119545235));
#1760=CARTESIAN_POINT('',(0.00254069499981294,-0.00656085804756014,0.0152559988038303));
#1761=CARTESIAN_POINT('',(0.00254069499981294,-0.00628799605844648,0.0151178749075667));
#1762=CARTESIAN_POINT('',(0.00230638042476217,-0.00578875212060127,0.0159825907732854));
#1763=CARTESIAN_POINT('',(0.00230638042476217,-0.00604480191819206,0.0161498342394532));
#1764=CARTESIAN_POINT('',(0.00230638042476217,-0.00634227562081851,0.0160788323235086));
#1765=CARTESIAN_POINT('',(0.00230638042476217,-0.00649519052838322,0.0158139759343718));
#1766=CARTESIAN_POINT('',(0.00230638042476217,-0.00664810543594794,0.015549119545235));
#1767=CARTESIAN_POINT('',(0.00230638042476217,-0.00656085804756014,0.0152559988038303));
#1768=CARTESIAN_POINT('',(0.00230638042476218,-0.00628799605844648,0.0151178749075667));
#1775=SURFACE_SIDE_STYLE('',(#3523));
#1776=EDGE_LOOP('',(#3524,#3525,#3526,#3527));
#1777=AXIS2_PLACEMENT_3D('',#3528,#3529,#3530);
#1778=SURFACE_SIDE_STYLE('',(#3531));
#1779=EDGE_LOOP('',(#3532,#3533,#3534,#3535));
#1781=CARTESIAN_POINT('',(-0.00532047865493943,-0.0066057173260065,0.0143508279143688));
#1782=CARTESIAN_POINT('',(-0.00532047865493943,-0.00689632823252873,0.0144461021335072));
#1783=CARTESIAN_POINT('',(-0.00532047865493943,-0.00716528911645224,0.0143005276895234));
#1784=CARTESIAN_POINT('',(-0.00532047865493943,-0.00724444369716793,0.0140051187726406));
#1785=CARTESIAN_POINT('',(-0.00532047865493943,-0.00732359827788362,0.0137097098557579));
#1786=CARTESIAN_POINT('',(-0.00532047865493943,-0.00716345854177345,0.0134491582471643));
#1787=CARTESIAN_POINT('',(-0.00532047865493943,-0.00686414500453914,0.0133863626880029));
#1788=CARTESIAN_POINT('',(-0.0055547932299902,-0.0066057173260065,0.0143508279143688));
#1789=CARTESIAN_POINT('',(-0.0055547932299902,-0.00689632823252873,0.0144461021335072));
#1790=CARTESIAN_POINT('',(-0.0055547932299902,-0.00716528911645224,0.0143005276895234));
#1791=CARTESIAN_POINT('',(-0.0055547932299902,-0.00724444369716793,0.0140051187726406));
#1792=CARTESIAN_POINT('',(-0.0055547932299902,-0.00732359827788362,0.0137097098557579));
#1793=CARTESIAN_POINT('',(-0.0055547932299902,-0.00716345854177345,0.0134491582471643));
#1794=CARTESIAN_POINT('',(-0.0055547932299902,-0.00686414500453914,0.0133863626880029));
#1795=CARTESIAN_POINT('',(-0.00572047865493944,-0.00665733279547269,0.0141933874387839));
#1796=CARTESIAN_POINT('',(-0.00572047865493944,-0.00685164371891088,0.014257090558953));
#1797=CARTESIAN_POINT('',(-0.00572047865493944,-0.0070314788061392,0.0141597552421956));
#1798=CARTESIAN_POINT('',(-0.00572047865493944,-0.00708440386616978,0.0139622362291679));
#1799=CARTESIAN_POINT('',(-0.00572047865493944,-0.00713732892620035,0.0137647172161402));
#1800=CARTESIAN_POINT('',(-0.00572047865493944,-0.00703025483054753,0.0135905048155287));
#1801=CARTESIAN_POINT('',(-0.00572047865493944,-0.00683012507453268,0.0135485178741764));
#1802=CARTESIAN_POINT('',(-0.00572047865493943,-0.00673032809242002,0.0139707329829452));
#1803=CARTESIAN_POINT('',(-0.00572047865493943,-0.00678845027372446,0.0139897878267729));
#1804=CARTESIAN_POINT('',(-0.00572047865493943,-0.00684224245050916,0.0139606729379762));
#1805=CARTESIAN_POINT('',(-0.00572047865493943,-0.00685807336665229,0.0139015911545996));
#1806=CARTESIAN_POINT('',(-0.00572047865493943,-0.00687390428279543,0.0138425093712231));
#1807=CARTESIAN_POINT('',(-0.00572047865493943,-0.0068418763355734,0.0137903990495044));
#1808=CARTESIAN_POINT('',(-0.00572047865493943,-0.00678201362812654,0.0137778399376721));
#1815=SURFACE_SIDE_STYLE('',(#3536));
#1816=EDGE_LOOP('',(#3537,#3538,#3539,#3540));
#1818=CARTESIAN_POINT('',(0.00270638042476218,-0.00673032809242003,0.0139707329829453));
#1819=CARTESIAN_POINT('',(0.00270638042476218,-0.00678845027372447,0.013989787826773));
#1820=CARTESIAN_POINT('',(0.00270638042476218,-0.00684224245050916,0.0139606729379762));
#1821=CARTESIAN_POINT('',(0.00270638042476218,-0.0068580733666523,0.0139015911545997));
#1822=CARTESIAN_POINT('',(0.00270638042476218,-0.00687390428279543,0.0138425093712231));
#1823=CARTESIAN_POINT('',(0.00270638042476218,-0.0068418763355734,0.0137903990495044));
#1824=CARTESIAN_POINT('',(0.00270638042476218,-0.00678201362812655,0.0137778399376721));
#1825=CARTESIAN_POINT('',(0.00270638042476218,-0.00665733279547273,0.0141933874387839));
#1826=CARTESIAN_POINT('',(0.00270638042476218,-0.00685164371891091,0.014257090558953));
#1827=CARTESIAN_POINT('',(0.00270638042476218,-0.00703147880613922,0.0141597552421956));
#1828=CARTESIAN_POINT('',(0.00270638042476218,-0.00708440386616978,0.0139622362291679));
#1829=CARTESIAN_POINT('',(0.00270638042476218,-0.00713732892620034,0.0137647172161402));
#1830=CARTESIAN_POINT('',(0.00270638042476218,-0.00703025483054754,0.0135905048155287));
#1831=CARTESIAN_POINT('',(0.00270638042476218,-0.00683012507453271,0.0135485178741764));
#1832=CARTESIAN_POINT('',(0.00254069499981294,-0.00660571732600657,0.0143508279143688));
#1833=CARTESIAN_POINT('',(0.00254069499981294,-0.00689632823252878,0.0144461021335072));
#1834=CARTESIAN_POINT('',(0.00254069499981294,-0.00716528911645226,0.0143005276895234));
#1835=CARTESIAN_POINT('',(0.00254069499981294,-0.00724444369716793,0.0140051187726407));
#1836=CARTESIAN_POINT('',(0.00254069499981294,-0.00732359827788361,0.0137097098557579));
#1837=CARTESIAN_POINT('',(0.00254069499981294,-0.00716345854177347,0.0134491582471644));
#1838=CARTESIAN_POINT('',(0.00254069499981295,-0.0068641450045392,0.0133863626880029));
#1839=CARTESIAN_POINT('',(0.00230638042476218,-0.00660571732600657,0.0143508279143688));
#1840=CARTESIAN_POINT('',(0.00230638042476218,-0.00689632823252878,0.0144461021335072));
#1841=CARTESIAN_POINT('',(0.00230638042476218,-0.00716528911645225,0.0143005276895234));
#1842=CARTESIAN_POINT('',(0.00230638042476218,-0.00724444369716793,0.0140051187726407));
#1843=CARTESIAN_POINT('',(0.00230638042476218,-0.0073235982778836,0.0137097098557579));
#1844=CARTESIAN_POINT('',(0.00230638042476218,-0.00716345854177347,0.0134491582471644));
#1845=CARTESIAN_POINT('',(0.00230638042476218,-0.0068641450045392,0.0133863626880029));
#1852=SURFACE_SIDE_STYLE('',(#3541));
#1853=EDGE_LOOP('',(#3542,#3543,#3544,#3545));
#1854=AXIS2_PLACEMENT_3D('',#3546,#3547,#3548);
#1855=SURFACE_SIDE_STYLE('',(#3549));
#1856=EDGE_LOOP('',(#3550,#3551,#3552,#3553));
#1858=CARTESIAN_POINT('',(-0.00532047865493942,-0.00697251381210847,0.0125632198722169));
#1859=CARTESIAN_POINT('',(-0.00532047865493942,-0.00727788117453987,0.0125800320637398));
#1860=CARTESIAN_POINT('',(-0.00532047865493942,-0.00749999999999991,0.0123698057495012));
#1861=CARTESIAN_POINT('',(-0.00532047865493942,-0.00749999999999991,0.0120639759343717));
#1862=CARTESIAN_POINT('',(-0.00532047865493942,-0.00749999999999991,0.0117581461192423));
#1863=CARTESIAN_POINT('',(-0.00532047865493942,-0.00727788117453987,0.0115479198050036));
#1864=CARTESIAN_POINT('',(-0.00532047865493942,-0.00697251381210847,0.0115647319965265));
#1865=CARTESIAN_POINT('',(-0.00555479322999019,-0.00697251381210847,0.0125632198722169));
#1866=CARTESIAN_POINT('',(-0.00555479322999019,-0.00727788117453987,0.0125800320637398));
#1867=CARTESIAN_POINT('',(-0.00555479322999019,-0.00749999999999991,0.0123698057495012));
#1868=CARTESIAN_POINT('',(-0.00555479322999019,-0.00749999999999991,0.0120639759343717));
#1869=CARTESIAN_POINT('',(-0.00555479322999019,-0.00749999999999991,0.0117581461192423));
#1870=CARTESIAN_POINT('',(-0.00555479322999019,-0.00727788117453987,0.0115479198050036));
#1871=CARTESIAN_POINT('',(-0.00555479322999019,-0.00697251381210846,0.0115647319965265));
#1872=CARTESIAN_POINT('',(-0.00572047865493943,-0.00698162193355052,0.0123977849842265));
#1873=CARTESIAN_POINT('',(-0.00572047865493943,-0.00718579945356178,0.0124090261055558));
#1874=CARTESIAN_POINT('',(-0.00572047865493943,-0.00733431457505066,0.0122684626637374));
#1875=CARTESIAN_POINT('',(-0.00572047865493943,-0.00733431457505066,0.0120639759343717));
#1876=CARTESIAN_POINT('',(-0.00572047865493943,-0.00733431457505066,0.011859489205006));
#1877=CARTESIAN_POINT('',(-0.00572047865493943,-0.00718579945356177,0.0117189257631876));
#1878=CARTESIAN_POINT('',(-0.00572047865493943,-0.00698162193355052,0.0117301668845169));
#1879=CARTESIAN_POINT('',(-0.00572047865493942,-0.00699450276242162,0.0121638247219408));
#1880=CARTESIAN_POINT('',(-0.00572047865493942,-0.0070555762349079,0.0121671871602453));
#1881=CARTESIAN_POINT('',(-0.00572047865493942,-0.0070999999999999,0.0121251418973976));
#1882=CARTESIAN_POINT('',(-0.00572047865493942,-0.0070999999999999,0.0120639759343717));
#1883=CARTESIAN_POINT('',(-0.00572047865493942,-0.0070999999999999,0.0120028099713458));
#1884=CARTESIAN_POINT('',(-0.00572047865493942,-0.00705557623490789,0.0119607647084981));
#1885=CARTESIAN_POINT('',(-0.00572047865493942,-0.00699450276242162,0.0119641271468027));
#1892=SURFACE_SIDE_STYLE('',(#3554));
#1893=EDGE_LOOP('',(#3555,#3556,#3557,#3558));
#1895=CARTESIAN_POINT('',(0.00270638042476219,-0.00699450276242163,0.0121638247219408));
#1896=CARTESIAN_POINT('',(0.00270638042476219,-0.00705557623490789,0.0121671871602453));
#1897=CARTESIAN_POINT('',(0.00270638042476219,-0.00709999999999988,0.0121251418973976));
#1898=CARTESIAN_POINT('',(0.00270638042476219,-0.00709999999999988,0.0120639759343718));
#1899=CARTESIAN_POINT('',(0.00270638042476219,-0.00709999999999987,0.0120028099713459));
#1900=CARTESIAN_POINT('',(0.00270638042476219,-0.00705557623490788,0.0119607647084982));
#1901=CARTESIAN_POINT('',(0.00270638042476219,-0.00699450276242162,0.0119641271468027));
#1902=CARTESIAN_POINT('',(0.0027063804247622,-0.00698162193355056,0.0123977849842265));
#1903=CARTESIAN_POINT('',(0.0027063804247622,-0.00718579945356179,0.0124090261055558));
#1904=CARTESIAN_POINT('',(0.0027063804247622,-0.00733431457505065,0.0122684626637374));
#1905=CARTESIAN_POINT('',(0.0027063804247622,-0.00733431457505065,0.0120639759343717));
#1906=CARTESIAN_POINT('',(0.0027063804247622,-0.00733431457505065,0.0118594892050061));
#1907=CARTESIAN_POINT('',(0.0027063804247622,-0.00718579945356178,0.0117189257631877));
#1908=CARTESIAN_POINT('',(0.0027063804247622,-0.00698162193355055,0.011730166884517));
#1909=CARTESIAN_POINT('',(0.00254069499981296,-0.00697251381210853,0.012563219872217));
#1910=CARTESIAN_POINT('',(0.00254069499981296,-0.00727788117453991,0.0125800320637398));
#1911=CARTESIAN_POINT('',(0.00254069499981296,-0.00749999999999991,0.0123698057495012));
#1912=CARTESIAN_POINT('',(0.00254069499981296,-0.0074999999999999,0.0120639759343717));
#1913=CARTESIAN_POINT('',(0.00254069499981296,-0.0074999999999999,0.0117581461192423));
#1914=CARTESIAN_POINT('',(0.00254069499981296,-0.0072778811745399,0.0115479198050037));
#1915=CARTESIAN_POINT('',(0.00254069499981296,-0.00697251381210852,0.0115647319965265));
#1916=CARTESIAN_POINT('',(0.00230638042476218,-0.00697251381210853,0.012563219872217));
#1917=CARTESIAN_POINT('',(0.00230638042476218,-0.00727788117453991,0.0125800320637398));
#1918=CARTESIAN_POINT('',(0.00230638042476218,-0.00749999999999991,0.0123698057495012));
#1919=CARTESIAN_POINT('',(0.00230638042476219,-0.0074999999999999,0.0120639759343717));
#1920=CARTESIAN_POINT('',(0.00230638042476219,-0.0074999999999999,0.0117581461192423));
#1921=CARTESIAN_POINT('',(0.00230638042476219,-0.0072778811745399,0.0115479198050037));
#1922=CARTESIAN_POINT('',(0.00230638042476219,-0.00697251381210852,0.0115647319965265));
#1929=SURFACE_SIDE_STYLE('',(#3559));
#1930=EDGE_LOOP('',(#3560,#3561,#3562,#3563));
#1931=AXIS2_PLACEMENT_3D('',#3564,#3565,#3566);
#1932=SURFACE_SIDE_STYLE('',(#3567));
#1933=EDGE_LOOP('',(#3568,#3569,#3570,#3571));
#1935=CARTESIAN_POINT('',(-0.00532047865493942,-0.00686414500453911,0.0107415891807406));
#1936=CARTESIAN_POINT('',(-0.00532047865493942,-0.00716345854177342,0.0106787936215791));
#1937=CARTESIAN_POINT('',(-0.00532047865493942,-0.00732359827788358,0.0104182420129856));
#1938=CARTESIAN_POINT('',(-0.00532047865493942,-0.0072444436971679,0.0101228330961028));
#1939=CARTESIAN_POINT('',(-0.00532047865493942,-0.00716528911645221,0.00982742417922007));
#1940=CARTESIAN_POINT('',(-0.00532047865493942,-0.0068963282325287,0.00968184973523624));
#1941=CARTESIAN_POINT('',(-0.00532047865493941,-0.00660571732600647,0.0097771239543747));
#1942=CARTESIAN_POINT('',(-0.00555479322999019,-0.00686414500453911,0.0107415891807406));
#1943=CARTESIAN_POINT('',(-0.00555479322999019,-0.00716345854177342,0.0106787936215791));
#1944=CARTESIAN_POINT('',(-0.00555479322999018,-0.00732359827788358,0.0104182420129856));
#1945=CARTESIAN_POINT('',(-0.00555479322999018,-0.0072444436971679,0.0101228330961028));
#1946=CARTESIAN_POINT('',(-0.00555479322999018,-0.00716528911645221,0.00982742417922007));
#1947=CARTESIAN_POINT('',(-0.00555479322999018,-0.0068963282325287,0.00968184973523624));
#1948=CARTESIAN_POINT('',(-0.00555479322999018,-0.00660571732600647,0.0097771239543747));
#1949=CARTESIAN_POINT('',(-0.00572047865493942,-0.00683012507453264,0.0105794339945671));
#1950=CARTESIAN_POINT('',(-0.00572047865493942,-0.00703025483054749,0.0105374470532148));
#1951=CARTESIAN_POINT('',(-0.00572047865493942,-0.00713732892620031,0.0103632346526033));
#1952=CARTESIAN_POINT('',(-0.00572047865493942,-0.00708440386616974,0.0101657156395756));
#1953=CARTESIAN_POINT('',(-0.00572047865493942,-0.00703147880613918,0.00996819662654787));
#1954=CARTESIAN_POINT('',(-0.00572047865493942,-0.00685164371891085,0.00987086130979046));
#1955=CARTESIAN_POINT('',(-0.00572047865493942,-0.00665733279547266,0.0099345644299596));
#1956=CARTESIAN_POINT('',(-0.00572047865493942,-0.00678201362812651,0.0103501119310714));
#1957=CARTESIAN_POINT('',(-0.00572047865493942,-0.00684187633557337,0.0103375528192391));
#1958=CARTESIAN_POINT('',(-0.00572047865493942,-0.0068739042827954,0.0102854424975204));
#1959=CARTESIAN_POINT('',(-0.00572047865493942,-0.00685807336665226,0.0102263607141438));
#1960=CARTESIAN_POINT('',(-0.00572047865493942,-0.00684224245050913,0.0101672789307673));
#1961=CARTESIAN_POINT('',(-0.00572047865493942,-0.00678845027372443,0.0101381640419705));
#1962=CARTESIAN_POINT('',(-0.00572047865493942,-0.00673032809241999,0.0101572188857982));
#1969=SURFACE_SIDE_STYLE('',(#3572));
#1970=EDGE_LOOP('',(#3573,#3574,#3575,#3576));
#1972=CARTESIAN_POINT('',(0.00270638042476219,-0.00678201362812652,0.0103501119310714));
#1973=CARTESIAN_POINT('',(0.00270638042476219,-0.00684187633557337,0.0103375528192391));
#1974=CARTESIAN_POINT('',(0.00270638042476219,-0.0068739042827954,0.0102854424975204));
#1975=CARTESIAN_POINT('',(0.00270638042476219,-0.00685807336665226,0.0102263607141439));
#1976=CARTESIAN_POINT('',(0.00270638042476219,-0.00684224245050913,0.0101672789307673));
#1977=CARTESIAN_POINT('',(0.00270638042476219,-0.00678845027372443,0.0101381640419705));
#1978=CARTESIAN_POINT('',(0.00270638042476219,-0.00673032809241999,0.0101572188857982));
#1979=CARTESIAN_POINT('',(0.00270638042476219,-0.00683012507453268,0.0105794339945671));
#1980=CARTESIAN_POINT('',(0.00270638042476219,-0.00703025483054751,0.0105374470532148));
#1981=CARTESIAN_POINT('',(0.00270638042476219,-0.00713732892620031,0.0103632346526033));
#1982=CARTESIAN_POINT('',(0.0027063804247622,-0.00708440386616974,0.0101657156395756));
#1983=CARTESIAN_POINT('',(0.0027063804247622,-0.00703147880613917,0.0099681966265479));
#1984=CARTESIAN_POINT('',(0.0027063804247622,-0.00685164371891086,0.00987086130979049));
#1985=CARTESIAN_POINT('',(0.0027063804247622,-0.00665733279547268,0.0099345644299596));
#1986=CARTESIAN_POINT('',(0.00254069499981295,-0.00686414500453917,0.0107415891807406));
#1987=CARTESIAN_POINT('',(0.00254069499981295,-0.00716345854177344,0.0106787936215791));
#1988=CARTESIAN_POINT('',(0.00254069499981295,-0.00732359827788358,0.0104182420129856));
#1989=CARTESIAN_POINT('',(0.00254069499981296,-0.00724444369716789,0.0101228330961028));
#1990=CARTESIAN_POINT('',(0.00254069499981296,-0.00716528911645221,0.00982742417922011));
#1991=CARTESIAN_POINT('',(0.00254069499981296,-0.00689632823252873,0.00968184973523629));
#1992=CARTESIAN_POINT('',(0.00254069499981296,-0.00660571732600651,0.00977712395437471));
#1993=CARTESIAN_POINT('',(0.00230638042476219,-0.00686414500453917,0.0107415891807406));
#1994=CARTESIAN_POINT('',(0.00230638042476219,-0.00716345854177344,0.0106787936215791));
#1995=CARTESIAN_POINT('',(0.00230638042476219,-0.00732359827788357,0.0104182420129856));
#1996=CARTESIAN_POINT('',(0.00230638042476219,-0.00724444369716789,0.0101228330961028));
#1997=CARTESIAN_POINT('',(0.00230638042476219,-0.00716528911645221,0.00982742417922011));
#1998=CARTESIAN_POINT('',(0.00230638042476219,-0.00689632823252873,0.00968184973523629));
#1999=CARTESIAN_POINT('',(0.00230638042476219,-0.00660571732600651,0.00977712395437471));
#2006=SURFACE_SIDE_STYLE('',(#3577));
#2007=EDGE_LOOP('',(#3578,#3579,#3580,#3581));
#2008=AXIS2_PLACEMENT_3D('',#3582,#3583,#3584);
#2009=SURFACE_SIDE_STYLE('',(#3585));
#2010=EDGE_LOOP('',(#3586,#3587,#3588,#3589));
#2012=CARTESIAN_POINT('',(-0.00532047865493941,-0.00628799605844636,0.00901007696117678));
#2013=CARTESIAN_POINT('',(-0.00532047865493941,-0.00656085804756007,0.00887195306491321));
#2014=CARTESIAN_POINT('',(-0.00532047865493941,-0.00664810543594788,0.00857883232350854));
#2015=CARTESIAN_POINT('',(-0.00532047865493941,-0.00649519052838315,0.00831397593437173));
#2016=CARTESIAN_POINT('',(-0.00532047865493941,-0.00634227562081843,0.00804911954523492));
#2017=CARTESIAN_POINT('',(-0.00532047865493941,-0.00604480191819194,0.00797811762929028));
#2018=CARTESIAN_POINT('',(-0.00532047865493941,-0.00578875212060115,0.00814536109545812));
#2019=CARTESIAN_POINT('',(-0.00555479322999018,-0.00628799605844636,0.00901007696117678));
#2020=CARTESIAN_POINT('',(-0.00555479322999018,-0.00656085804756007,0.0088719530649132));
#2021=CARTESIAN_POINT('',(-0.00555479322999018,-0.00664810543594788,0.00857883232350853));
#2022=CARTESIAN_POINT('',(-0.00555479322999018,-0.00649519052838315,0.00831397593437173));
#2023=CARTESIAN_POINT('',(-0.00555479322999018,-0.00634227562081842,0.00804911954523492));
#2024=CARTESIAN_POINT('',(-0.00555479322999018,-0.00604480191819194,0.00797811762929028));
#2025=CARTESIAN_POINT('',(-0.00555479322999018,-0.00578875212060115,0.00814536109545812));
#2026=CARTESIAN_POINT('',(-0.00572047865493942,-0.00621316647900072,0.0088622520847838));
#2027=CARTESIAN_POINT('',(-0.00572047865493942,-0.00639560995887682,0.00876989842141638));
#2028=CARTESIAN_POINT('',(-0.00572047865493942,-0.00645394610602314,0.00857390934921385));
#2029=CARTESIAN_POINT('',(-0.00572047865493942,-0.00635170274134029,0.00839681864684635));
#2030=CARTESIAN_POINT('',(-0.00572047865493941,-0.00624945937665744,0.00821972794447885));
#2031=CARTESIAN_POINT('',(-0.00572047865493941,-0.00605055978769274,0.00817225399376521));
#2032=CARTESIAN_POINT('',(-0.00572047865493941,-0.00587935742914594,0.00828407785040904));
#2033=CARTESIAN_POINT('',(-0.00572047865493941,-0.00610734147288202,0.00865319613973273));
#2034=CARTESIAN_POINT('',(-0.00572047865493941,-0.00616191387070475,0.00862557136048002));
#2035=CARTESIAN_POINT('',(-0.00572047865493941,-0.00617936334838231,0.00856694721219909));
#2036=CARTESIAN_POINT('',(-0.00572047865493941,-0.00614878036686937,0.00851397593437173));
#2037=CARTESIAN_POINT('',(-0.00572047865493941,-0.00611819738535643,0.00846100465654438));
#2038=CARTESIAN_POINT('',(-0.00572047865493941,-0.00605870264483114,0.00844680427335545));
#2039=CARTESIAN_POINT('',(-0.00572047865493941,-0.00600749268531298,0.00848025296658901));
#2046=SURFACE_SIDE_STYLE('',(#3590));
#2047=EDGE_LOOP('',(#3591,#3592,#3593,#3594));
#2049=CARTESIAN_POINT('',(0.0027063804247622,-0.00610734147288202,0.00865319613973276));
#2050=CARTESIAN_POINT('',(0.0027063804247622,-0.00616191387070476,0.00862557136048004));
#2051=CARTESIAN_POINT('',(0.0027063804247622,-0.00617936334838232,0.00856694721219911));
#2052=CARTESIAN_POINT('',(0.0027063804247622,-0.00614878036686937,0.00851397593437176));
#2053=CARTESIAN_POINT('',(0.0027063804247622,-0.00611819738535643,0.0084610046565444));
#2054=CARTESIAN_POINT('',(0.0027063804247622,-0.00605870264483114,0.00844680427335547));
#2055=CARTESIAN_POINT('',(0.0027063804247622,-0.00600749268531298,0.00848025296658903));
#2056=CARTESIAN_POINT('',(0.0027063804247622,-0.00621316647900075,0.00886225208478382));
#2057=CARTESIAN_POINT('',(0.0027063804247622,-0.00639560995887683,0.00876989842141638));
#2058=CARTESIAN_POINT('',(0.0027063804247622,-0.00645394610602314,0.00857390934921386));
#2059=CARTESIAN_POINT('',(0.0027063804247622,-0.00635170274134029,0.00839681864684637));
#2060=CARTESIAN_POINT('',(0.0027063804247622,-0.00624945937665743,0.00821972794447889));
#2061=CARTESIAN_POINT('',(0.0027063804247622,-0.00605055978769276,0.00817225399376524));
#2062=CARTESIAN_POINT('',(0.0027063804247622,-0.00587935742914596,0.00828407785040905));
#2063=CARTESIAN_POINT('',(0.00254069499981296,-0.00628799605844641,0.00901007696117679));
#2064=CARTESIAN_POINT('',(0.00254069499981296,-0.00656085804756007,0.00887195306491319));
#2065=CARTESIAN_POINT('',(0.00254069499981296,-0.00664810543594787,0.00857883232350854));
#2066=CARTESIAN_POINT('',(0.00254069499981296,-0.00649519052838315,0.00831397593437175));
#2067=CARTESIAN_POINT('',(0.00254069499981296,-0.00634227562081843,0.00804911954523497));
#2068=CARTESIAN_POINT('',(0.00254069499981296,-0.00604480191819197,0.00797811762929033));
#2069=CARTESIAN_POINT('',(0.00254069499981296,-0.00578875212060118,0.00814536109545812));
#2070=CARTESIAN_POINT('',(0.0023063804247622,-0.00628799605844641,0.00901007696117678));
#2071=CARTESIAN_POINT('',(0.0023063804247622,-0.00656085804756007,0.00887195306491318));
#2072=CARTESIAN_POINT('',(0.0023063804247622,-0.00664810543594787,0.00857883232350854));
#2073=CARTESIAN_POINT('',(0.0023063804247622,-0.00649519052838315,0.00831397593437175));
#2074=CARTESIAN_POINT('',(0.0023063804247622,-0.00634227562081843,0.00804911954523497));
#2075=CARTESIAN_POINT('',(0.0023063804247622,-0.00604480191819197,0.00797811762929033));
#2076=CARTESIAN_POINT('',(0.0023063804247622,-0.00578875212060118,0.00814536109545812));
#2083=SURFACE_SIDE_STYLE('',(#3595));
#2084=EDGE_LOOP('',(#3596,#3597,#3598,#3599));
#2085=AXIS2_PLACEMENT_3D('',#3600,#3601,#3602);
#2086=SURFACE_SIDE_STYLE('',(#3603));
#2087=EDGE_LOOP('',(#3604,#3605,#3606,#3607));
#2089=CARTESIAN_POINT('',(-0.00532047865493941,-0.0052833305723753,0.00748668290982953));
#2090=CARTESIAN_POINT('',(-0.00532047865493941,-0.00551114591973605,0.00728264359173369));
#2091=CARTESIAN_POINT('',(-0.00532047865493941,-0.00551955519506602,0.0069769294116397));
#2092=CARTESIAN_POINT('',(-0.0053204786549394,-0.00530330085889896,0.00676067507547263));
#2093=CARTESIAN_POINT('',(-0.0053204786549394,-0.00508704652273189,0.00654442073930556));
#2094=CARTESIAN_POINT('',(-0.0053204786549394,-0.0047813323426379,0.00655283001463553));
#2095=CARTESIAN_POINT('',(-0.0053204786549394,-0.00457729302454205,0.00678064536199628));
#2096=CARTESIAN_POINT('',(-0.00555479322999017,-0.0052833305723753,0.00748668290982953));
#2097=CARTESIAN_POINT('',(-0.00555479322999017,-0.00551114591973605,0.00728264359173369));
#2098=CARTESIAN_POINT('',(-0.00555479322999017,-0.00551955519506602,0.00697692941163969));
#2099=CARTESIAN_POINT('',(-0.00555479322999017,-0.00530330085889896,0.00676067507547263));
#2100=CARTESIAN_POINT('',(-0.00555479322999017,-0.00508704652273189,0.00654442073930556));
#2101=CARTESIAN_POINT('',(-0.00555479322999017,-0.0047813323426379,0.00655283001463553));
#2102=CARTESIAN_POINT('',(-0.00555479322999017,-0.00457729302454205,0.00678064536199628));
#2103=CARTESIAN_POINT('',(-0.00572047865493941,-0.00517279085566798,0.00736326236425111));
#2104=CARTESIAN_POINT('',(-0.00572047865493941,-0.00532511483775389,0.0072268357284054));
#2105=CARTESIAN_POINT('',(-0.00572047865493941,-0.00533073752437073,0.00702242631599516));
#2106=CARTESIAN_POINT('',(-0.00572047865493941,-0.00518614357137357,0.00687783236299801));
#2107=CARTESIAN_POINT('',(-0.00572047865493941,-0.00504154961837642,0.00673323841000085));
#2108=CARTESIAN_POINT('',(-0.00572047865493941,-0.00483714020596619,0.0067388610966177));
#2109=CARTESIAN_POINT('',(-0.00572047865493941,-0.00470071357012047,0.0068911850787036));
#2110=CARTESIAN_POINT('',(-0.00572047865493941,-0.00501646408911961,0.00718871935481863));
#2111=CARTESIAN_POINT('',(-0.00572047865493941,-0.00506202715859176,0.00714791149119946));
#2112=CARTESIAN_POINT('',(-0.00572047865493941,-0.00506370901365775,0.00708676865518066));
#2113=CARTESIAN_POINT('',(-0.00572047865493941,-0.00502045814642434,0.00704351778794725));
#2114=CARTESIAN_POINT('',(-0.00572047865493941,-0.00497720727919092,0.00700026692071383));
#2115=CARTESIAN_POINT('',(-0.00572047865493941,-0.00491606444317213,0.00700194877577983));
#2116=CARTESIAN_POINT('',(-0.00572047865493941,-0.00487525657955296,0.00704751184525198));
#2123=SURFACE_SIDE_STYLE('',(#3608));
#2124=EDGE_LOOP('',(#3609,#3610,#3611,#3612));
#2126=CARTESIAN_POINT('',(0.0027063804247622,-0.00501646408911961,0.00718871935481865));
#2127=CARTESIAN_POINT('',(0.0027063804247622,-0.00506202715859175,0.00714791149119948));
#2128=CARTESIAN_POINT('',(0.0027063804247622,-0.00506370901365774,0.00708676865518069));
#2129=CARTESIAN_POINT('',(0.0027063804247622,-0.00502045814642433,0.00704351778794728));
#2130=CARTESIAN_POINT('',(0.0027063804247622,-0.00497720727919092,0.00700026692071387));
#2131=CARTESIAN_POINT('',(0.0027063804247622,-0.00491606444317212,0.00700194877577986));
#2132=CARTESIAN_POINT('',(0.0027063804247622,-0.00487525657955295,0.00704751184525201));
#2133=CARTESIAN_POINT('',(0.0027063804247622,-0.005172790855668,0.00736326236425113));
#2134=CARTESIAN_POINT('',(0.0027063804247622,-0.00532511483775388,0.0072268357284054));
#2135=CARTESIAN_POINT('',(0.00270638042476221,-0.00533073752437071,0.00702242631599518));
#2136=CARTESIAN_POINT('',(0.00270638042476221,-0.00518614357137356,0.00687783236299804));
#2137=CARTESIAN_POINT('',(0.00270638042476221,-0.00504154961837641,0.00673323841000089));
#2138=CARTESIAN_POINT('',(0.00270638042476221,-0.0048371402059662,0.00673886109661773));
#2139=CARTESIAN_POINT('',(0.00270638042476221,-0.00470071357012047,0.00689118507870362));
#2140=CARTESIAN_POINT('',(0.00254069499981297,-0.00528333057237533,0.00748668290982953));
#2141=CARTESIAN_POINT('',(0.00254069499981297,-0.00551114591973605,0.00728264359173368));
#2142=CARTESIAN_POINT('',(0.00254069499981297,-0.005519555195066,0.0069769294116397));
#2143=CARTESIAN_POINT('',(0.00254069499981297,-0.00530330085889894,0.00676067507547265));
#2144=CARTESIAN_POINT('',(0.00254069499981297,-0.00508704652273188,0.0065444207393056));
#2145=CARTESIAN_POINT('',(0.00254069499981297,-0.00478133234263791,0.00655283001463556));
#2146=CARTESIAN_POINT('',(0.00254069499981297,-0.00457729302454206,0.00678064536199629));
#2147=CARTESIAN_POINT('',(0.0023063804247622,-0.00528333057237533,0.00748668290982953));
#2148=CARTESIAN_POINT('',(0.0023063804247622,-0.00551114591973605,0.00728264359173368));
#2149=CARTESIAN_POINT('',(0.0023063804247622,-0.005519555195066,0.0069769294116397));
#2150=CARTESIAN_POINT('',(0.0023063804247622,-0.00530330085889894,0.00676067507547265));
#2151=CARTESIAN_POINT('',(0.0023063804247622,-0.00508704652273188,0.0065444207393056));
#2152=CARTESIAN_POINT('',(0.0023063804247622,-0.00478133234263791,0.00655283001463556));
#2153=CARTESIAN_POINT('',(0.0023063804247622,-0.00457729302454206,0.00678064536199629));
#2160=SURFACE_SIDE_STYLE('',(#3613));
#2161=EDGE_LOOP('',(#3614,#3615));
#2162=AXIS2_PLACEMENT_3D('',#3616,#3617,#3618);
#2163=SURFACE_SIDE_STYLE('',(#3619));
#2164=EDGE_LOOP('',(#3620,#3621));
#2165=AXIS2_PLACEMENT_3D('',#3622,#3623,#3624);
#2166=SURFACE_SIDE_STYLE('',(#3625));
#2167=EDGE_LOOP('',(#3626,#3627));
#2168=AXIS2_PLACEMENT_3D('',#3628,#3629,#3630);
#2169=SURFACE_SIDE_STYLE('',(#3631));
#2170=EDGE_LOOP('',(#3632,#3633,#3634,#3635));
#2172=CARTESIAN_POINT('',(-0.0053204786549394,0.00132238675363131,0.00519983092983258));
#2173=CARTESIAN_POINT('',(-0.0053204786549394,0.00138518231279279,0.00490051739259827));
#2174=CARTESIAN_POINT('',(-0.0053204786549394,0.00164573392138634,0.0047403776564881));
#2175=CARTESIAN_POINT('',(-0.0053204786549394,0.00194114283826909,0.00481953223720379));
#2176=CARTESIAN_POINT('',(-0.0053204786549394,0.00223655175515185,0.00489868681791947));
#2177=CARTESIAN_POINT('',(-0.0053204786549394,0.00238212619913567,0.00516764770184299));
#2178=CARTESIAN_POINT('',(-0.0053204786549394,0.00228685197999721,0.00545825860836522));
#2179=CARTESIAN_POINT('',(-0.00555479322999016,0.00132238675363131,0.00519983092983258));
#2180=CARTESIAN_POINT('',(-0.00555479322999016,0.00138518231279279,0.00490051739259827));
#2181=CARTESIAN_POINT('',(-0.00555479322999016,0.00164573392138634,0.0047403776564881));
#2182=CARTESIAN_POINT('',(-0.00555479322999016,0.00194114283826909,0.00481953223720379));
#2183=CARTESIAN_POINT('',(-0.00555479322999016,0.00223655175515185,0.00489868681791947));
#2184=CARTESIAN_POINT('',(-0.00555479322999016,0.00238212619913567,0.00516764770184299));
#2185=CARTESIAN_POINT('',(-0.00555479322999016,0.00228685197999721,0.00545825860836522));
#2186=CARTESIAN_POINT('',(-0.0057204786549394,0.00148454193980482,0.00523385085983904));
#2187=CARTESIAN_POINT('',(-0.0057204786549394,0.00152652888115711,0.00503372110382419));
#2188=CARTESIAN_POINT('',(-0.0057204786549394,0.0017007412817686,0.00492664700817136));
#2189=CARTESIAN_POINT('',(-0.0057204786549394,0.00189826029479633,0.00497957206820193));
#2190=CARTESIAN_POINT('',(-0.0057204786549394,0.00209577930782405,0.00503249712823251));
#2191=CARTESIAN_POINT('',(-0.0057204786549394,0.00219311462458146,0.00521233221546084));
#2192=CARTESIAN_POINT('',(-0.0057204786549394,0.00212941150441232,0.00540664313889903));
#2193=CARTESIAN_POINT('',(-0.0057204786549394,0.00171386400330053,0.00528196230624517));
#2194=CARTESIAN_POINT('',(-0.0057204786549394,0.00172642311513283,0.00522209959879831));
#2195=CARTESIAN_POINT('',(-0.0057204786549394,0.00177853343685153,0.00519007165157628));
#2196=CARTESIAN_POINT('',(-0.0057204786549394,0.00183761522022808,0.00520590256771941));
#2197=CARTESIAN_POINT('',(-0.0057204786549394,0.00189669700360464,0.00522173348386255));
#2198=CARTESIAN_POINT('',(-0.0057204786549394,0.0019258118924014,0.00527552566064725));
#2199=CARTESIAN_POINT('',(-0.0057204786549394,0.00190675704857371,0.0053336478419517));
#2206=SURFACE_SIDE_STYLE('',(#3636));
#2207=EDGE_LOOP('',(#3637,#3638,#3639,#3640));
#2209=CARTESIAN_POINT('',(0.00270638042476221,0.00171386400330053,0.00528196230624522));
#2210=CARTESIAN_POINT('',(0.00270638042476221,0.00172642311513282,0.00522209959879835));
#2211=CARTESIAN_POINT('',(0.00270638042476221,0.00177853343685153,0.00519007165157632));
#2212=CARTESIAN_POINT('',(0.00270638042476221,0.00183761522022809,0.00520590256771945));
#2213=CARTESIAN_POINT('',(0.00270638042476221,0.00189669700360464,0.00522173348386259));
#2214=CARTESIAN_POINT('',(0.00270638042476221,0.0019258118924014,0.0052755256606473));
#2215=CARTESIAN_POINT('',(0.00270638042476221,0.0019067570485737,0.00533364784195175));
#2216=CARTESIAN_POINT('',(0.00270638042476221,0.00148454193980482,0.0052338508598391));
#2217=CARTESIAN_POINT('',(0.00270638042476221,0.0015265288811571,0.00503372110382423));
#2218=CARTESIAN_POINT('',(0.00270638042476221,0.0017007412817686,0.0049266470081714));
#2219=CARTESIAN_POINT('',(0.00270638042476221,0.00189826029479633,0.00497957206820198));
#2220=CARTESIAN_POINT('',(0.00270638042476221,0.00209577930782407,0.00503249712823255));
#2221=CARTESIAN_POINT('',(0.00270638042476221,0.00219311462458147,0.0052123322154609));
#2222=CARTESIAN_POINT('',(0.00270638042476221,0.00212941150441231,0.0054066431388991));
#2223=CARTESIAN_POINT('',(0.00254069499981297,0.00132238675363131,0.00519983092983264));
#2224=CARTESIAN_POINT('',(0.00254069499981298,0.00138518231279278,0.00490051739259831));
#2225=CARTESIAN_POINT('',(0.00254069499981298,0.00164573392138634,0.00474037765648813));
#2226=CARTESIAN_POINT('',(0.00254069499981297,0.0019411428382691,0.00481953223720383));
#2227=CARTESIAN_POINT('',(0.00254069499981297,0.00223655175515187,0.00489868681791952));
#2228=CARTESIAN_POINT('',(0.00254069499981297,0.00238212619913569,0.00516764770184306));
#2229=CARTESIAN_POINT('',(0.00254069499981297,0.0022868519799972,0.0054582586083653));
#2230=CARTESIAN_POINT('',(0.00230638042476221,0.00132238675363131,0.00519983092983264));
#2231=CARTESIAN_POINT('',(0.00230638042476221,0.00138518231279278,0.00490051739259831));
#2232=CARTESIAN_POINT('',(0.00230638042476221,0.00164573392138634,0.00474037765648813));
#2233=CARTESIAN_POINT('',(0.00230638042476221,0.0019411428382691,0.00481953223720383));
#2234=CARTESIAN_POINT('',(0.00230638042476221,0.00223655175515187,0.00489868681791952));
#2235=CARTESIAN_POINT('',(0.00230638042476221,0.00238212619913569,0.00516764770184306));
#2236=CARTESIAN_POINT('',(0.00230638042476221,0.0022868519799972,0.0054582586083653));
#2243=SURFACE_SIDE_STYLE('',(#3641));
#2244=EDGE_LOOP('',(#3642,#3643,#3644,#3645));
#2245=AXIS2_PLACEMENT_3D('',#3646,#3647,#3648);
#2246=SURFACE_SIDE_STYLE('',(#3649));
#2247=EDGE_LOOP('',(#3650,#3651,#3652,#3653));
#2248=AXIS2_PLACEMENT_3D('',#3654,#3655,#3656);
#2249=SURFACE_SIDE_STYLE('',(#3657));
#2250=EDGE_LOOP('',(#3658,#3659,#3660,#3661));
#2252=CARTESIAN_POINT('',(-0.0053204786549394,0.00305389897319513,0.00577597987592532));
#2253=CARTESIAN_POINT('',(-0.0053204786549394,0.00319202286945871,0.00550311788681162));
#2254=CARTESIAN_POINT('',(-0.0053204786549394,0.00348514361086338,0.0054158704984238));
#2255=CARTESIAN_POINT('',(-0.0053204786549394,0.00375000000000018,0.00556878540598853));
#2256=CARTESIAN_POINT('',(-0.0053204786549394,0.00401485638913699,0.00572170031355326));
#2257=CARTESIAN_POINT('',(-0.0053204786549394,0.00408585830508163,0.00601917401617974));
#2258=CARTESIAN_POINT('',(-0.0053204786549394,0.0039186148389138,0.00627522381377054));
#2259=CARTESIAN_POINT('',(-0.00555479322999016,0.00305389897319513,0.00577597987592532));
#2260=CARTESIAN_POINT('',(-0.00555479322999016,0.00319202286945871,0.00550311788681162));
#2261=CARTESIAN_POINT('',(-0.00555479322999016,0.00348514361086338,0.0054158704984238));
#2262=CARTESIAN_POINT('',(-0.00555479322999016,0.00375000000000018,0.00556878540598853));
#2263=CARTESIAN_POINT('',(-0.00555479322999016,0.00401485638913699,0.00572170031355326));
#2264=CARTESIAN_POINT('',(-0.00555479322999016,0.00408585830508163,0.00601917401617974));
#2265=CARTESIAN_POINT('',(-0.00555479322999016,0.0039186148389138,0.00627522381377054));
#2266=CARTESIAN_POINT('',(-0.0057204786549394,0.0032017238495881,0.00585080945537096));
#2267=CARTESIAN_POINT('',(-0.0057204786549394,0.00329407751295553,0.00566836597549486));
#2268=CARTESIAN_POINT('',(-0.0057204786549394,0.00349006658515806,0.00561002982834853));
#2269=CARTESIAN_POINT('',(-0.0057204786549394,0.00366715728752556,0.00571227319303139));
#2270=CARTESIAN_POINT('',(-0.0057204786549394,0.00384424798989307,0.00581451655771425));
#2271=CARTESIAN_POINT('',(-0.0057204786549394,0.00389172194060671,0.00601341614667894));
#2272=CARTESIAN_POINT('',(-0.0057204786549394,0.00377989808396288,0.00618461850522574));
#2273=CARTESIAN_POINT('',(-0.0057204786549394,0.00341077979463917,0.00595663446148966));
#2274=CARTESIAN_POINT('',(-0.0057204786549394,0.00343840457389189,0.00590206206366692));
#2275=CARTESIAN_POINT('',(-0.0057204786549394,0.00349702872217282,0.00588461258598936));
#2276=CARTESIAN_POINT('',(-0.0057204786549394,0.00355000000000018,0.00591519556750231));
#2277=CARTESIAN_POINT('',(-0.0057204786549394,0.00360297127782754,0.00594577854901525));
#2278=CARTESIAN_POINT('',(-0.0057204786549394,0.00361717166101647,0.00600527328954055));
#2279=CARTESIAN_POINT('',(-0.0057204786549394,0.00358372296778291,0.0060564832490587));
#2286=SURFACE_SIDE_STYLE('',(#3662));
#2287=EDGE_LOOP('',(#3663,#3664,#3665,#3666));
#2289=CARTESIAN_POINT('',(0.00270638042476221,0.00341077979463917,0.00595663446148971));
#2290=CARTESIAN_POINT('',(0.00270638042476221,0.00343840457389188,0.00590206206366696));
#2291=CARTESIAN_POINT('',(0.00270638042476221,0.00349702872217282,0.00588461258598939));
#2292=CARTESIAN_POINT('',(0.00270638042476221,0.00355000000000018,0.00591519556750234));
#2293=CARTESIAN_POINT('',(0.00270638042476221,0.00360297127782755,0.00594577854901529));
#2294=CARTESIAN_POINT('',(0.00270638042476221,0.00361717166101647,0.00600527328954059));
#2295=CARTESIAN_POINT('',(0.00270638042476221,0.0035837229677829,0.00605648324905875));
#2296=CARTESIAN_POINT('',(0.00270638042476221,0.00320172384958809,0.00585080945537102));
#2297=CARTESIAN_POINT('',(0.00270638042476221,0.00329407751295551,0.00566836597549489));
#2298=CARTESIAN_POINT('',(0.00270638042476221,0.00349006658515805,0.00561002982834856));
#2299=CARTESIAN_POINT('',(0.00270638042476221,0.00366715728752557,0.00571227319303143));
#2300=CARTESIAN_POINT('',(0.00270638042476221,0.00384424798989308,0.0058145165577143));
#2301=CARTESIAN_POINT('',(0.00270638042476221,0.00389172194060671,0.00601341614667902));
#2302=CARTESIAN_POINT('',(0.00270638042476221,0.00377989808396286,0.00618461850522582));
#2303=CARTESIAN_POINT('',(0.00254069499981297,0.00305389897319511,0.00577597987592539));
#2304=CARTESIAN_POINT('',(0.00254069499981297,0.00319202286945867,0.00550311788681166));
#2305=CARTESIAN_POINT('',(0.00254069499981297,0.00348514361086336,0.00541587049842382));
#2306=CARTESIAN_POINT('',(0.00254069499981297,0.00375000000000019,0.00556878540598857));
#2307=CARTESIAN_POINT('',(0.00254069499981297,0.00401485638913702,0.00572170031355331));
#2308=CARTESIAN_POINT('',(0.00254069499981297,0.00408585830508164,0.00601917401617983));
#2309=CARTESIAN_POINT('',(0.00254069499981297,0.00391861483891376,0.00627522381377062));
#2310=CARTESIAN_POINT('',(0.00230638042476221,0.00305389897319511,0.00577597987592539));
#2311=CARTESIAN_POINT('',(0.00230638042476221,0.00319202286945867,0.00550311788681166));
#2312=CARTESIAN_POINT('',(0.00230638042476221,0.00348514361086336,0.00541587049842382));
#2313=CARTESIAN_POINT('',(0.00230638042476221,0.00375000000000019,0.00556878540598857));
#2314=CARTESIAN_POINT('',(0.00230638042476221,0.00401485638913702,0.00572170031355331));
#2315=CARTESIAN_POINT('',(0.00230638042476221,0.00408585830508164,0.00601917401617983));
#2316=CARTESIAN_POINT('',(0.00230638042476221,0.00391861483891376,0.00627522381377062));
#2323=SURFACE_SIDE_STYLE('',(#3667));
#2324=EDGE_LOOP('',(#3668,#3669,#3670,#3671));
#2325=AXIS2_PLACEMENT_3D('',#3672,#3673,#3674);
#2326=SURFACE_SIDE_STYLE('',(#3675));
#2327=EDGE_LOOP('',(#3676,#3677,#3678,#3679));
#2329=CARTESIAN_POINT('',(-0.00532047865493941,0.00457729302454238,0.00678064536199639));
#2330=CARTESIAN_POINT('',(-0.00532047865493941,0.00478133234263822,0.00655283001463564));
#2331=CARTESIAN_POINT('',(-0.00532047865493941,0.00508704652273221,0.00654442073930567));
#2332=CARTESIAN_POINT('',(-0.00532047865493941,0.00530330085889928,0.00676067507547274));
#2333=CARTESIAN_POINT('',(-0.00532047865493941,0.00551955519506635,0.0069769294116398));
#2334=CARTESIAN_POINT('',(-0.00532047865493941,0.00551114591973638,0.00728264359173379));
#2335=CARTESIAN_POINT('',(-0.00532047865493941,0.00528333057237563,0.00748668290982964));
#2336=CARTESIAN_POINT('',(-0.00555479322999017,0.00457729302454238,0.00678064536199639));
#2337=CARTESIAN_POINT('',(-0.00555479322999017,0.00478133234263822,0.00655283001463564));
#2338=CARTESIAN_POINT('',(-0.00555479322999017,0.00508704652273221,0.00654442073930567));
#2339=CARTESIAN_POINT('',(-0.00555479322999017,0.00530330085889928,0.00676067507547274));
#2340=CARTESIAN_POINT('',(-0.00555479322999017,0.00551955519506635,0.0069769294116398));
#2341=CARTESIAN_POINT('',(-0.00555479322999017,0.00551114591973638,0.0072826435917338));
#2342=CARTESIAN_POINT('',(-0.00555479322999017,0.00528333057237563,0.00748668290982964));
#2343=CARTESIAN_POINT('',(-0.00572047865493941,0.0047007135701208,0.00689118507870371));
#2344=CARTESIAN_POINT('',(-0.0057204786549394,0.00483714020596652,0.00673886109661781));
#2345=CARTESIAN_POINT('',(-0.00572047865493941,0.00504154961837675,0.00673323841000096));
#2346=CARTESIAN_POINT('',(-0.00572047865493941,0.0051861435713739,0.00687783236299812));
#2347=CARTESIAN_POINT('',(-0.00572047865493941,0.00533073752437105,0.00702242631599527));
#2348=CARTESIAN_POINT('',(-0.00572047865493941,0.00532511483775421,0.0072268357284055));
#2349=CARTESIAN_POINT('',(-0.00572047865493941,0.00517279085566831,0.00736326236425122));
#2350=CARTESIAN_POINT('',(-0.00572047865493941,0.00487525657955328,0.00704751184525208));
#2351=CARTESIAN_POINT('',(-0.00572047865493941,0.00491606444317245,0.00700194877577993));
#2352=CARTESIAN_POINT('',(-0.00572047865493941,0.00497720727919125,0.00700026692071394));
#2353=CARTESIAN_POINT('',(-0.00572047865493941,0.00502045814642466,0.00704351778794735));
#2354=CARTESIAN_POINT('',(-0.00572047865493941,0.00506370901365808,0.00708676865518077));
#2355=CARTESIAN_POINT('',(-0.00572047865493941,0.00506202715859208,0.00714791149119957));
#2356=CARTESIAN_POINT('',(-0.00572047865493941,0.00501646408911993,0.00718871935481874));
#2363=SURFACE_SIDE_STYLE('',(#3680));
#2364=EDGE_LOOP('',(#3681,#3682,#3683,#3684));
#2366=CARTESIAN_POINT('',(0.0027063804247622,0.00487525657955327,0.00704751184525213));
#2367=CARTESIAN_POINT('',(0.0027063804247622,0.00491606444317244,0.00700194877577997));
#2368=CARTESIAN_POINT('',(0.00270638042476221,0.00497720727919124,0.00700026692071397));
#2369=CARTESIAN_POINT('',(0.00270638042476221,0.00502045814642466,0.00704351778794739));
#2370=CARTESIAN_POINT('',(0.00270638042476221,0.00506370901365808,0.0070867686551808));
#2371=CARTESIAN_POINT('',(0.00270638042476221,0.00506202715859208,0.00714791149119961));
#2372=CARTESIAN_POINT('',(0.00270638042476221,0.00501646408911992,0.00718871935481877));
#2373=CARTESIAN_POINT('',(0.00270638042476221,0.00470071357012077,0.00689118507870377));
#2374=CARTESIAN_POINT('',(0.00270638042476221,0.00483714020596648,0.00673886109661784));
#2375=CARTESIAN_POINT('',(0.00270638042476221,0.00504154961837673,0.00673323841000098));
#2376=CARTESIAN_POINT('',(0.00270638042476221,0.0051861435713739,0.00687783236299815));
#2377=CARTESIAN_POINT('',(0.00270638042476221,0.00533073752437107,0.00702242631599532));
#2378=CARTESIAN_POINT('',(0.00270638042476221,0.00532511483775421,0.00722683572840557));
#2379=CARTESIAN_POINT('',(0.00270638042476221,0.00517279085566827,0.00736326236425128));
#2380=CARTESIAN_POINT('',(0.00254069499981297,0.00457729302454234,0.00678064536199646));
#2381=CARTESIAN_POINT('',(0.00254069499981297,0.00478133234263818,0.00655283001463566));
#2382=CARTESIAN_POINT('',(0.00254069499981297,0.0050870465227322,0.00654442073930568));
#2383=CARTESIAN_POINT('',(0.00254069499981297,0.00530330085889928,0.00676067507547277));
#2384=CARTESIAN_POINT('',(0.00254069499981297,0.00551955519506637,0.00697692941163986));
#2385=CARTESIAN_POINT('',(0.00254069499981297,0.00551114591973637,0.00728264359173389));
#2386=CARTESIAN_POINT('',(0.00254069499981297,0.00528333057237557,0.00748668290982972));
#2387=CARTESIAN_POINT('',(0.00230638042476221,0.00457729302454234,0.00678064536199646));
#2388=CARTESIAN_POINT('',(0.00230638042476221,0.00478133234263818,0.00655283001463566));
#2389=CARTESIAN_POINT('',(0.00230638042476221,0.0050870465227322,0.00654442073930568));
#2390=CARTESIAN_POINT('',(0.00230638042476221,0.00530330085889928,0.00676067507547277));
#2391=CARTESIAN_POINT('',(0.0023063804247622,0.00551955519506637,0.00697692941163986));
#2392=CARTESIAN_POINT('',(0.0023063804247622,0.00551114591973638,0.00728264359173389));
#2393=CARTESIAN_POINT('',(0.0023063804247622,0.00528333057237557,0.00748668290982972));
#2400=SURFACE_SIDE_STYLE('',(#3685));
#2401=EDGE_LOOP('',(#3686,#3687,#3688,#3689));
#2402=AXIS2_PLACEMENT_3D('',#3690,#3691,#3692);
#2403=SURFACE_SIDE_STYLE('',(#3693));
#2404=EDGE_LOOP('',(#3694,#3695,#3696,#3697));
#2406=CARTESIAN_POINT('',(-0.00532047865493941,0.00578875212060145,0.00814536109545824));
#2407=CARTESIAN_POINT('',(-0.00532047865493941,0.00604480191819224,0.00797811762929041));
#2408=CARTESIAN_POINT('',(-0.00532047865493941,0.00634227562081873,0.00804911954523505));
#2409=CARTESIAN_POINT('',(-0.00532047865493941,0.00649519052838345,0.00831397593437186));
#2410=CARTESIAN_POINT('',(-0.00532047865493941,0.00664810543594818,0.00857883232350867));
#2411=CARTESIAN_POINT('',(-0.00532047865493941,0.00656085804756036,0.00887195306491333));
#2412=CARTESIAN_POINT('',(-0.00532047865493941,0.00628799605844666,0.00901007696117691));
#2413=CARTESIAN_POINT('',(-0.00555479322999017,0.00578875212060145,0.00814536109545824));
#2414=CARTESIAN_POINT('',(-0.00555479322999017,0.00604480191819224,0.00797811762929041));
#2415=CARTESIAN_POINT('',(-0.00555479322999017,0.00634227562081873,0.00804911954523505));
#2416=CARTESIAN_POINT('',(-0.00555479322999017,0.00649519052838345,0.00831397593437186));
#2417=CARTESIAN_POINT('',(-0.00555479322999017,0.00664810543594818,0.00857883232350867));
#2418=CARTESIAN_POINT('',(-0.00555479322999018,0.00656085804756036,0.00887195306491333));
#2419=CARTESIAN_POINT('',(-0.00555479322999018,0.00628799605844666,0.00901007696117691));
#2420=CARTESIAN_POINT('',(-0.00572047865493941,0.00587935742914624,0.00828407785040916));
#2421=CARTESIAN_POINT('',(-0.00572047865493941,0.00605055978769304,0.00817225399376533));
#2422=CARTESIAN_POINT('',(-0.00572047865493941,0.00624945937665774,0.00821972794447897));
#2423=CARTESIAN_POINT('',(-0.00572047865493941,0.00635170274134059,0.00839681864684648));
#2424=CARTESIAN_POINT('',(-0.00572047865493941,0.00645394610602345,0.00857390934921398));
#2425=CARTESIAN_POINT('',(-0.00572047865493941,0.00639560995887713,0.00876989842141651));
#2426=CARTESIAN_POINT('',(-0.00572047865493941,0.00621316647900102,0.00886225208478394));
#2427=CARTESIAN_POINT('',(-0.00572047865493941,0.00600749268531328,0.00848025296658913));
#2428=CARTESIAN_POINT('',(-0.00572047865493941,0.00605870264483144,0.00844680427335557));
#2429=CARTESIAN_POINT('',(-0.00572047865493941,0.00611819738535673,0.0084610046565445));
#2430=CARTESIAN_POINT('',(-0.00572047865493941,0.00614878036686968,0.00851397593437186));
#2431=CARTESIAN_POINT('',(-0.00572047865493941,0.00617936334838262,0.00856694721219922));
#2432=CARTESIAN_POINT('',(-0.00572047865493941,0.00616191387070506,0.00862557136048015));
#2433=CARTESIAN_POINT('',(-0.00572047865493941,0.00610734147288232,0.00865319613973287));
#2440=SURFACE_SIDE_STYLE('',(#3698));
#2441=EDGE_LOOP('',(#3699,#3700,#3701,#3702));
#2443=CARTESIAN_POINT('',(0.0027063804247622,0.00600749268531326,0.00848025296658918));
#2444=CARTESIAN_POINT('',(0.0027063804247622,0.00605870264483142,0.0084468042733556));
#2445=CARTESIAN_POINT('',(0.0027063804247622,0.00611819738535672,0.00846100465654452));
#2446=CARTESIAN_POINT('',(0.0027063804247622,0.00614878036686967,0.00851397593437189));
#2447=CARTESIAN_POINT('',(0.0027063804247622,0.00617936334838262,0.00856694721219926));
#2448=CARTESIAN_POINT('',(0.0027063804247622,0.00616191387070505,0.0086255713604802));
#2449=CARTESIAN_POINT('',(0.0027063804247622,0.0061073414728823,0.00865319613973291));
#2450=CARTESIAN_POINT('',(0.0027063804247622,0.0058793574291462,0.00828407785040922));
#2451=CARTESIAN_POINT('',(0.0027063804247622,0.006050559787693,0.00817225399376536));
#2452=CARTESIAN_POINT('',(0.0027063804247622,0.00624945937665772,0.00821972794447899));
#2453=CARTESIAN_POINT('',(0.0027063804247622,0.00635170274134059,0.00839681864684651));
#2454=CARTESIAN_POINT('',(0.0027063804247622,0.00645394610602345,0.00857390934921404));
#2455=CARTESIAN_POINT('',(0.0027063804247622,0.00639560995887711,0.00876989842141658));
#2456=CARTESIAN_POINT('',(0.0027063804247622,0.00621316647900097,0.00886225208478399));
#2457=CARTESIAN_POINT('',(0.00254069499981296,0.00578875212060139,0.00814536109545831));
#2458=CARTESIAN_POINT('',(0.00254069499981296,0.00604480191819219,0.00797811762929043));
#2459=CARTESIAN_POINT('',(0.00254069499981296,0.00634227562081871,0.00804911954523505));
#2460=CARTESIAN_POINT('',(0.00254069499981296,0.00649519052838345,0.00831397593437189));
#2461=CARTESIAN_POINT('',(0.00254069499981296,0.00664810543594819,0.00857883232350873));
#2462=CARTESIAN_POINT('',(0.00254069499981296,0.00656085804756034,0.00887195306491343));
#2463=CARTESIAN_POINT('',(0.00254069499981296,0.00628799605844659,0.00901007696117698));
#2464=CARTESIAN_POINT('',(0.0023063804247622,0.00578875212060139,0.00814536109545831));
#2465=CARTESIAN_POINT('',(0.0023063804247622,0.00604480191819219,0.00797811762929043));
#2466=CARTESIAN_POINT('',(0.0023063804247622,0.00634227562081871,0.00804911954523505));
#2467=CARTESIAN_POINT('',(0.0023063804247622,0.00649519052838345,0.00831397593437189));
#2468=CARTESIAN_POINT('',(0.0023063804247622,0.00664810543594819,0.00857883232350873));
#2469=CARTESIAN_POINT('',(0.0023063804247622,0.00656085804756034,0.00887195306491343));
#2470=CARTESIAN_POINT('',(0.0023063804247622,0.00628799605844659,0.00901007696117698));
#2477=SURFACE_SIDE_STYLE('',(#3703));
#2478=EDGE_LOOP('',(#3704,#3705,#3706,#3707));
#2479=AXIS2_PLACEMENT_3D('',#3708,#3709,#3710);
#2480=SURFACE_SIDE_STYLE('',(#3711));
#2481=EDGE_LOOP('',(#3712,#3713,#3714,#3715));
#2483=CARTESIAN_POINT('',(-0.00532047865493942,0.00660571732600673,0.00977712395437485));
#2484=CARTESIAN_POINT('',(-0.00532047865493942,0.00689632823252896,0.00968184973523638));
#2485=CARTESIAN_POINT('',(-0.00532047865493942,0.00716528911645248,0.00982742417922021));
#2486=CARTESIAN_POINT('',(-0.00532047865493942,0.00724444369716816,0.010122833096103));
#2487=CARTESIAN_POINT('',(-0.00532047865493942,0.00732359827788385,0.0104182420129857));
#2488=CARTESIAN_POINT('',(-0.00532047865493942,0.00716345854177368,0.0106787936215793));
#2489=CARTESIAN_POINT('',(-0.00532047865493942,0.00686414500453937,0.0107415891807407));
#2490=CARTESIAN_POINT('',(-0.00555479322999018,0.00660571732600673,0.00977712395437485));
#2491=CARTESIAN_POINT('',(-0.00555479322999018,0.00689632823252896,0.00968184973523638));
#2492=CARTESIAN_POINT('',(-0.00555479322999018,0.00716528911645248,0.00982742417922021));
#2493=CARTESIAN_POINT('',(-0.00555479322999018,0.00724444369716816,0.010122833096103));
#2494=CARTESIAN_POINT('',(-0.00555479322999018,0.00732359827788385,0.0104182420129857));
#2495=CARTESIAN_POINT('',(-0.00555479322999018,0.00716345854177368,0.0106787936215793));
#2496=CARTESIAN_POINT('',(-0.00555479322999018,0.00686414500453937,0.0107415891807407));
#2497=CARTESIAN_POINT('',(-0.00572047865493942,0.00665733279547291,0.00993456442995973));
#2498=CARTESIAN_POINT('',(-0.00572047865493942,0.00685164371891111,0.0098708613097906));
#2499=CARTESIAN_POINT('',(-0.00572047865493942,0.00703147880613944,0.00996819662654801));
#2500=CARTESIAN_POINT('',(-0.00572047865493942,0.00708440386617001,0.0101657156395757));
#2501=CARTESIAN_POINT('',(-0.00572047865493942,0.00713732892620058,0.0103632346526035));
#2502=CARTESIAN_POINT('',(-0.00572047865493942,0.00703025483054776,0.0105374470532149));
#2503=CARTESIAN_POINT('',(-0.00572047865493942,0.0068301250745329,0.0105794339945672));
#2504=CARTESIAN_POINT('',(-0.00572047865493942,0.00673032809242025,0.0101572188857983));
#2505=CARTESIAN_POINT('',(-0.00572047865493942,0.00678845027372469,0.0101381640419707));
#2506=CARTESIAN_POINT('',(-0.00572047865493942,0.0068422424505094,0.0101672789307674));
#2507=CARTESIAN_POINT('',(-0.00572047865493942,0.00685807336665254,0.010226360714144));
#2508=CARTESIAN_POINT('',(-0.00572047865493942,0.00687390428279567,0.0102854424975205));
#2509=CARTESIAN_POINT('',(-0.00572047865493942,0.00684187633557364,0.0103375528192392));
#2510=CARTESIAN_POINT('',(-0.00572047865493942,0.00678201362812677,0.0103501119310715));
#2517=SURFACE_SIDE_STYLE('',(#3716));
#2518=EDGE_LOOP('',(#3717,#3718,#3719,#3720));
#2520=CARTESIAN_POINT('',(0.00270638042476219,0.00673032809242023,0.0101572188857984));
#2521=CARTESIAN_POINT('',(0.00270638042476219,0.00678845027372468,0.0101381640419707));
#2522=CARTESIAN_POINT('',(0.00270638042476219,0.00684224245050938,0.0101672789307674));
#2523=CARTESIAN_POINT('',(0.00270638042476219,0.00685807336665252,0.010226360714144));
#2524=CARTESIAN_POINT('',(0.00270638042476219,0.00687390428279566,0.0102854424975206));
#2525=CARTESIAN_POINT('',(0.00270638042476219,0.00684187633557362,0.0103375528192393));
#2526=CARTESIAN_POINT('',(0.00270638042476219,0.00678201362812675,0.0103501119310716));
#2527=CARTESIAN_POINT('',(0.0027063804247622,0.00665733279547286,0.00993456442995978));
#2528=CARTESIAN_POINT('',(0.0027063804247622,0.00685164371891107,0.00987086130979061));
#2529=CARTESIAN_POINT('',(0.0027063804247622,0.00703147880613943,0.00996819662654802));
#2530=CARTESIAN_POINT('',(0.0027063804247622,0.00708440386617,0.0101657156395758));
#2531=CARTESIAN_POINT('',(0.00270638042476219,0.00713732892620058,0.0103632346526035));
#2532=CARTESIAN_POINT('',(0.00270638042476219,0.00703025483054773,0.010537447053215));
#2533=CARTESIAN_POINT('',(0.00270638042476219,0.00683012507453284,0.0105794339945673));
#2534=CARTESIAN_POINT('',(0.00254069499981296,0.00660571732600665,0.0097771239543749));
#2535=CARTESIAN_POINT('',(0.00254069499981296,0.00689632823252891,0.00968184973523638));
#2536=CARTESIAN_POINT('',(0.00254069499981296,0.00716528911645246,0.00982742417922021));
#2537=CARTESIAN_POINT('',(0.00254069499981296,0.00724444369716815,0.010122833096103));
#2538=CARTESIAN_POINT('',(0.00254069499981296,0.00732359827788385,0.0104182420129858));
#2539=CARTESIAN_POINT('',(0.00254069499981296,0.00716345854177363,0.0106787936215794));
#2540=CARTESIAN_POINT('',(0.00254069499981295,0.00686414500453928,0.0107415891807408));
#2541=CARTESIAN_POINT('',(0.00230638042476219,0.00660571732600665,0.0097771239543749));
#2542=CARTESIAN_POINT('',(0.0023063804247622,0.00689632823252891,0.00968184973523638));
#2543=CARTESIAN_POINT('',(0.00230638042476219,0.00716528911645246,0.00982742417922021));
#2544=CARTESIAN_POINT('',(0.00230638042476219,0.00724444369716815,0.010122833096103));
#2545=CARTESIAN_POINT('',(0.00230638042476219,0.00732359827788385,0.0104182420129858));
#2546=CARTESIAN_POINT('',(0.00230638042476219,0.00716345854177363,0.0106787936215794));
#2547=CARTESIAN_POINT('',(0.00230638042476219,0.00686414500453928,0.0107415891807408));
#2554=SURFACE_SIDE_STYLE('',(#3721));
#2555=EDGE_LOOP('',(#3722,#3723,#3724,#3725));
#2556=AXIS2_PLACEMENT_3D('',#3726,#3727,#3728);
#2557=SURFACE_SIDE_STYLE('',(#3729));
#2558=EDGE_LOOP('',(#3730,#3731,#3732,#3733));
#2560=CARTESIAN_POINT('',(-0.00532047865493942,0.00697251381210869,0.0115647319965267));
#2561=CARTESIAN_POINT('',(-0.00532047865493942,0.0072778811745401,0.0115479198050038));
#2562=CARTESIAN_POINT('',(-0.00532047865493943,0.00750000000000013,0.0117581461192424));
#2563=CARTESIAN_POINT('',(-0.00532047865493943,0.00750000000000013,0.0120639759343719));
#2564=CARTESIAN_POINT('',(-0.00532047865493943,0.00750000000000013,0.0123698057495013));
#2565=CARTESIAN_POINT('',(-0.00532047865493943,0.00727788117454009,0.01258003206374));
#2566=CARTESIAN_POINT('',(-0.00532047865493943,0.00697251381210869,0.0125632198722171));
#2567=CARTESIAN_POINT('',(-0.00555479322999018,0.00697251381210869,0.0115647319965267));
#2568=CARTESIAN_POINT('',(-0.00555479322999018,0.0072778811745401,0.0115479198050038));
#2569=CARTESIAN_POINT('',(-0.00555479322999019,0.00750000000000013,0.0117581461192424));
#2570=CARTESIAN_POINT('',(-0.00555479322999019,0.00750000000000013,0.0120639759343719));
#2571=CARTESIAN_POINT('',(-0.00555479322999019,0.00750000000000013,0.0123698057495013));
#2572=CARTESIAN_POINT('',(-0.00555479322999019,0.00727788117454009,0.01258003206374));
#2573=CARTESIAN_POINT('',(-0.00555479322999019,0.00697251381210869,0.0125632198722171));
#2574=CARTESIAN_POINT('',(-0.00572047865493942,0.00698162193355074,0.0117301668845171));
#2575=CARTESIAN_POINT('',(-0.00572047865493942,0.007185799453562,0.0117189257631878));
#2576=CARTESIAN_POINT('',(-0.00572047865493942,0.00733431457505089,0.0118594892050062));
#2577=CARTESIAN_POINT('',(-0.00572047865493942,0.00733431457505089,0.0120639759343719));
#2578=CARTESIAN_POINT('',(-0.00572047865493943,0.00733431457505089,0.0122684626637376));
#2579=CARTESIAN_POINT('',(-0.00572047865493943,0.007185799453562,0.012409026105556));
#2580=CARTESIAN_POINT('',(-0.00572047865493943,0.00698162193355074,0.0123977849842267));
#2581=CARTESIAN_POINT('',(-0.00572047865493942,0.00699450276242184,0.0119641271468028));
#2582=CARTESIAN_POINT('',(-0.00572047865493942,0.00705557623490812,0.0119607647084982));
#2583=CARTESIAN_POINT('',(-0.00572047865493942,0.00710000000000013,0.012002809971346));
#2584=CARTESIAN_POINT('',(-0.00572047865493942,0.00710000000000013,0.0120639759343719));
#2585=CARTESIAN_POINT('',(-0.00572047865493942,0.00710000000000013,0.0121251418973978));
#2586=CARTESIAN_POINT('',(-0.00572047865493943,0.00705557623490813,0.0121671871602455));
#2587=CARTESIAN_POINT('',(-0.00572047865493943,0.00699450276242184,0.0121638247219409));
#2594=SURFACE_SIDE_STYLE('',(#3734));
#2595=EDGE_LOOP('',(#3735,#3736,#3737,#3738));
#2597=CARTESIAN_POINT('',(0.00270638042476219,0.00699450276242182,0.0119641271468029));
#2598=CARTESIAN_POINT('',(0.00270638042476219,0.0070555762349081,0.0119607647084983));
#2599=CARTESIAN_POINT('',(0.00270638042476219,0.00710000000000012,0.012002809971346));
#2600=CARTESIAN_POINT('',(0.00270638042476219,0.00710000000000012,0.0120639759343719));
#2601=CARTESIAN_POINT('',(0.00270638042476219,0.00710000000000012,0.0121251418973978));
#2602=CARTESIAN_POINT('',(0.00270638042476219,0.0070555762349081,0.0121671871602455));
#2603=CARTESIAN_POINT('',(0.00270638042476219,0.00699450276242182,0.0121638247219409));
#2604=CARTESIAN_POINT('',(0.00270638042476219,0.00698162193355069,0.0117301668845171));
#2605=CARTESIAN_POINT('',(0.00270638042476219,0.00718579945356196,0.0117189257631878));
#2606=CARTESIAN_POINT('',(0.00270638042476219,0.00733431457505088,0.0118594892050062));
#2607=CARTESIAN_POINT('',(0.00270638042476219,0.00733431457505088,0.0120639759343719));
#2608=CARTESIAN_POINT('',(0.00270638042476219,0.00733431457505088,0.0122684626637376));
#2609=CARTESIAN_POINT('',(0.00270638042476219,0.00718579945356196,0.012409026105556));
#2610=CARTESIAN_POINT('',(0.00270638042476219,0.00698162193355068,0.0123977849842267));
#2611=CARTESIAN_POINT('',(0.00254069499981295,0.00697251381210861,0.0115647319965267));
#2612=CARTESIAN_POINT('',(0.00254069499981295,0.00727788117454005,0.0115479198050037));
#2613=CARTESIAN_POINT('',(0.00254069499981295,0.00750000000000012,0.0117581461192424));
#2614=CARTESIAN_POINT('',(0.00254069499981295,0.00750000000000012,0.0120639759343719));
#2615=CARTESIAN_POINT('',(0.00254069499981295,0.00750000000000012,0.0123698057495014));
#2616=CARTESIAN_POINT('',(0.00254069499981295,0.00727788117454004,0.0125800320637401));
#2617=CARTESIAN_POINT('',(0.00254069499981295,0.0069725138121086,0.0125632198722171));
#2618=CARTESIAN_POINT('',(0.00230638042476219,0.00697251381210861,0.0115647319965267));
#2619=CARTESIAN_POINT('',(0.00230638042476219,0.00727788117454005,0.0115479198050037));
#2620=CARTESIAN_POINT('',(0.00230638042476219,0.00750000000000012,0.0117581461192424));
#2621=CARTESIAN_POINT('',(0.00230638042476219,0.00750000000000012,0.0120639759343719));
#2622=CARTESIAN_POINT('',(0.00230638042476219,0.00750000000000012,0.0123698057495014));
#2623=CARTESIAN_POINT('',(0.00230638042476219,0.00727788117454004,0.0125800320637401));
#2624=CARTESIAN_POINT('',(0.00230638042476219,0.0069725138121086,0.0125632198722171));
#2631=SURFACE_SIDE_STYLE('',(#3739));
#2632=EDGE_LOOP('',(#3740,#3741,#3742,#3743));
#2633=AXIS2_PLACEMENT_3D('',#3744,#3745,#3746);
#2634=SURFACE_SIDE_STYLE('',(#3747));
#2635=EDGE_LOOP('',(#3748,#3749,#3750,#3751));
#2637=CARTESIAN_POINT('',(-0.00532047865493943,0.00686414500453933,0.013386362688003));
#2638=CARTESIAN_POINT('',(-0.00532047865493943,0.00716345854177364,0.0134491582471645));
#2639=CARTESIAN_POINT('',(-0.00532047865493943,0.0073235982778838,0.013709709855758));
#2640=CARTESIAN_POINT('',(-0.00532047865493943,0.00724444369716812,0.0140051187726408));
#2641=CARTESIAN_POINT('',(-0.00532047865493943,0.00716528911645243,0.0143005276895235));
#2642=CARTESIAN_POINT('',(-0.00532047865493943,0.00689632823252892,0.0144461021335074));
#2643=CARTESIAN_POINT('',(-0.00532047865493943,0.00660571732600669,0.0143508279143689));
#2644=CARTESIAN_POINT('',(-0.00555479322999019,0.00686414500453933,0.013386362688003));
#2645=CARTESIAN_POINT('',(-0.00555479322999019,0.00716345854177364,0.0134491582471645));
#2646=CARTESIAN_POINT('',(-0.00555479322999019,0.0073235982778838,0.013709709855758));
#2647=CARTESIAN_POINT('',(-0.00555479322999019,0.00724444369716812,0.0140051187726408));
#2648=CARTESIAN_POINT('',(-0.00555479322999019,0.00716528911645243,0.0143005276895235));
#2649=CARTESIAN_POINT('',(-0.0055547932299902,0.00689632823252892,0.0144461021335074));
#2650=CARTESIAN_POINT('',(-0.0055547932299902,0.00660571732600669,0.0143508279143689));
#2651=CARTESIAN_POINT('',(-0.00572047865493943,0.00683012507453286,0.0135485178741765));
#2652=CARTESIAN_POINT('',(-0.00572047865493943,0.00703025483054772,0.0135905048155288));
#2653=CARTESIAN_POINT('',(-0.00572047865493943,0.00713732892620054,0.0137647172161403));
#2654=CARTESIAN_POINT('',(-0.00572047865493943,0.00708440386616997,0.013962236229168));
#2655=CARTESIAN_POINT('',(-0.00572047865493943,0.0070314788061394,0.0141597552421957));
#2656=CARTESIAN_POINT('',(-0.00572047865493943,0.00685164371891106,0.0142570905589532));
#2657=CARTESIAN_POINT('',(-0.00572047865493943,0.00665733279547287,0.014193387438784));
#2658=CARTESIAN_POINT('',(-0.00572047865493943,0.00678201362812673,0.0137778399376722));
#2659=CARTESIAN_POINT('',(-0.00572047865493943,0.00684187633557359,0.0137903990495045));
#2660=CARTESIAN_POINT('',(-0.00572047865493943,0.00687390428279563,0.0138425093712232));
#2661=CARTESIAN_POINT('',(-0.00572047865493943,0.00685807336665249,0.0139015911545998));
#2662=CARTESIAN_POINT('',(-0.00572047865493943,0.00684224245050935,0.0139606729379763));
#2663=CARTESIAN_POINT('',(-0.00572047865493943,0.00678845027372465,0.0139897878267731));
#2664=CARTESIAN_POINT('',(-0.00572047865493943,0.0067303280924202,0.0139707329829454));
#2671=SURFACE_SIDE_STYLE('',(#3752));
#2672=EDGE_LOOP('',(#3753,#3754,#3755,#3756));
#2674=CARTESIAN_POINT('',(0.00270638042476218,0.00678201362812671,0.0137778399376722));
#2675=CARTESIAN_POINT('',(0.00270638042476218,0.00684187633557358,0.0137903990495045));
#2676=CARTESIAN_POINT('',(0.00270638042476218,0.00687390428279562,0.0138425093712232));
#2677=CARTESIAN_POINT('',(0.00270638042476218,0.00685807336665248,0.0139015911545998));
#2678=CARTESIAN_POINT('',(0.00270638042476218,0.00684224245050934,0.0139606729379764));
#2679=CARTESIAN_POINT('',(0.00270638042476218,0.00678845027372463,0.0139897878267731));
#2680=CARTESIAN_POINT('',(0.00270638042476218,0.00673032809242018,0.0139707329829454));
#2681=CARTESIAN_POINT('',(0.00270638042476218,0.00683012507453281,0.0135485178741765));
#2682=CARTESIAN_POINT('',(0.00270638042476218,0.00703025483054769,0.0135905048155288));
#2683=CARTESIAN_POINT('',(0.00270638042476218,0.00713732892620053,0.0137647172161403));
#2684=CARTESIAN_POINT('',(0.00270638042476218,0.00708440386616996,0.013962236229168));
#2685=CARTESIAN_POINT('',(0.00270638042476218,0.00703147880613938,0.0141597552421958));
#2686=CARTESIAN_POINT('',(0.00270638042476218,0.00685164371891102,0.0142570905589532));
#2687=CARTESIAN_POINT('',(0.00270638042476218,0.00665733279547282,0.014193387438784));
#2688=CARTESIAN_POINT('',(0.00254069499981294,0.00686414500453925,0.013386362688003));
#2689=CARTESIAN_POINT('',(0.00254069499981294,0.00716345854177361,0.0134491582471645));
#2690=CARTESIAN_POINT('',(0.00254069499981294,0.00732359827788381,0.013709709855758));
#2691=CARTESIAN_POINT('',(0.00254069499981294,0.00724444369716811,0.0140051187726408));
#2692=CARTESIAN_POINT('',(0.00254069499981294,0.00716528911645241,0.0143005276895236));
#2693=CARTESIAN_POINT('',(0.00254069499981294,0.00689632823252886,0.0144461021335074));
#2694=CARTESIAN_POINT('',(0.00254069499981294,0.00660571732600661,0.0143508279143689));
#2695=CARTESIAN_POINT('',(0.00230638042476218,0.00686414500453925,0.013386362688003));
#2696=CARTESIAN_POINT('',(0.00230638042476218,0.00716345854177361,0.0134491582471645));
#2697=CARTESIAN_POINT('',(0.00230638042476218,0.0073235982778838,0.013709709855758));
#2698=CARTESIAN_POINT('',(0.00230638042476218,0.00724444369716811,0.0140051187726408));
#2699=CARTESIAN_POINT('',(0.00230638042476218,0.00716528911645241,0.0143005276895236));
#2700=CARTESIAN_POINT('',(0.00230638042476218,0.00689632823252886,0.0144461021335074));
#2701=CARTESIAN_POINT('',(0.00230638042476218,0.00660571732600661,0.0143508279143689));
#2708=SURFACE_SIDE_STYLE('',(#3757));
#2709=EDGE_LOOP('',(#3758,#3759,#3760,#3761));
#2710=AXIS2_PLACEMENT_3D('',#3762,#3763,#3764);
#2711=SURFACE_SIDE_STYLE('',(#3765));
#2712=EDGE_LOOP('',(#3766,#3767,#3768,#3769));
#2714=CARTESIAN_POINT('',(-0.00532047865493944,0.00628799605844658,0.0151178749075668));
#2715=CARTESIAN_POINT('',(-0.00532047865493944,0.00656085804756028,0.0152559988038304));
#2716=CARTESIAN_POINT('',(-0.00532047865493944,0.0066481054359481,0.0155491195452351));
#2717=CARTESIAN_POINT('',(-0.00532047865493944,0.00649519052838337,0.0158139759343719));
#2718=CARTESIAN_POINT('',(-0.00532047865493944,0.00634227562081864,0.0160788323235087));
#2719=CARTESIAN_POINT('',(-0.00532047865493944,0.00604480191819216,0.0161498342394533));
#2720=CARTESIAN_POINT('',(-0.00532047865493944,0.00578875212060136,0.0159825907732855));
#2721=CARTESIAN_POINT('',(-0.0055547932299902,0.00628799605844658,0.0151178749075668));
#2722=CARTESIAN_POINT('',(-0.0055547932299902,0.00656085804756028,0.0152559988038304));
#2723=CARTESIAN_POINT('',(-0.0055547932299902,0.0066481054359481,0.0155491195452351));
#2724=CARTESIAN_POINT('',(-0.0055547932299902,0.00649519052838337,0.0158139759343719));
#2725=CARTESIAN_POINT('',(-0.0055547932299902,0.00634227562081864,0.0160788323235087));
#2726=CARTESIAN_POINT('',(-0.0055547932299902,0.00604480191819216,0.0161498342394533));
#2727=CARTESIAN_POINT('',(-0.0055547932299902,0.00578875212060136,0.0159825907732855));
#2728=CARTESIAN_POINT('',(-0.00572047865493944,0.00621316647900094,0.0152656997839598));
#2729=CARTESIAN_POINT('',(-0.00572047865493944,0.00639560995887704,0.0153580534473272));
#2730=CARTESIAN_POINT('',(-0.00572047865493944,0.00645394610602337,0.0155540425195298));
#2731=CARTESIAN_POINT('',(-0.00572047865493944,0.00635170274134051,0.0157311332218973));
#2732=CARTESIAN_POINT('',(-0.00572047865493944,0.00624945937665765,0.0159082239242648));
#2733=CARTESIAN_POINT('',(-0.00572047865493944,0.00605055978769296,0.0159556978749784));
#2734=CARTESIAN_POINT('',(-0.00572047865493944,0.00587935742914615,0.0158438740183346));
#2735=CARTESIAN_POINT('',(-0.00572047865493944,0.00610734147288224,0.0154747557290109));
#2736=CARTESIAN_POINT('',(-0.00572047865493944,0.00616191387070498,0.0155023805082636));
#2737=CARTESIAN_POINT('',(-0.00572047865493944,0.00617936334838254,0.0155610046565445));
#2738=CARTESIAN_POINT('',(-0.00572047865493944,0.0061487803668696,0.0156139759343719));
#2739=CARTESIAN_POINT('',(-0.00572047865493944,0.00611819738535665,0.0156669472121992));
#2740=CARTESIAN_POINT('',(-0.00572047865493944,0.00605870264483136,0.0156811475953882));
#2741=CARTESIAN_POINT('',(-0.00572047865493944,0.00600749268531319,0.0156476989021546));
#2748=SURFACE_SIDE_STYLE('',(#3770));
#2749=EDGE_LOOP('',(#3771,#3772,#3773,#3774));
#2751=CARTESIAN_POINT('',(0.00270638042476218,0.00610734147288222,0.0154747557290109));
#2752=CARTESIAN_POINT('',(0.00270638042476218,0.00616191387070497,0.0155023805082636));
#2753=CARTESIAN_POINT('',(0.00270638042476218,0.00617936334838253,0.0155610046565445));
#2754=CARTESIAN_POINT('',(0.00270638042476218,0.00614878036686959,0.0156139759343719));
#2755=CARTESIAN_POINT('',(0.00270638042476218,0.00611819738535664,0.0156669472121993));
#2756=CARTESIAN_POINT('',(0.00270638042476218,0.00605870264483134,0.0156811475953882));
#2757=CARTESIAN_POINT('',(0.00270638042476218,0.00600749268531318,0.0156476989021546));
#2758=CARTESIAN_POINT('',(0.00270638042476218,0.0062131664790009,0.0152656997839598));
#2759=CARTESIAN_POINT('',(0.00270638042476218,0.00639560995887703,0.0153580534473272));
#2760=CARTESIAN_POINT('',(0.00270638042476218,0.00645394610602337,0.0155540425195298));
#2761=CARTESIAN_POINT('',(0.00270638042476218,0.0063517027413405,0.0157311332218973));
#2762=CARTESIAN_POINT('',(0.00270638042476218,0.00624945937665764,0.0159082239242648));
#2763=CARTESIAN_POINT('',(0.00270638042476218,0.00605055978769291,0.0159556978749784));
#2764=CARTESIAN_POINT('',(0.00270638042476218,0.00587935742914611,0.0158438740183346));
#2765=CARTESIAN_POINT('',(0.00254069499981294,0.00628799605844652,0.0151178749075668));
#2766=CARTESIAN_POINT('',(0.00254069499981294,0.00656085804756026,0.0152559988038304));
#2767=CARTESIAN_POINT('',(0.00254069499981294,0.00664810543594811,0.0155491195452351));
#2768=CARTESIAN_POINT('',(0.00254069499981294,0.00649519052838336,0.0158139759343719));
#2769=CARTESIAN_POINT('',(0.00254069499981293,0.00634227562081862,0.0160788323235087));
#2770=CARTESIAN_POINT('',(0.00254069499981293,0.00604480191819211,0.0161498342394534));
#2771=CARTESIAN_POINT('',(0.00254069499981293,0.00578875212060131,0.0159825907732855));
#2772=CARTESIAN_POINT('',(0.00230638042476218,0.00628799605844652,0.0151178749075668));
#2773=CARTESIAN_POINT('',(0.00230638042476217,0.00656085804756026,0.0152559988038304));
#2774=CARTESIAN_POINT('',(0.00230638042476217,0.0066481054359481,0.0155491195452351));
#2775=CARTESIAN_POINT('',(0.00230638042476217,0.00649519052838336,0.0158139759343719));
#2776=CARTESIAN_POINT('',(0.00230638042476217,0.00634227562081862,0.0160788323235087));
#2777=CARTESIAN_POINT('',(0.00230638042476217,0.00604480191819211,0.0161498342394534));
#2778=CARTESIAN_POINT('',(0.00230638042476217,0.00578875212060131,0.0159825907732855));
#2785=SURFACE_SIDE_STYLE('',(#3775));
#2786=EDGE_LOOP('',(#3776,#3777,#3778,#3779));
#2787=AXIS2_PLACEMENT_3D('',#3780,#3781,#3782);
#2788=SURFACE_SIDE_STYLE('',(#3783));
#2789=EDGE_LOOP('',(#3784,#3785,#3786,#3787));
#2791=CARTESIAN_POINT('',(-0.00532047865493944,0.00528333057237552,0.0166412689589141));
#2792=CARTESIAN_POINT('',(-0.00532047865493944,0.00551114591973627,0.0168453082770099));
#2793=CARTESIAN_POINT('',(-0.00532047865493944,0.00551955519506624,0.0171510224571039));
#2794=CARTESIAN_POINT('',(-0.00532047865493944,0.00530330085889917,0.017367276793271));
#2795=CARTESIAN_POINT('',(-0.00532047865493944,0.00508704652273211,0.017583531129438));
#2796=CARTESIAN_POINT('',(-0.00532047865493944,0.00478133234263811,0.0175751218541081));
#2797=CARTESIAN_POINT('',(-0.00532047865493944,0.00457729302454227,0.0173473065067473));
#2798=CARTESIAN_POINT('',(-0.00555479322999021,0.00528333057237552,0.0166412689589141));
#2799=CARTESIAN_POINT('',(-0.00555479322999021,0.00551114591973627,0.0168453082770099));
#2800=CARTESIAN_POINT('',(-0.00555479322999021,0.00551955519506624,0.0171510224571039));
#2801=CARTESIAN_POINT('',(-0.00555479322999021,0.00530330085889917,0.017367276793271));
#2802=CARTESIAN_POINT('',(-0.00555479322999021,0.0050870465227321,0.017583531129438));
#2803=CARTESIAN_POINT('',(-0.00555479322999021,0.00478133234263811,0.0175751218541081));
#2804=CARTESIAN_POINT('',(-0.00555479322999021,0.00457729302454226,0.0173473065067473));
#2805=CARTESIAN_POINT('',(-0.00572047865493945,0.00517279085566819,0.0167646895044925));
#2806=CARTESIAN_POINT('',(-0.00572047865493945,0.00532511483775409,0.0169011161403382));
#2807=CARTESIAN_POINT('',(-0.00572047865493945,0.00533073752437093,0.0171055255527484));
#2808=CARTESIAN_POINT('',(-0.00572047865493945,0.00518614357137378,0.0172501195057456));
#2809=CARTESIAN_POINT('',(-0.00572047865493945,0.00504154961837663,0.0173947134587427));
#2810=CARTESIAN_POINT('',(-0.00572047865493945,0.0048371402059664,0.0173890907721259));
#2811=CARTESIAN_POINT('',(-0.00572047865493945,0.00470071357012069,0.01723676679004));
#2812=CARTESIAN_POINT('',(-0.00572047865493944,0.00501646408911981,0.016939232513925));
#2813=CARTESIAN_POINT('',(-0.00572047865493944,0.00506202715859196,0.0169800403775441));
#2814=CARTESIAN_POINT('',(-0.00572047865493944,0.00506370901365795,0.0170411832135629));
#2815=CARTESIAN_POINT('',(-0.00572047865493944,0.00502045814642454,0.0170844340807963));
#2816=CARTESIAN_POINT('',(-0.00572047865493944,0.00497720727919113,0.0171276849480298));
#2817=CARTESIAN_POINT('',(-0.00572047865493944,0.00491606444317234,0.0171260030929638));
#2818=CARTESIAN_POINT('',(-0.00572047865493944,0.00487525657955318,0.0170804400234916));
#2825=SURFACE_SIDE_STYLE('',(#3788));
#2826=EDGE_LOOP('',(#3789,#3790,#3791,#3792));
#2828=CARTESIAN_POINT('',(0.00270638042476217,0.00501646408911981,0.016939232513925));
#2829=CARTESIAN_POINT('',(0.00270638042476217,0.00506202715859196,0.0169800403775442));
#2830=CARTESIAN_POINT('',(0.00270638042476217,0.00506370901365796,0.017041183213563));
#2831=CARTESIAN_POINT('',(0.00270638042476217,0.00502045814642454,0.0170844340807964));
#2832=CARTESIAN_POINT('',(0.00270638042476217,0.00497720727919113,0.0171276849480298));
#2833=CARTESIAN_POINT('',(0.00270638042476217,0.00491606444317233,0.0171260030929638));
#2834=CARTESIAN_POINT('',(0.00270638042476217,0.00487525657955316,0.0170804400234916));
#2835=CARTESIAN_POINT('',(0.00270638042476217,0.00517279085566816,0.0167646895044925));
#2836=CARTESIAN_POINT('',(0.00270638042476217,0.00532511483775409,0.0169011161403382));
#2837=CARTESIAN_POINT('',(0.00270638042476217,0.00533073752437095,0.0171055255527485));
#2838=CARTESIAN_POINT('',(0.00270638042476217,0.00518614357137378,0.0172501195057456));
#2839=CARTESIAN_POINT('',(0.00270638042476217,0.00504154961837661,0.0173947134587428));
#2840=CARTESIAN_POINT('',(0.00270638042476217,0.00483714020596637,0.0173890907721259));
#2841=CARTESIAN_POINT('',(0.00270638042476217,0.00470071357012065,0.01723676679004));
#2842=CARTESIAN_POINT('',(0.00254069499981294,0.00528333057237547,0.0166412689589141));
#2843=CARTESIAN_POINT('',(0.00254069499981293,0.00551114591973627,0.0168453082770099));
#2844=CARTESIAN_POINT('',(0.00254069499981293,0.00551955519506625,0.0171510224571039));
#2845=CARTESIAN_POINT('',(0.00254069499981293,0.00530330085889916,0.017367276793271));
#2846=CARTESIAN_POINT('',(0.00254069499981293,0.00508704652273208,0.0175835311294381));
#2847=CARTESIAN_POINT('',(0.00254069499981293,0.00478133234263806,0.0175751218541081));
#2848=CARTESIAN_POINT('',(0.00254069499981293,0.00457729302454222,0.0173473065067473));
#2849=CARTESIAN_POINT('',(0.00230638042476217,0.00528333057237547,0.0166412689589141));
#2850=CARTESIAN_POINT('',(0.00230638042476217,0.00551114591973627,0.0168453082770099));
#2851=CARTESIAN_POINT('',(0.00230638042476217,0.00551955519506625,0.0171510224571039));
#2852=CARTESIAN_POINT('',(0.00230638042476217,0.00530330085889916,0.017367276793271));
#2853=CARTESIAN_POINT('',(0.00230638042476217,0.00508704652273208,0.0175835311294381));
#2854=CARTESIAN_POINT('',(0.00230638042476217,0.00478133234263805,0.0175751218541081));
#2855=CARTESIAN_POINT('',(0.00230638042476217,0.00457729302454222,0.0173473065067473));
#2862=SURFACE_SIDE_STYLE('',(#3793));
#2863=EDGE_LOOP('',(#3794,#3795,#3796,#3797));
#2864=AXIS2_PLACEMENT_3D('',#3798,#3799,#3800);
#2865=SURFACE_SIDE_STYLE('',(#3801));
#2866=EDGE_LOOP('',(#3802,#3803,#3804,#3805));
#2868=CARTESIAN_POINT('',(-0.00532047865493944,0.00391861483891367,0.0178527280549731));
#2869=CARTESIAN_POINT('',(-0.00532047865493945,0.00408585830508149,0.0181087778525639));
#2870=CARTESIAN_POINT('',(-0.00532047865493945,0.00401485638913686,0.0184062515551904));
#2871=CARTESIAN_POINT('',(-0.00532047865493945,0.00375000000000005,0.0185591664627551));
#2872=CARTESIAN_POINT('',(-0.00532047865493945,0.00348514361086324,0.0187120813703199));
#2873=CARTESIAN_POINT('',(-0.00532047865493945,0.00319202286945857,0.018624833981932));
#2874=CARTESIAN_POINT('',(-0.00532047865493945,0.00305389897319499,0.0183519719928183));
#2875=CARTESIAN_POINT('',(-0.00555479322999021,0.00391861483891367,0.0178527280549731));
#2876=CARTESIAN_POINT('',(-0.00555479322999021,0.00408585830508149,0.0181087778525639));
#2877=CARTESIAN_POINT('',(-0.00555479322999021,0.00401485638913686,0.0184062515551904));
#2878=CARTESIAN_POINT('',(-0.00555479322999021,0.00375000000000005,0.0185591664627551));
#2879=CARTESIAN_POINT('',(-0.00555479322999021,0.00348514361086324,0.0187120813703199));
#2880=CARTESIAN_POINT('',(-0.00555479322999021,0.00319202286945857,0.018624833981932));
#2881=CARTESIAN_POINT('',(-0.00555479322999021,0.00305389897319499,0.0183519719928183));
#2882=CARTESIAN_POINT('',(-0.00572047865493945,0.00377989808396274,0.0179433333635179));
#2883=CARTESIAN_POINT('',(-0.00572047865493945,0.00389172194060657,0.0181145357220647));
#2884=CARTESIAN_POINT('',(-0.00572047865493945,0.00384424798989293,0.0183134353110294));
#2885=CARTESIAN_POINT('',(-0.00572047865493945,0.00366715728752543,0.0184156786757123));
#2886=CARTESIAN_POINT('',(-0.00572047865493945,0.00349006658515793,0.0185179220403951));
#2887=CARTESIAN_POINT('',(-0.00572047865493945,0.0032940775129554,0.0184595858932488));
#2888=CARTESIAN_POINT('',(-0.00572047865493945,0.00320172384958797,0.0182771424133727));
#2889=CARTESIAN_POINT('',(-0.00572047865493944,0.00358372296778277,0.018071468619685));
#2890=CARTESIAN_POINT('',(-0.00572047865493944,0.00361717166101633,0.0181226785792031));
#2891=CARTESIAN_POINT('',(-0.00572047865493944,0.0036029712778274,0.0181821733197284));
#2892=CARTESIAN_POINT('',(-0.00572047865493944,0.00355000000000005,0.0182127563012414));
#2893=CARTESIAN_POINT('',(-0.00572047865493944,0.00349702872217269,0.0182433392827543));
#2894=CARTESIAN_POINT('',(-0.00572047865493944,0.00343840457389176,0.0182258898050767));
#2895=CARTESIAN_POINT('',(-0.00572047865493944,0.00341077979463904,0.018171317407254));
#2902=SURFACE_SIDE_STYLE('',(#3806));
#2903=EDGE_LOOP('',(#3807,#3808,#3809,#3810));
#2905=CARTESIAN_POINT('',(0.00270638042476217,0.00358372296778276,0.018071468619685));
#2906=CARTESIAN_POINT('',(0.00270638042476217,0.00361717166101633,0.0181226785792031));
#2907=CARTESIAN_POINT('',(0.00270638042476217,0.00360297127782741,0.0181821733197284));
#2908=CARTESIAN_POINT('',(0.00270638042476217,0.00355000000000004,0.0182127563012414));
#2909=CARTESIAN_POINT('',(0.00270638042476217,0.00349702872217268,0.0182433392827543));
#2910=CARTESIAN_POINT('',(0.00270638042476217,0.00343840457389174,0.0182258898050768));
#2911=CARTESIAN_POINT('',(0.00270638042476217,0.00341077979463903,0.018171317407254));
#2912=CARTESIAN_POINT('',(0.00270638042476217,0.00377989808396273,0.0179433333635179));
#2913=CARTESIAN_POINT('',(0.00270638042476217,0.00389172194060657,0.0181145357220647));
#2914=CARTESIAN_POINT('',(0.00270638042476217,0.00384424798989294,0.0183134353110294));
#2915=CARTESIAN_POINT('',(0.00270638042476217,0.00366715728752542,0.0184156786757123));
#2916=CARTESIAN_POINT('',(0.00270638042476217,0.00349006658515791,0.0185179220403952));
#2917=CARTESIAN_POINT('',(0.00270638042476217,0.00329407751295537,0.0184595858932488));
#2918=CARTESIAN_POINT('',(0.00270638042476217,0.00320172384958795,0.0182771424133727));
#2919=CARTESIAN_POINT('',(0.00254069499981293,0.00391861483891365,0.0178527280549731));
#2920=CARTESIAN_POINT('',(0.00254069499981293,0.0040858583050815,0.0181087778525639));
#2921=CARTESIAN_POINT('',(0.00254069499981293,0.00401485638913687,0.0184062515551904));
#2922=CARTESIAN_POINT('',(0.00254069499981293,0.00375000000000004,0.0185591664627552));
#2923=CARTESIAN_POINT('',(0.00254069499981293,0.00348514361086322,0.0187120813703199));
#2924=CARTESIAN_POINT('',(0.00254069499981293,0.00319202286945854,0.0186248339819321));
#2925=CARTESIAN_POINT('',(0.00254069499981293,0.00305389897319497,0.0183519719928183));
#2926=CARTESIAN_POINT('',(0.00230638042476217,0.00391861483891364,0.0178527280549731));
#2927=CARTESIAN_POINT('',(0.00230638042476217,0.0040858583050815,0.0181087778525639));
#2928=CARTESIAN_POINT('',(0.00230638042476216,0.00401485638913687,0.0184062515551904));
#2929=CARTESIAN_POINT('',(0.00230638042476216,0.00375000000000004,0.0185591664627552));
#2930=CARTESIAN_POINT('',(0.00230638042476216,0.00348514361086322,0.0187120813703199));
#2931=CARTESIAN_POINT('',(0.00230638042476216,0.00319202286945854,0.0186248339819321));
#2932=CARTESIAN_POINT('',(0.00230638042476216,0.00305389897319497,0.0183519719928183));
#2939=SURFACE_SIDE_STYLE('',(#3811));
#2940=EDGE_LOOP('',(#3812,#3813,#3814,#3815));
#2941=AXIS2_PLACEMENT_3D('',#3816,#3817,#3818);
#2942=SURFACE_SIDE_STYLE('',(#3819));
#2943=EDGE_LOOP('',(#3820,#3821,#3822,#3823));
#2945=CARTESIAN_POINT('',(-0.00532047865493945,0.00228685197999705,0.0186696932603784));
#2946=CARTESIAN_POINT('',(-0.00532047865493945,0.00238212619913552,0.0189603041669007));
#2947=CARTESIAN_POINT('',(-0.00532047865493945,0.00223655175515169,0.0192292650508242));
#2948=CARTESIAN_POINT('',(-0.00532047865493945,0.00194114283826894,0.0193084196315398));
#2949=CARTESIAN_POINT('',(-0.00532047865493945,0.00164573392138618,0.0193875742122555));
#2950=CARTESIAN_POINT('',(-0.00532047865493945,0.00138518231279264,0.0192274344761454));
#2951=CARTESIAN_POINT('',(-0.00532047865493945,0.00132238675363116,0.0189281209389111));
#2952=CARTESIAN_POINT('',(-0.00555479322999021,0.00228685197999705,0.0186696932603784));
#2953=CARTESIAN_POINT('',(-0.00555479322999022,0.00238212619913552,0.0189603041669007));
#2954=CARTESIAN_POINT('',(-0.00555479322999022,0.00223655175515169,0.0192292650508242));
#2955=CARTESIAN_POINT('',(-0.00555479322999022,0.00194114283826893,0.0193084196315398));
#2956=CARTESIAN_POINT('',(-0.00555479322999022,0.00164573392138618,0.0193875742122555));
#2957=CARTESIAN_POINT('',(-0.00555479322999022,0.00138518231279263,0.0192274344761454));
#2958=CARTESIAN_POINT('',(-0.00555479322999022,0.00132238675363116,0.0189281209389111));
#2959=CARTESIAN_POINT('',(-0.00572047865493945,0.00212941150441216,0.0187213087298446));
#2960=CARTESIAN_POINT('',(-0.00572047865493946,0.0021931146245813,0.0189156196532828));
#2961=CARTESIAN_POINT('',(-0.00572047865493946,0.00209577930782389,0.0190954547405111));
#2962=CARTESIAN_POINT('',(-0.00572047865493946,0.00189826029479617,0.0191483798005417));
#2963=CARTESIAN_POINT('',(-0.00572047865493946,0.00170074128176844,0.0192013048605723));
#2964=CARTESIAN_POINT('',(-0.00572047865493946,0.00152652888115695,0.0190942307649194));
#2965=CARTESIAN_POINT('',(-0.00572047865493946,0.00148454193980467,0.0188941010089046));
#2966=CARTESIAN_POINT('',(-0.00572047865493945,0.00190675704857354,0.0187943040267919));
#2967=CARTESIAN_POINT('',(-0.00572047865493945,0.00192581189240123,0.0188524262080964));
#2968=CARTESIAN_POINT('',(-0.00572047865493945,0.00189669700360447,0.0189062183848811));
#2969=CARTESIAN_POINT('',(-0.00572047865493945,0.00183761522022792,0.0189220493010242));
#2970=CARTESIAN_POINT('',(-0.00572047865493945,0.00177853343685138,0.0189378802171673));
#2971=CARTESIAN_POINT('',(-0.00572047865493945,0.00172642311513267,0.0189058522699453));
#2972=CARTESIAN_POINT('',(-0.00572047865493945,0.00171386400330038,0.0188459895624985));
#2979=SURFACE_SIDE_STYLE('',(#3824));
#2980=EDGE_LOOP('',(#3825,#3826,#3827,#3828));
#2982=CARTESIAN_POINT('',(0.00270638042476216,0.00190675704857355,0.018794304026792));
#2983=CARTESIAN_POINT('',(0.00270638042476216,0.00192581189240124,0.0188524262080964));
#2984=CARTESIAN_POINT('',(0.00270638042476216,0.00189669700360448,0.0189062183848811));
#2985=CARTESIAN_POINT('',(0.00270638042476216,0.00183761522022793,0.0189220493010242));
#2986=CARTESIAN_POINT('',(0.00270638042476216,0.00177853343685138,0.0189378802171674));
#2987=CARTESIAN_POINT('',(0.00270638042476216,0.00172642311513267,0.0189058522699453));
#2988=CARTESIAN_POINT('',(0.00270638042476216,0.00171386400330037,0.0188459895624985));
#2989=CARTESIAN_POINT('',(0.00270638042476217,0.00212941150441216,0.0187213087298446));
#2990=CARTESIAN_POINT('',(0.00270638042476216,0.00219311462458131,0.0189156196532828));
#2991=CARTESIAN_POINT('',(0.00270638042476216,0.0020957793078239,0.0190954547405111));
#2992=CARTESIAN_POINT('',(0.00270638042476216,0.00189826029479617,0.0191483798005417));
#2993=CARTESIAN_POINT('',(0.00270638042476216,0.00170074128176843,0.0192013048605723));
#2994=CARTESIAN_POINT('',(0.00270638042476216,0.00152652888115695,0.0190942307649195));
#2995=CARTESIAN_POINT('',(0.00270638042476216,0.00148454193980466,0.0188941010089046));
#2996=CARTESIAN_POINT('',(0.00254069499981293,0.00228685197999705,0.0186696932603784));
#2997=CARTESIAN_POINT('',(0.00254069499981293,0.00238212619913552,0.0189603041669007));
#2998=CARTESIAN_POINT('',(0.00254069499981292,0.00223655175515169,0.0192292650508242));
#2999=CARTESIAN_POINT('',(0.00254069499981292,0.00194114283826893,0.0193084196315399));
#3000=CARTESIAN_POINT('',(0.00254069499981292,0.00164573392138617,0.0193875742122556));
#3001=CARTESIAN_POINT('',(0.00254069499981292,0.00138518231279263,0.0192274344761454));
#3002=CARTESIAN_POINT('',(0.00254069499981293,0.00132238675363116,0.0189281209389111));
#3003=CARTESIAN_POINT('',(0.00230638042476216,0.00228685197999705,0.0186696932603784));
#3004=CARTESIAN_POINT('',(0.00230638042476216,0.00238212619913552,0.0189603041669007));
#3005=CARTESIAN_POINT('',(0.00230638042476216,0.00223655175515169,0.0192292650508242));
#3006=CARTESIAN_POINT('',(0.00230638042476216,0.00194114283826893,0.0193084196315399));
#3007=CARTESIAN_POINT('',(0.00230638042476216,0.00164573392138617,0.0193875742122556));
#3008=CARTESIAN_POINT('',(0.00230638042476216,0.00138518231279262,0.0192274344761454));
#3009=CARTESIAN_POINT('',(0.00230638042476216,0.00132238675363115,0.0189281209389111));
#3016=SURFACE_SIDE_STYLE('',(#3829));
#3017=EDGE_LOOP('',(#3830,#3831));
#3018=AXIS2_PLACEMENT_3D('',#3832,#3833,#3834);
#3019=SURFACE_SIDE_STYLE('',(#3835));
#3020=EDGE_LOOP('',(#3836,#3837,#3838,#3839,#3840,#3841,#3842,#3843));
#3021=AXIS2_PLACEMENT_3D('',#3844,#3845,#3846);
#3022=SURFACE_SIDE_STYLE('',(#3847));
#3023=EDGE_LOOP('',(#3848,#3849,#3850,#3851,#3852,#3853,#3854,#3855));
#3024=AXIS2_PLACEMENT_3D('',#3856,#3857,#3858);
#3025=SURFACE_SIDE_STYLE('',(#3859));
#3026=EDGE_LOOP('',(#3860,#3861,#3862,#3863,#3864,#3865,#3866,#3867));
#3027=AXIS2_PLACEMENT_3D('',#3868,#3869,#3870);
#3028=SURFACE_SIDE_STYLE('',(#3871));
#3029=EDGE_LOOP('',(#3872,#3873,#3874,#3875,#3876,#3877,#3878,#3879));
#3030=AXIS2_PLACEMENT_3D('',#3880,#3881,#3882);
#3031=SURFACE_SIDE_STYLE('',(#3883));
#3032=EDGE_LOOP('',(#3884,#3885,#3886,#3887,#3888,#3889,#3890,#3891));
#3033=AXIS2_PLACEMENT_3D('',#3892,#3893,#3894);
#3034=SURFACE_SIDE_STYLE('',(#3895));
#3035=EDGE_LOOP('',(#3896,#3897,#3898,#3899,#3900,#3901,#3902,#3903));
#3036=AXIS2_PLACEMENT_3D('',#3904,#3905,#3906);
#3037=SURFACE_SIDE_STYLE('',(#3907));
#3038=EDGE_LOOP('',(#3908,#3909,#3910,#3911,#3912,#3913,#3914,#3915));
#3039=AXIS2_PLACEMENT_3D('',#3916,#3917,#3918);
#3040=SURFACE_SIDE_STYLE('',(#3919));
#3041=EDGE_LOOP('',(#3920,#3921,#3922,#3923,#3924,#3925,#3926,#3927));
#3042=AXIS2_PLACEMENT_3D('',#3928,#3929,#3930);
#3043=SURFACE_SIDE_STYLE('',(#3931));
#3044=EDGE_LOOP('',(#3932,#3933,#3934,#3935,#3936,#3937,#3938,#3939));
#3045=AXIS2_PLACEMENT_3D('',#3940,#3941,#3942);
#3046=SURFACE_SIDE_STYLE('',(#3943));
#3047=EDGE_LOOP('',(#3944,#3945,#3946,#3947,#3948,#3949,#3950,#3951));
#3048=AXIS2_PLACEMENT_3D('',#3952,#3953,#3954);
#3049=SURFACE_SIDE_STYLE('',(#3955));
#3050=EDGE_LOOP('',(#3956,#3957,#3958,#3959,#3960,#3961,#3962,#3963));
#3051=AXIS2_PLACEMENT_3D('',#3964,#3965,#3966);
#3052=SURFACE_SIDE_STYLE('',(#3967));
#3053=EDGE_LOOP('',(#3968,#3969,#3970,#3971,#3972,#3973,#3974,#3975));
#3054=AXIS2_PLACEMENT_3D('',#3976,#3977,#3978);
#3055=SURFACE_SIDE_STYLE('',(#3979));
#3056=EDGE_LOOP('',(#3980,#3981,#3982,#3983,#3984,#3985,#3986,#3987));
#3057=AXIS2_PLACEMENT_3D('',#3988,#3989,#3990);
#3058=SURFACE_SIDE_STYLE('',(#3991));
#3059=EDGE_LOOP('',(#3992,#3993,#3994,#3995,#3996,#3997,#3998,#3999));
#3060=AXIS2_PLACEMENT_3D('',#4000,#4001,#4002);
#3061=SURFACE_SIDE_STYLE('',(#4003));
#3062=EDGE_LOOP('',(#4004,#4005,#4006,#4007,#4008,#4009,#4010,#4011));
#3063=AXIS2_PLACEMENT_3D('',#4012,#4013,#4014);
#3064=SURFACE_SIDE_STYLE('',(#4015));
#3065=EDGE_LOOP('',(#4016,#4017,#4018,#4019,#4020,#4021,#4022,#4023));
#3066=AXIS2_PLACEMENT_3D('',#4024,#4025,#4026);
#3067=SURFACE_SIDE_STYLE('',(#4027));
#3068=EDGE_LOOP('',(#4028,#4029,#4030,#4031,#4032,#4033,#4034,#4035));
#3069=AXIS2_PLACEMENT_3D('',#4036,#4037,#4038);
#3070=SURFACE_SIDE_STYLE('',(#4039));
#3071=EDGE_LOOP('',(#4040,#4041,#4042,#4043,#4044,#4045,#4046,#4047));
#3072=AXIS2_PLACEMENT_3D('',#4048,#4049,#4050);
#3073=SURFACE_SIDE_STYLE('',(#4051));
#3074=EDGE_LOOP('',(#4052,#4053,#4054,#4055,#4056,#4057,#4058,#4059));
#3075=AXIS2_PLACEMENT_3D('',#4060,#4061,#4062);
#3076=SURFACE_SIDE_STYLE('',(#4063));
#3077=EDGE_LOOP('',(#4064,#4065,#4066,#4067,#4068,#4069,#4070,#4071));
#3078=AXIS2_PLACEMENT_3D('',#4072,#4073,#4074);
#3079=SURFACE_SIDE_STYLE('',(#4075));
#3080=EDGE_LOOP('',(#4076,#4077,#4078,#4079,#4080,#4081,#4082,#4083));
#3081=AXIS2_PLACEMENT_3D('',#4084,#4085,#4086);
#3082=SURFACE_SIDE_STYLE('',(#4087));
#3083=EDGE_LOOP('',(#4088));
#3084=EDGE_LOOP('',(#4089));
#3085=AXIS2_PLACEMENT_3D('',#4090,#4091,#4092);
#3086=SURFACE_SIDE_STYLE('',(#4093));
#3087=EDGE_LOOP('',(#4094));
#3088=EDGE_LOOP('',(#4095));
#3089=AXIS2_PLACEMENT_3D('',#4096,#4097,#4098);
#3090=SURFACE_SIDE_STYLE('',(#4099));
#3091=EDGE_LOOP('',(#4100));
#3092=EDGE_LOOP('',(#4101));
#3093=AXIS2_PLACEMENT_3D('',#4102,#4103,#4104);
#3094=SURFACE_SIDE_STYLE('',(#4105));
#3095=EDGE_LOOP('',(#4106,#4107,#4108,#4109,#4110,#4111));
#3096=EDGE_LOOP('',(#4112));
#3097=AXIS2_PLACEMENT_3D('',#4113,#4114,#4115);
#3098=SURFACE_SIDE_STYLE('',(#4116));
#3099=EDGE_LOOP('',(#4117,#4118,#4119,#4120));
#3100=AXIS2_PLACEMENT_3D('',#4121,#4122,#4123);
#3101=SURFACE_SIDE_STYLE('',(#4124));
#3102=EDGE_LOOP('',(#4125,#4126,#4127,#4128));
#3103=AXIS2_PLACEMENT_3D('',#4129,#4130,#4131);
#3104=SURFACE_SIDE_STYLE('',(#4132));
#3105=EDGE_LOOP('',(#4133,#4134,#4135,#4136));
#3106=AXIS2_PLACEMENT_3D('',#4137,#4138,#4139);
#3107=SURFACE_SIDE_STYLE('',(#4140));
#3108=EDGE_LOOP('',(#4141,#4142,#4143,#4144));
#3109=AXIS2_PLACEMENT_3D('',#4145,#4146,#4147);
#3110=SURFACE_SIDE_STYLE('',(#4148));
#3111=EDGE_LOOP('',(#4149,#4150,#4151,#4152));
#3112=AXIS2_PLACEMENT_3D('',#4153,#4154,#4155);
#3113=SURFACE_SIDE_STYLE('',(#4156));
#3114=EDGE_LOOP('',(#4157,#4158,#4159,#4160));
#3115=AXIS2_PLACEMENT_3D('',#4161,#4162,#4163);
#3116=SURFACE_SIDE_STYLE('',(#4164));
#3117=EDGE_LOOP('',(#4165));
#3118=EDGE_LOOP('',(#4166,#4167,#4168,#4169,#4170,#4171));
#3119=AXIS2_PLACEMENT_3D('',#4172,#4173,#4174);
#3120=SURFACE_SIDE_STYLE('',(#4175));
#3121=EDGE_LOOP('',(#4176));
#3122=EDGE_LOOP('',(#4177));
#3123=AXIS2_PLACEMENT_3D('',#4178,#4179,#4180);
#3124=SURFACE_SIDE_STYLE('',(#4181));
#3125=EDGE_LOOP('',(#4182));
#3126=EDGE_LOOP('',(#4183));
#3127=AXIS2_PLACEMENT_3D('',#4184,#4185,#4186);
#3128=SURFACE_SIDE_STYLE('',(#4187));
#3129=EDGE_LOOP('',(#4188));
#3130=EDGE_LOOP('',(#4189));
#3131=AXIS2_PLACEMENT_3D('',#4190,#4191,#4192);
#3132=SURFACE_SIDE_STYLE('',(#4193));
#3133=EDGE_LOOP('',(#4194,#4195,#4196,#4197));
#3135=CARTESIAN_POINT('',(0.00270638042476216,-0.0017138640033003,0.0188459895624984));
#3136=CARTESIAN_POINT('',(0.00270638042476216,-0.0017264231151326,0.0189058522699453));
#3137=CARTESIAN_POINT('',(0.00270638042476216,-0.00177853343685131,0.0189378802171673));
#3138=CARTESIAN_POINT('',(0.00270638042476216,-0.00183761522022785,0.0189220493010242));
#3139=CARTESIAN_POINT('',(0.00270638042476216,-0.0018966970036044,0.0189062183848811));
#3140=CARTESIAN_POINT('',(0.00270638042476216,-0.00192581189240117,0.0188524262080964));
#3141=CARTESIAN_POINT('',(0.00270638042476216,-0.00190675704857348,0.0187943040267919));
#3142=CARTESIAN_POINT('',(0.00270638042476217,-0.00148454193980459,0.0188941010089046));
#3143=CARTESIAN_POINT('',(0.00270638042476216,-0.00152652888115689,0.0190942307649194));
#3144=CARTESIAN_POINT('',(0.00270638042476216,-0.00170074128176838,0.0192013048605722));
#3145=CARTESIAN_POINT('',(0.00270638042476216,-0.0018982602947961,0.0191483798005417));
#3146=CARTESIAN_POINT('',(0.00270638042476216,-0.00209577930782382,0.0190954547405111));
#3147=CARTESIAN_POINT('',(0.00270638042476216,-0.00219311462458122,0.0189156196532828));
#3148=CARTESIAN_POINT('',(0.00270638042476216,-0.0021294115044121,0.0187213087298446));
#3149=CARTESIAN_POINT('',(0.00254069499981293,-0.00132238675363109,0.0189281209389111));
#3150=CARTESIAN_POINT('',(0.00254069499981293,-0.00138518231279258,0.0192274344761454));
#3151=CARTESIAN_POINT('',(0.00254069499981292,-0.00164573392138612,0.0193875742122555));
#3152=CARTESIAN_POINT('',(0.00254069499981292,-0.00194114283826886,0.0193084196315398));
#3153=CARTESIAN_POINT('',(0.00254069499981292,-0.00223655175515161,0.0192292650508241));
#3154=CARTESIAN_POINT('',(0.00254069499981292,-0.00238212619913543,0.0189603041669006));
#3155=CARTESIAN_POINT('',(0.00254069499981293,-0.00228685197999698,0.0186696932603784));
#3156=CARTESIAN_POINT('',(0.00230638042476216,-0.00132238675363109,0.0189281209389111));
#3157=CARTESIAN_POINT('',(0.00230638042476216,-0.00138518231279258,0.0192274344761454));
#3158=CARTESIAN_POINT('',(0.00230638042476216,-0.00164573392138612,0.0193875742122555));
#3159=CARTESIAN_POINT('',(0.00230638042476216,-0.00194114283826886,0.0193084196315398));
#3160=CARTESIAN_POINT('',(0.00230638042476216,-0.0022365517551516,0.0192292650508241));
#3161=CARTESIAN_POINT('',(0.00230638042476216,-0.00238212619913543,0.0189603041669006));
#3162=CARTESIAN_POINT('',(0.00230638042476216,-0.00228685197999698,0.0186696932603784));
#3169=SURFACE_SIDE_STYLE('',(#4198));
#3170=EDGE_LOOP('',(#4199,#4200));
#3171=AXIS2_PLACEMENT_3D('',#4201,#4202,#4203);
#3172=SURFACE_SIDE_STYLE('',(#4204));
#3173=EDGE_LOOP('',(#4205,#4206));
#3174=AXIS2_PLACEMENT_3D('',#4207,#4208,#4209);
#3175=SURFACE_SIDE_STYLE('',(#4210));
#3176=EDGE_LOOP('',(#4211,#4212));
#3177=AXIS2_PLACEMENT_3D('',#4213,#4214,#4215);
#3178=SURFACE_SIDE_STYLE('',(#4216));
#3179=EDGE_LOOP('',(#4217,#4218));
#3180=AXIS2_PLACEMENT_3D('',#4219,#4220,#4221);
#3181=SURFACE_SIDE_STYLE('',(#4222));
#3182=EDGE_LOOP('',(#4223,#4224));
#3183=AXIS2_PLACEMENT_3D('',#4225,#4226,#4227);
#3184=SURFACE_SIDE_STYLE('',(#4228));
#3185=EDGE_LOOP('',(#4229,#4230));
#3186=AXIS2_PLACEMENT_3D('',#4231,#4232,#4233);
#3187=SURFACE_SIDE_STYLE('',(#4234));
#3188=EDGE_LOOP('',(#4235,#4236));
#3189=AXIS2_PLACEMENT_3D('',#4237,#4238,#4239);
#3190=SURFACE_SIDE_STYLE('',(#4240));
#3191=EDGE_LOOP('',(#4241,#4242));
#3192=AXIS2_PLACEMENT_3D('',#4243,#4244,#4245);
#3193=SURFACE_SIDE_STYLE('',(#4246));
#3194=EDGE_LOOP('',(#4247,#4248));
#3195=AXIS2_PLACEMENT_3D('',#4249,#4250,#4251);
#3196=SURFACE_SIDE_STYLE('',(#4252));
#3197=EDGE_LOOP('',(#4253,#4254));
#3198=AXIS2_PLACEMENT_3D('',#4255,#4256,#4257);
#3199=SURFACE_SIDE_STYLE('',(#4258));
#3200=EDGE_LOOP('',(#4259,#4260));
#3201=AXIS2_PLACEMENT_3D('',#4261,#4262,#4263);
#3202=SURFACE_SIDE_STYLE('',(#4264));
#3203=EDGE_LOOP('',(#4265,#4266));
#3204=AXIS2_PLACEMENT_3D('',#4267,#4268,#4269);
#3205=SURFACE_SIDE_STYLE('',(#4270));
#3206=EDGE_LOOP('',(#4271,#4272));
#3207=AXIS2_PLACEMENT_3D('',#4273,#4274,#4275);
#3208=SURFACE_SIDE_STYLE('',(#4276));
#3209=EDGE_LOOP('',(#4277,#4278));
#3210=AXIS2_PLACEMENT_3D('',#4279,#4280,#4281);
#3211=SURFACE_SIDE_STYLE('',(#4282));
#3212=EDGE_LOOP('',(#4283,#4284));
#3213=AXIS2_PLACEMENT_3D('',#4285,#4286,#4287);
#3214=SURFACE_SIDE_STYLE('',(#4288));
#3215=EDGE_LOOP('',(#4289,#4290));
#3216=AXIS2_PLACEMENT_3D('',#4291,#4292,#4293);
#3217=SURFACE_SIDE_STYLE('',(#4294));
#3218=EDGE_LOOP('',(#4295,#4296));
#3219=AXIS2_PLACEMENT_3D('',#4297,#4298,#4299);
#3220=SURFACE_SIDE_STYLE('',(#4300));
#3221=EDGE_LOOP('',(#4301,#4302));
#3222=AXIS2_PLACEMENT_3D('',#4303,#4304,#4305);
#3223=SURFACE_SIDE_STYLE('',(#4306));
#3224=EDGE_LOOP('',(#4307,#4308));
#3225=AXIS2_PLACEMENT_3D('',#4309,#4310,#4311);
#3226=SURFACE_SIDE_STYLE('',(#4312));
#3227=EDGE_LOOP('',(#4313,#4314));
#3228=AXIS2_PLACEMENT_3D('',#4315,#4316,#4317);
#3229=SURFACE_SIDE_STYLE('',(#4318));
#3230=EDGE_LOOP('',(#4319,#4320));
#3231=AXIS2_PLACEMENT_3D('',#4321,#4322,#4323);
#3232=SURFACE_SIDE_STYLE('',(#4324));
#3233=EDGE_LOOP('',(#4325,#4326));
#3234=AXIS2_PLACEMENT_3D('',#4327,#4328,#4329);
#3235=SURFACE_SIDE_STYLE('',(#4330));
#3236=EDGE_LOOP('',(#4331,#4332));
#3237=AXIS2_PLACEMENT_3D('',#4333,#4334,#4335);
#3238=SURFACE_SIDE_STYLE('',(#4336));
#3239=EDGE_LOOP('',(#4337,#4338));
#3240=AXIS2_PLACEMENT_3D('',#4339,#4340,#4341);
#3241=SURFACE_SIDE_STYLE('',(#4342));
#3242=EDGE_LOOP('',(#4343,#4344));
#3243=AXIS2_PLACEMENT_3D('',#4345,#4346,#4347);
#3244=SURFACE_SIDE_STYLE('',(#4348));
#3245=EDGE_LOOP('',(#4349,#4350));
#3246=AXIS2_PLACEMENT_3D('',#4351,#4352,#4353);
#3247=SURFACE_SIDE_STYLE('',(#4354));
#3248=EDGE_LOOP('',(#4355,#4356));
#3249=AXIS2_PLACEMENT_3D('',#4357,#4358,#4359);
#3250=SURFACE_SIDE_STYLE('',(#4360));
#3251=EDGE_LOOP('',(#4361,#4362));
#3252=AXIS2_PLACEMENT_3D('',#4363,#4364,#4365);
#3253=SURFACE_SIDE_STYLE('',(#4366));
#3254=EDGE_LOOP('',(#4367,#4368));
#3255=AXIS2_PLACEMENT_3D('',#4369,#4370,#4371);
#3256=SURFACE_SIDE_STYLE('',(#4372));
#3257=EDGE_LOOP('',(#4373,#4374));
#3258=AXIS2_PLACEMENT_3D('',#4375,#4376,#4377);
#3259=SURFACE_SIDE_STYLE('',(#4378));
#3260=EDGE_LOOP('',(#4379,#4380));
#3261=AXIS2_PLACEMENT_3D('',#4381,#4382,#4383);
#3262=SURFACE_SIDE_STYLE('',(#4384));
#3263=EDGE_LOOP('',(#4385,#4386));
#3264=AXIS2_PLACEMENT_3D('',#4387,#4388,#4389);
#3265=SURFACE_SIDE_STYLE('',(#4390));
#3266=EDGE_LOOP('',(#4391,#4392,#4393,#4394));
#3267=AXIS2_PLACEMENT_3D('',#4395,#4396,#4397);
#3268=SURFACE_SIDE_STYLE('',(#4398));
#3269=EDGE_LOOP('',(#4399));
#3270=AXIS2_PLACEMENT_3D('',#4400,#4401,#4402);
#3271=SURFACE_SIDE_STYLE('',(#4403));
#3272=EDGE_LOOP('',(#4404));
#3273=EDGE_LOOP('',(#4405));
#3274=AXIS2_PLACEMENT_3D('',#4406,#4407,#4408);
#3275=SURFACE_SIDE_STYLE('',(#4409));
#3276=EDGE_LOOP('',(#4410));
#3277=EDGE_LOOP('',(#4411));
#3278=AXIS2_PLACEMENT_3D('',#4412,#4413,#4414);
#3279=SURFACE_SIDE_STYLE('',(#4415));
#3280=EDGE_LOOP('',(#4416,#4417,#4418,#4419,#4420,#4421,#4422,#4423,#4424,#4425,#4426,#4427,#4428,#4429,#4430,#4431,#4432,#4433,#4434,#4435,#4436,#4437,#4438,#4439,#4440,#4441,#4442,#4443,#4444,#4445,#4446,#4447,#4448,#4449,#4450,#4451,#4452,#4453,#4454,#4455,#4456,#4457,#4458,#4459,#4460,#4461,#4462,#4463));
#3281=EDGE_LOOP('',(#4464));
#3282=AXIS2_PLACEMENT_3D('',#4465,#4466,#4467);
#3283=SURFACE_SIDE_STYLE('',(#4468));
#3284=EDGE_LOOP('',(#4469,#4470,#4471,#4472,#4473,#4474,#4475,#4476,#4477,#4478,#4479,#4480,#4481,#4482,#4483,#4484,#4485,#4486,#4487,#4488,#4489,#4490,#4491,#4492,#4493,#4494,#4495,#4496,#4497,#4498,#4499,#4500,#4501,#4502,#4503,#4504,#4505,#4506,#4507,#4508,#4509,#4510,#4511,#4512,#4513,#4514,#4515,#4516));
#3285=EDGE_LOOP('',(#4517));
#3286=AXIS2_PLACEMENT_3D('',#4518,#4519,#4520);
#3287=SURFACE_SIDE_STYLE('',(#4521));
#3288=EDGE_LOOP('',(#4522,#4523,#4524,#4525,#4526,#4527,#4528,#4529));
#3289=AXIS2_PLACEMENT_3D('',#4530,#4531,#4532);
#3290=SURFACE_SIDE_STYLE('',(#4533));
#3291=EDGE_LOOP('',(#4534,#4535,#4536,#4537,#4538,#4539,#4540,#4541));
#3292=AXIS2_PLACEMENT_3D('',#4542,#4543,#4544);
#3293=SURFACE_SIDE_STYLE('',(#4545));
#3295= (NAMED_UNIT(#1132)LENGTH_UNIT()SI_UNIT($,.METRE.));
#3296= (NAMED_UNIT(#1145)LENGTH_UNIT()SI_UNIT($,.METRE.));
#3297=SURFACE_STYLE_FILL_AREA(#4548);
#3298=ORIENTED_EDGE('',*,*,#4549,.T.);
#3299=ORIENTED_EDGE('',*,*,#4550,.T.);
#3300=ORIENTED_EDGE('',*,*,#4551,.F.);
#3301=ORIENTED_EDGE('',*,*,#4552,.F.);
#3302=ORIENTED_EDGE('',*,*,#4553,.T.);
#3303=ORIENTED_EDGE('',*,*,#4554,.F.);
#3304=ORIENTED_EDGE('',*,*,#4555,.T.);
#3305=ORIENTED_EDGE('',*,*,#4556,.F.);
#3306=CARTESIAN_POINT('',(-0.00515368857294925,4.00883753276515E-17,0.0120639759343718));
#3307=DIRECTION('',(1.0,0.0,3.49148336110938E-15));
#3308=DIRECTION('',(3.49148336110938E-15,0.0,-1.0));
#3309=SURFACE_STYLE_FILL_AREA(#4557);
#3310=ORIENTED_EDGE('',*,*,#4550,.F.);
#3311=ORIENTED_EDGE('',*,*,#4558,.F.);
#3312=ORIENTED_EDGE('',*,*,#4559,.T.);
#3313=ORIENTED_EDGE('',*,*,#4560,.F.);
#3314=SURFACE_STYLE_FILL_AREA(#4561);
#3315=ORIENTED_EDGE('',*,*,#4562,.T.);
#3316=ORIENTED_EDGE('',*,*,#4558,.T.);
#3317=CARTESIAN_POINT('',(-0.00572047865493942,4.20670442924376E-17,0.0120639759343718));
#3318=DIRECTION('',(1.0,3.67974030001656E-27,3.4914833610849E-15));
#3319=DIRECTION('',(3.37251395052952E-15,0.258819045102521,-0.965925826289068));
#3320=SURFACE_STYLE_FILL_AREA(#4563);
#3321=ORIENTED_EDGE('',*,*,#4564,.T.);
#3322=ORIENTED_EDGE('',*,*,#4565,.T.);
#3323=CARTESIAN_POINT('',(0.00270638042476219,4.16333634234434E-17,0.0120639759343718));
#3324=DIRECTION('',(1.0,3.67974030001656E-27,3.4914833610849E-15));
#3325=DIRECTION('',(3.37251395052952E-15,0.258819045102521,-0.965925826289068));
#3326=SURFACE_STYLE_FILL_AREA(#4566);
#3327=ORIENTED_EDGE('',*,*,#4567,.F.);
#3328=ORIENTED_EDGE('',*,*,#4568,.T.);
#3329=ORIENTED_EDGE('',*,*,#4551,.T.);
#3330=ORIENTED_EDGE('',*,*,#4560,.T.);
#3331=CARTESIAN_POINT('',(0.00310638042476216,-0.0018117333157176,0.0188254567183953));
#3332=DIRECTION('',(-1.0,-3.67976751581409E-27,-3.4914833610849E-15));
#3333=DIRECTION('',(-3.37251395052952E-15,-0.258819045102521,0.965925826289068));
#3334=SURFACE_STYLE_FILL_AREA(#4569);
#3335=ORIENTED_EDGE('',*,*,#4570,.T.);
#3336=ORIENTED_EDGE('',*,*,#4571,.F.);
#3337=CARTESIAN_POINT('',(0.00370638042476219,4.00883753276515E-17,0.0120639759343717));
#3338=DIRECTION('',(1.0,0.0,3.49148336110938E-15));
#3339=DIRECTION('',(3.49148336110938E-15,0.0,-1.0));
#3340=SURFACE_STYLE_FILL_AREA(#4572);
#3341=ORIENTED_EDGE('',*,*,#4571,.T.);
#3342=CARTESIAN_POINT('',(0.000506380424762187,3.96546944586573E-17,0.0120639759343717));
#3343=DIRECTION('',(1.0,0.0,3.49148336110938E-15));
#3344=DIRECTION('',(3.49148336110938E-15,0.0,-1.0));
#3345=SURFACE_STYLE_FILL_AREA(#4573);
#3346=ORIENTED_EDGE('',*,*,#4574,.T.);
#3347=ORIENTED_EDGE('',*,*,#4575,.T.);
#3348=CARTESIAN_POINT('',(-0.00572047865493942,4.2934406030426E-17,0.0120639759343718));
#3349=DIRECTION('',(1.0,-4.9881252758935E-26,3.4914833613978E-15));
#3350=DIRECTION('',(3.4914833613978E-15,3.7470027081099E-15,-1.0));
#3351=SURFACE_STYLE_FILL_AREA(#4576);
#3352=ORIENTED_EDGE('',*,*,#4577,.T.);
#3353=ORIENTED_EDGE('',*,*,#4578,.T.);
#3354=CARTESIAN_POINT('',(0.00270638042476219,4.25007251614318E-17,0.0120639759343718));
#3355=DIRECTION('',(1.0,-4.9881252758935E-26,3.4914833613978E-15));
#3356=DIRECTION('',(3.4914833613978E-15,3.7470027081099E-15,-1.0));
#3357=SURFACE_STYLE_FILL_AREA(#4579);
#3358=ORIENTED_EDGE('',*,*,#4580,.F.);
#3359=ORIENTED_EDGE('',*,*,#4575,.F.);
#3360=ORIENTED_EDGE('',*,*,#4556,.T.);
#3361=ORIENTED_EDGE('',*,*,#4581,.F.);
#3362=SURFACE_STYLE_FILL_AREA(#4582);
#3363=ORIENTED_EDGE('',*,*,#4583,.T.);
#3364=ORIENTED_EDGE('',*,*,#4584,.F.);
#3365=ORIENTED_EDGE('',*,*,#4554,.T.);
#3366=ORIENTED_EDGE('',*,*,#4578,.F.);
#3367=SURFACE_STYLE_FILL_AREA(#4585);
#3368=ORIENTED_EDGE('',*,*,#4586,.T.);
#3369=ORIENTED_EDGE('',*,*,#4587,.T.);
#3370=CARTESIAN_POINT('',(-0.00572047865493942,1.78242837156617E-16,0.0120639759343718));
#3371=DIRECTION('',(1.0,2.3803374916217E-24,3.49148336149174E-15));
#3372=DIRECTION('',(-3.49148336149174E-15,-1.72084568816899E-15,1.0));
#3373=SURFACE_STYLE_FILL_AREA(#4588);
#3374=ORIENTED_EDGE('',*,*,#4589,.T.);
#3375=ORIENTED_EDGE('',*,*,#4590,.T.);
#3376=CARTESIAN_POINT('',(0.00270638042476219,1.78676518025611E-16,0.0120639759343718));
#3377=DIRECTION('',(1.0,2.3803374916217E-24,3.49148336149174E-15));
#3378=DIRECTION('',(-3.49148336149174E-15,-1.72084568816899E-15,1.0));
#3379=SURFACE_STYLE_FILL_AREA(#4591);
#3380=ORIENTED_EDGE('',*,*,#4592,.F.);
#3381=ORIENTED_EDGE('',*,*,#4587,.F.);
#3382=ORIENTED_EDGE('',*,*,#4593,.T.);
#3383=ORIENTED_EDGE('',*,*,#4594,.F.);
#3384=SURFACE_STYLE_FILL_AREA(#4595);
#3385=ORIENTED_EDGE('',*,*,#4596,.T.);
#3386=ORIENTED_EDGE('',*,*,#4597,.F.);
#3387=ORIENTED_EDGE('',*,*,#4598,.T.);
#3388=ORIENTED_EDGE('',*,*,#4590,.F.);
#3389=SURFACE_STYLE_FILL_AREA(#4599);
#3390=ORIENTED_EDGE('',*,*,#4600,.F.);
#3391=ORIENTED_EDGE('',*,*,#4597,.T.);
#3392=ORIENTED_EDGE('',*,*,#4601,.T.);
#3393=ORIENTED_EDGE('',*,*,#4594,.T.);
#3394=CARTESIAN_POINT('',(0.00310638042476221,1.86482773667507E-16,0.00506397593437181));
#3395=DIRECTION('',(-1.0,-2.3803374916217E-24,-3.49148336149174E-15));
#3396=DIRECTION('',(3.49148336149174E-15,1.72084568816899E-15,-1.0));
#3397=SURFACE_STYLE_FILL_AREA(#4602);
#3398=ORIENTED_EDGE('',*,*,#4603,.F.);
#3399=ORIENTED_EDGE('',*,*,#4604,.T.);
#3400=ORIENTED_EDGE('',*,*,#4605,.T.);
#3401=ORIENTED_EDGE('',*,*,#4606,.T.);
#3402=CARTESIAN_POINT('',(0.00310638042476221,-0.00181173331571746,0.00530249515034832));
#3403=DIRECTION('',(-1.0,-2.35109101667287E-24,-3.49148336117565E-15));
#3404=DIRECTION('',(3.37251395122663E-15,-0.258819045102519,-0.965925826289069));
#3405=SURFACE_STYLE_FILL_AREA(#4607);
#3406=ORIENTED_EDGE('',*,*,#4608,.T.);
#3407=ORIENTED_EDGE('',*,*,#4604,.F.);
#3408=ORIENTED_EDGE('',*,*,#4609,.T.);
#3409=ORIENTED_EDGE('',*,*,#4610,.F.);
#3410=SURFACE_STYLE_FILL_AREA(#4611);
#3411=ORIENTED_EDGE('',*,*,#4612,.T.);
#3412=ORIENTED_EDGE('',*,*,#4613,.T.);
#3413=CARTESIAN_POINT('',(-0.00572047865493942,1.72604985859692E-16,0.0120639759343718));
#3414=DIRECTION('',(1.0,2.35109096659869E-24,3.49148336117565E-15));
#3415=DIRECTION('',(-3.37251395122663E-15,0.258819045102519,0.965925826289069));
#3416=SURFACE_STYLE_FILL_AREA(#4614);
#3417=ORIENTED_EDGE('',*,*,#4615,.F.);
#3418=ORIENTED_EDGE('',*,*,#4616,.T.);
#3419=ORIENTED_EDGE('',*,*,#4617,.T.);
#3420=ORIENTED_EDGE('',*,*,#4618,.T.);
#3421=CARTESIAN_POINT('',(0.00310638042476221,-0.00349999999999983,0.00600179810788071));
#3422=DIRECTION('',(-1.0,-2.24102976272402E-24,-3.49148336087789E-15));
#3423=DIRECTION('',(3.02371328853144E-15,-0.499999999999999,-0.866025403784439));
#3424=SURFACE_STYLE_FILL_AREA(#4619);
#3425=ORIENTED_EDGE('',*,*,#4620,.F.);
#3426=ORIENTED_EDGE('',*,*,#4613,.F.);
#3427=ORIENTED_EDGE('',*,*,#4621,.T.);
#3428=ORIENTED_EDGE('',*,*,#4606,.F.);
#3429=SURFACE_STYLE_FILL_AREA(#4622);
#3430=ORIENTED_EDGE('',*,*,#4623,.T.);
#3431=ORIENTED_EDGE('',*,*,#4610,.T.);
#3432=CARTESIAN_POINT('',(0.00270638042476219,1.73472347597681E-16,0.0120639759343718));
#3433=DIRECTION('',(1.0,2.35109096659869E-24,3.49148336117565E-15));
#3434=DIRECTION('',(-3.37251395122663E-15,0.258819045102519,0.965925826289069));
#3435=SURFACE_STYLE_FILL_AREA(#4624);
#3436=ORIENTED_EDGE('',*,*,#4625,.T.);
#3437=ORIENTED_EDGE('',*,*,#4626,.T.);
#3438=CARTESIAN_POINT('',(-0.00572047865493942,1.64798730217797E-16,0.0120639759343717));
#3439=DIRECTION('',(1.0,2.24102958614032E-24,3.49148336087789E-15));
#3440=DIRECTION('',(-3.02371328853144E-15,0.499999999999999,0.866025403784439));
#3441=SURFACE_STYLE_FILL_AREA(#4627);
#3442=ORIENTED_EDGE('',*,*,#4628,.T.);
#3443=ORIENTED_EDGE('',*,*,#4629,.T.);
#3444=CARTESIAN_POINT('',(0.00270638042476219,1.64798730217797E-16,0.0120639759343718));
#3445=DIRECTION('',(1.0,2.24102958614032E-24,3.49148336087789E-15));
#3446=DIRECTION('',(-3.02371328853144E-15,0.499999999999999,0.866025403784439));
#3447=SURFACE_STYLE_FILL_AREA(#4630);
#3448=ORIENTED_EDGE('',*,*,#4631,.F.);
#3449=ORIENTED_EDGE('',*,*,#4626,.F.);
#3450=ORIENTED_EDGE('',*,*,#4632,.T.);
#3451=ORIENTED_EDGE('',*,*,#4618,.F.);
#3452=SURFACE_STYLE_FILL_AREA(#4633);
#3453=ORIENTED_EDGE('',*,*,#4634,.T.);
#3454=ORIENTED_EDGE('',*,*,#4616,.F.);
#3455=ORIENTED_EDGE('',*,*,#4635,.T.);
#3456=ORIENTED_EDGE('',*,*,#4629,.F.);
#3457=SURFACE_STYLE_FILL_AREA(#4636);
#3458=ORIENTED_EDGE('',*,*,#4637,.T.);
#3459=ORIENTED_EDGE('',*,*,#4638,.T.);
#3460=CARTESIAN_POINT('',(-0.00572047865493942,4.59701721133854E-17,0.0120639759343718));
#3461=DIRECTION('',(1.0,1.36398783678144E-25,3.49148336079653E-15));
#3462=DIRECTION('',(3.02371328727227E-15,0.5,-0.866025403784439));
#3463=SURFACE_STYLE_FILL_AREA(#4639);
#3464=ORIENTED_EDGE('',*,*,#4640,.T.);
#3465=ORIENTED_EDGE('',*,*,#4641,.T.);
#3466=CARTESIAN_POINT('',(0.00270638042476219,4.55364912443912E-17,0.0120639759343718));
#3467=DIRECTION('',(1.0,1.36398783678144E-25,3.49148336079653E-15));
#3468=DIRECTION('',(3.02371328727227E-15,0.5,-0.866025403784439));
#3469=SURFACE_STYLE_FILL_AREA(#4642);
#3470=ORIENTED_EDGE('',*,*,#4643,.F.);
#3471=ORIENTED_EDGE('',*,*,#4638,.F.);
#3472=ORIENTED_EDGE('',*,*,#4644,.T.);
#3473=ORIENTED_EDGE('',*,*,#4645,.F.);
#3474=SURFACE_STYLE_FILL_AREA(#4646);
#3475=ORIENTED_EDGE('',*,*,#4647,.T.);
#3476=ORIENTED_EDGE('',*,*,#4648,.F.);
#3477=ORIENTED_EDGE('',*,*,#4649,.T.);
#3478=ORIENTED_EDGE('',*,*,#4641,.F.);
#3479=SURFACE_STYLE_FILL_AREA(#4650);
#3480=ORIENTED_EDGE('',*,*,#4651,.F.);
#3481=ORIENTED_EDGE('',*,*,#4648,.T.);
#3482=ORIENTED_EDGE('',*,*,#4652,.T.);
#3483=ORIENTED_EDGE('',*,*,#4645,.T.);
#3484=CARTESIAN_POINT('',(0.00310638042476217,-0.00349999999999995,0.0181261537608629));
#3485=DIRECTION('',(-1.0,-1.3639891017563E-25,-3.49148336079653E-15));
#3486=DIRECTION('',(-3.02371328727227E-15,-0.5,0.866025403784439));
#3487=SURFACE_STYLE_FILL_AREA(#4653);
#3488=ORIENTED_EDGE('',*,*,#4654,.F.);
#3489=ORIENTED_EDGE('',*,*,#4655,.T.);
#3490=ORIENTED_EDGE('',*,*,#4656,.T.);
#3491=ORIENTED_EDGE('',*,*,#4657,.T.);
#3492=CARTESIAN_POINT('',(0.00310638042476217,-0.00494974746830578,0.0170137234026776));
#3493=DIRECTION('',(-1.0,-3.39229990212276E-25,-3.49148336055234E-15));
#3494=DIRECTION('',(-2.46885156040668E-15,-0.707106781186548,0.707106781186547));
#3495=SURFACE_STYLE_FILL_AREA(#4658);
#3496=ORIENTED_EDGE('',*,*,#4659,.F.);
#3497=ORIENTED_EDGE('',*,*,#4660,.F.);
#3498=ORIENTED_EDGE('',*,*,#4661,.T.);
#3499=ORIENTED_EDGE('',*,*,#4657,.F.);
#3500=SURFACE_STYLE_FILL_AREA(#4662);
#3501=ORIENTED_EDGE('',*,*,#4663,.T.);
#3502=ORIENTED_EDGE('',*,*,#4655,.F.);
#3503=ORIENTED_EDGE('',*,*,#4664,.T.);
#3504=ORIENTED_EDGE('',*,*,#4665,.F.);
#3505=SURFACE_STYLE_FILL_AREA(#4666);
#3506=ORIENTED_EDGE('',*,*,#4667,.F.);
#3507=ORIENTED_EDGE('',*,*,#4668,.T.);
#3508=ORIENTED_EDGE('',*,*,#4669,.T.);
#3509=ORIENTED_EDGE('',*,*,#4670,.T.);
#3510=CARTESIAN_POINT('',(0.00310638042476217,-0.006062177826491,0.0155639759343718));
#3511=DIRECTION('',(-1.0,-5.98352203325618E-25,-3.49148336036897E-15));
#3512=DIRECTION('',(-1.74574167966629E-15,-0.866025403784439,0.5));
#3513=SURFACE_STYLE_FILL_AREA(#4671);
#3514=ORIENTED_EDGE('',*,*,#4672,.F.);
#3515=ORIENTED_EDGE('',*,*,#4673,.F.);
#3516=ORIENTED_EDGE('',*,*,#4674,.T.);
#3517=ORIENTED_EDGE('',*,*,#4670,.F.);
#3518=SURFACE_STYLE_FILL_AREA(#4675);
#3519=ORIENTED_EDGE('',*,*,#4676,.T.);
#3520=ORIENTED_EDGE('',*,*,#4668,.F.);
#3521=ORIENTED_EDGE('',*,*,#4677,.T.);
#3522=ORIENTED_EDGE('',*,*,#4678,.F.);
#3523=SURFACE_STYLE_FILL_AREA(#4679);
#3524=ORIENTED_EDGE('',*,*,#4680,.F.);
#3525=ORIENTED_EDGE('',*,*,#4681,.T.);
#3526=ORIENTED_EDGE('',*,*,#4682,.T.);
#3527=ORIENTED_EDGE('',*,*,#4683,.T.);
#3528=CARTESIAN_POINT('',(0.00310638042476218,-0.00676148078402339,0.0138757092500894));
#3529=DIRECTION('',(-1.0,-8.96106238942577E-25,-3.49148336025891E-15));
#3530=DIRECTION('',(-9.03662388427976E-16,-0.965925826289068,0.25881904510252));
#3531=SURFACE_STYLE_FILL_AREA(#4684);
#3532=ORIENTED_EDGE('',*,*,#4685,.F.);
#3533=ORIENTED_EDGE('',*,*,#4686,.F.);
#3534=ORIENTED_EDGE('',*,*,#4687,.T.);
#3535=ORIENTED_EDGE('',*,*,#4683,.F.);
#3536=SURFACE_STYLE_FILL_AREA(#4688);
#3537=ORIENTED_EDGE('',*,*,#4689,.T.);
#3538=ORIENTED_EDGE('',*,*,#4681,.F.);
#3539=ORIENTED_EDGE('',*,*,#4690,.T.);
#3540=ORIENTED_EDGE('',*,*,#4691,.F.);
#3541=SURFACE_STYLE_FILL_AREA(#4692);
#3542=ORIENTED_EDGE('',*,*,#4693,.F.);
#3543=ORIENTED_EDGE('',*,*,#4694,.T.);
#3544=ORIENTED_EDGE('',*,*,#4695,.T.);
#3545=ORIENTED_EDGE('',*,*,#4696,.T.);
#3546=CARTESIAN_POINT('',(0.00310638042476219,-0.0069999999999999,0.0120639759343718));
#3547=DIRECTION('',(-1.0,-1.21219995456425E-24,-3.49148336022966E-15));
#3548=DIRECTION('',(1.21220315253255E-24,-1.0,-9.15933995315754E-16));
#3549=SURFACE_STYLE_FILL_AREA(#4697);
#3550=ORIENTED_EDGE('',*,*,#4698,.F.);
#3551=ORIENTED_EDGE('',*,*,#4699,.F.);
#3552=ORIENTED_EDGE('',*,*,#4700,.T.);
#3553=ORIENTED_EDGE('',*,*,#4696,.F.);
#3554=SURFACE_STYLE_FILL_AREA(#4701);
#3555=ORIENTED_EDGE('',*,*,#4702,.T.);
#3556=ORIENTED_EDGE('',*,*,#4694,.F.);
#3557=ORIENTED_EDGE('',*,*,#4703,.T.);
#3558=ORIENTED_EDGE('',*,*,#4704,.F.);
#3559=SURFACE_STYLE_FILL_AREA(#4705);
#3560=ORIENTED_EDGE('',*,*,#4706,.F.);
#3561=ORIENTED_EDGE('',*,*,#4707,.T.);
#3562=ORIENTED_EDGE('',*,*,#4708,.T.);
#3563=ORIENTED_EDGE('',*,*,#4709,.T.);
#3564=CARTESIAN_POINT('',(0.00310638042476219,-0.00676148078402336,0.0102522426186541));
#3565=DIRECTION('',(-1.0,-1.5250931416043E-24,-3.49148336028322E-15));
#3566=DIRECTION('',(9.03662390772974E-16,-0.965925826289068,-0.258819045102522));
#3567=SURFACE_STYLE_FILL_AREA(#4710);
#3568=ORIENTED_EDGE('',*,*,#4711,.F.);
#3569=ORIENTED_EDGE('',*,*,#4712,.F.);
#3570=ORIENTED_EDGE('',*,*,#4713,.T.);
#3571=ORIENTED_EDGE('',*,*,#4709,.F.);
#3572=SURFACE_STYLE_FILL_AREA(#4714);
#3573=ORIENTED_EDGE('',*,*,#4715,.T.);
#3574=ORIENTED_EDGE('',*,*,#4707,.F.);
#3575=ORIENTED_EDGE('',*,*,#4716,.T.);
#3576=ORIENTED_EDGE('',*,*,#4717,.F.);
#3577=SURFACE_STYLE_FILL_AREA(#4718);
#3578=ORIENTED_EDGE('',*,*,#4719,.F.);
#3579=ORIENTED_EDGE('',*,*,#4720,.T.);
#3580=ORIENTED_EDGE('',*,*,#4721,.T.);
#3581=ORIENTED_EDGE('',*,*,#4722,.T.);
#3582=CARTESIAN_POINT('',(0.0031063804247622,-0.00606217782649093,0.00856397593437176));
#3583=DIRECTION('',(-1.0,-1.81346184224519E-24,-3.49148336041594E-15));
#3584=DIRECTION('',(1.74574168177848E-15,-0.866025403784438,-0.500000000000001));
#3585=SURFACE_STYLE_FILL_AREA(#4723);
#3586=ORIENTED_EDGE('',*,*,#4724,.F.);
#3587=ORIENTED_EDGE('',*,*,#4725,.F.);
#3588=ORIENTED_EDGE('',*,*,#4726,.T.);
#3589=ORIENTED_EDGE('',*,*,#4722,.F.);
#3590=SURFACE_STYLE_FILL_AREA(#4727);
#3591=ORIENTED_EDGE('',*,*,#4728,.T.);
#3592=ORIENTED_EDGE('',*,*,#4720,.F.);
#3593=ORIENTED_EDGE('',*,*,#4729,.T.);
#3594=ORIENTED_EDGE('',*,*,#4730,.F.);
#3595=SURFACE_STYLE_FILL_AREA(#4731);
#3596=ORIENTED_EDGE('',*,*,#4732,.F.);
#3597=ORIENTED_EDGE('',*,*,#4733,.T.);
#3598=ORIENTED_EDGE('',*,*,#4734,.T.);
#3599=ORIENTED_EDGE('',*,*,#4735,.T.);
#3600=CARTESIAN_POINT('',(0.0031063804247622,-0.00494974746830568,0.00711422846606593));
#3601=DIRECTION('',(-1.0,-2.05765414862852E-24,-3.49148336061877E-15));
#3602=DIRECTION('',(2.46885156214851E-15,-0.707106781186547,-0.707106781186548));
#3603=SURFACE_STYLE_FILL_AREA(#4736);
#3604=ORIENTED_EDGE('',*,*,#4737,.F.);
#3605=ORIENTED_EDGE('',*,*,#4738,.F.);
#3606=ORIENTED_EDGE('',*,*,#4739,.T.);
#3607=ORIENTED_EDGE('',*,*,#4735,.F.);
#3608=SURFACE_STYLE_FILL_AREA(#4740);
#3609=ORIENTED_EDGE('',*,*,#4741,.T.);
#3610=ORIENTED_EDGE('',*,*,#4733,.F.);
#3611=ORIENTED_EDGE('',*,*,#4742,.T.);
#3612=ORIENTED_EDGE('',*,*,#4743,.F.);
#3613=SURFACE_STYLE_FILL_AREA(#4744);
#3614=ORIENTED_EDGE('',*,*,#4745,.T.);
#3615=ORIENTED_EDGE('',*,*,#4743,.T.);
#3616=CARTESIAN_POINT('',(0.00270638042476219,1.50920942409982E-16,0.0120639759343718));
#3617=DIRECTION('',(1.0,2.05765452998672E-24,3.49148336061877E-15));
#3618=DIRECTION('',(-2.46885156214851E-15,0.707106781186547,0.707106781186548));
#3619=SURFACE_STYLE_FILL_AREA(#4746);
#3620=ORIENTED_EDGE('',*,*,#4747,.T.);
#3621=ORIENTED_EDGE('',*,*,#4748,.T.);
#3622=CARTESIAN_POINT('',(-0.00572047865493942,1.79218619098523E-16,0.0120639759343718));
#3623=DIRECTION('',(1.0,2.32677639995513E-24,3.49148336180463E-15));
#3624=DIRECTION('',(-3.37251395062346E-15,-0.258819045102523,0.965925826289068));
#3625=SURFACE_STYLE_FILL_AREA(#4749);
#3626=ORIENTED_EDGE('',*,*,#4750,.T.);
#3627=ORIENTED_EDGE('',*,*,#4751,.T.);
#3628=CARTESIAN_POINT('',(0.00270638042476219,1.79652299987155E-16,0.0120639759343718));
#3629=DIRECTION('',(1.0,2.32677639995513E-24,3.49148336180463E-15));
#3630=DIRECTION('',(-3.37251395062346E-15,-0.258819045102523,0.965925826289068));
#3631=SURFACE_STYLE_FILL_AREA(#4752);
#3632=ORIENTED_EDGE('',*,*,#4753,.F.);
#3633=ORIENTED_EDGE('',*,*,#4748,.F.);
#3634=ORIENTED_EDGE('',*,*,#4754,.T.);
#3635=ORIENTED_EDGE('',*,*,#4755,.F.);
#3636=SURFACE_STYLE_FILL_AREA(#4756);
#3637=ORIENTED_EDGE('',*,*,#4757,.T.);
#3638=ORIENTED_EDGE('',*,*,#4758,.F.);
#3639=ORIENTED_EDGE('',*,*,#4759,.T.);
#3640=ORIENTED_EDGE('',*,*,#4751,.F.);
#3641=SURFACE_STYLE_FILL_AREA(#4760);
#3642=ORIENTED_EDGE('',*,*,#4761,.F.);
#3643=ORIENTED_EDGE('',*,*,#4758,.T.);
#3644=ORIENTED_EDGE('',*,*,#4762,.T.);
#3645=ORIENTED_EDGE('',*,*,#4755,.T.);
#3646=CARTESIAN_POINT('',(0.00310638042476221,0.00181173331571783,0.00530249515034836));
#3647=DIRECTION('',(-1.0,-2.32677633920408E-24,-3.49148336180463E-15));
#3648=DIRECTION('',(3.37251395062346E-15,0.258819045102523,-0.965925826289068));
#3649=SURFACE_STYLE_FILL_AREA(#4763);
#3650=ORIENTED_EDGE('',*,*,#4764,.F.);
#3651=ORIENTED_EDGE('',*,*,#4765,.T.);
#3652=ORIENTED_EDGE('',*,*,#4766,.T.);
#3653=ORIENTED_EDGE('',*,*,#4767,.T.);
#3654=CARTESIAN_POINT('',(0.00310638042476221,0.00350000000000018,0.00600179810788079));
#3655=DIRECTION('',(-1.0,-2.19405794886065E-24,-3.491483362093E-15));
#3656=DIRECTION('',(3.02371328736621E-15,0.500000000000002,-0.866025403784438));
#3657=SURFACE_STYLE_FILL_AREA(#4768);
#3658=ORIENTED_EDGE('',*,*,#4769,.F.);
#3659=ORIENTED_EDGE('',*,*,#4770,.F.);
#3660=ORIENTED_EDGE('',*,*,#4771,.T.);
#3661=ORIENTED_EDGE('',*,*,#4767,.F.);
#3662=SURFACE_STYLE_FILL_AREA(#4772);
#3663=ORIENTED_EDGE('',*,*,#4773,.T.);
#3664=ORIENTED_EDGE('',*,*,#4765,.F.);
#3665=ORIENTED_EDGE('',*,*,#4774,.T.);
#3666=ORIENTED_EDGE('',*,*,#4775,.F.);
#3667=SURFACE_STYLE_FILL_AREA(#4776);
#3668=ORIENTED_EDGE('',*,*,#4777,.F.);
#3669=ORIENTED_EDGE('',*,*,#4778,.T.);
#3670=ORIENTED_EDGE('',*,*,#4779,.T.);
#3671=ORIENTED_EDGE('',*,*,#4780,.T.);
#3672=CARTESIAN_POINT('',(0.0031063804247622,0.00494974746830601,0.00711422846606604));
#3673=DIRECTION('',(-1.0,-1.99122611650762E-24,-3.49148336233719E-15));
#3674=DIRECTION('',(2.46885156050062E-15,0.707106781186549,-0.707106781186546));
#3675=SURFACE_STYLE_FILL_AREA(#4781);
#3676=ORIENTED_EDGE('',*,*,#4782,.F.);
#3677=ORIENTED_EDGE('',*,*,#4783,.F.);
#3678=ORIENTED_EDGE('',*,*,#4784,.T.);
#3679=ORIENTED_EDGE('',*,*,#4780,.F.);
#3680=SURFACE_STYLE_FILL_AREA(#4785);
#3681=ORIENTED_EDGE('',*,*,#4786,.T.);
#3682=ORIENTED_EDGE('',*,*,#4778,.F.);
#3683=ORIENTED_EDGE('',*,*,#4787,.T.);
#3684=ORIENTED_EDGE('',*,*,#4788,.F.);
#3685=SURFACE_STYLE_FILL_AREA(#4789);
#3686=ORIENTED_EDGE('',*,*,#4790,.F.);
#3687=ORIENTED_EDGE('',*,*,#4791,.T.);
#3688=ORIENTED_EDGE('',*,*,#4792,.T.);
#3689=ORIENTED_EDGE('',*,*,#4793,.T.);
#3690=CARTESIAN_POINT('',(0.0031063804247622,0.00606217782649123,0.00856397593437189));
#3691=DIRECTION('',(-1.0,-1.73210390339427E-24,-3.49148336252057E-15));
#3692=DIRECTION('',(1.74574167976023E-15,0.86602540378444,-0.499999999999998));
#3693=SURFACE_STYLE_FILL_AREA(#4794);
#3694=ORIENTED_EDGE('',*,*,#4795,.F.);
#3695=ORIENTED_EDGE('',*,*,#4796,.F.);
#3696=ORIENTED_EDGE('',*,*,#4797,.T.);
#3697=ORIENTED_EDGE('',*,*,#4793,.F.);
#3698=SURFACE_STYLE_FILL_AREA(#4798);
#3699=ORIENTED_EDGE('',*,*,#4799,.T.);
#3700=ORIENTED_EDGE('',*,*,#4791,.F.);
#3701=ORIENTED_EDGE('',*,*,#4800,.T.);
#3702=ORIENTED_EDGE('',*,*,#4801,.F.);
#3703=SURFACE_STYLE_FILL_AREA(#4802);
#3704=ORIENTED_EDGE('',*,*,#4803,.F.);
#3705=ORIENTED_EDGE('',*,*,#4804,.T.);
#3706=ORIENTED_EDGE('',*,*,#4805,.T.);
#3707=ORIENTED_EDGE('',*,*,#4806,.T.);
#3708=CARTESIAN_POINT('',(0.00310638042476219,0.00676148078402362,0.0102522426186543));
#3709=DIRECTION('',(-1.0,-1.43435005585641E-24,-3.49148336263063E-15));
#3710=DIRECTION('',(9.03662388521914E-16,0.965925826289069,-0.258819045102518));
#3711=SURFACE_STYLE_FILL_AREA(#4807);
#3712=ORIENTED_EDGE('',*,*,#4808,.F.);
#3713=ORIENTED_EDGE('',*,*,#4809,.F.);
#3714=ORIENTED_EDGE('',*,*,#4810,.T.);
#3715=ORIENTED_EDGE('',*,*,#4806,.F.);
#3716=SURFACE_STYLE_FILL_AREA(#4811);
#3717=ORIENTED_EDGE('',*,*,#4812,.T.);
#3718=ORIENTED_EDGE('',*,*,#4804,.F.);
#3719=ORIENTED_EDGE('',*,*,#4813,.T.);
#3720=ORIENTED_EDGE('',*,*,#4814,.F.);
#3721=SURFACE_STYLE_FILL_AREA(#4815);
#3722=ORIENTED_EDGE('',*,*,#4816,.F.);
#3723=ORIENTED_EDGE('',*,*,#4817,.T.);
#3724=ORIENTED_EDGE('',*,*,#4818,.T.);
#3725=ORIENTED_EDGE('',*,*,#4819,.T.);
#3726=CARTESIAN_POINT('',(0.00310638042476219,0.00700000000000012,0.0120639759343719));
#3727=DIRECTION('',(-1.0,-1.11825687594419E-24,-3.49148336265988E-15));
#3728=DIRECTION('',(-1.11826395023772E-24,1.0,2.02615701994091E-15));
#3729=SURFACE_STYLE_FILL_AREA(#4820);
#3730=ORIENTED_EDGE('',*,*,#4821,.F.);
#3731=ORIENTED_EDGE('',*,*,#4822,.F.);
#3732=ORIENTED_EDGE('',*,*,#4823,.T.);
#3733=ORIENTED_EDGE('',*,*,#4819,.F.);
#3734=SURFACE_STYLE_FILL_AREA(#4824);
#3735=ORIENTED_EDGE('',*,*,#4825,.T.);
#3736=ORIENTED_EDGE('',*,*,#4817,.F.);
#3737=ORIENTED_EDGE('',*,*,#4826,.T.);
#3738=ORIENTED_EDGE('',*,*,#4827,.F.);
#3739=SURFACE_STYLE_FILL_AREA(#4828);
#3740=ORIENTED_EDGE('',*,*,#4829,.F.);
#3741=ORIENTED_EDGE('',*,*,#4830,.T.);
#3742=ORIENTED_EDGE('',*,*,#4831,.T.);
#3743=ORIENTED_EDGE('',*,*,#4832,.T.);
#3744=CARTESIAN_POINT('',(0.00310638042476218,0.00676148078402358,0.0138757092500896));
#3745=DIRECTION('',(-1.0,-8.05362965115596E-25,-3.49148336260632E-15));
#3746=DIRECTION('',(-9.03662390679035E-16,0.965925826289068,0.258819045102523));
#3747=SURFACE_STYLE_FILL_AREA(#4833);
#3748=ORIENTED_EDGE('',*,*,#4834,.F.);
#3749=ORIENTED_EDGE('',*,*,#4835,.F.);
#3750=ORIENTED_EDGE('',*,*,#4836,.T.);
#3751=ORIENTED_EDGE('',*,*,#4832,.F.);
#3752=SURFACE_STYLE_FILL_AREA(#4837);
#3753=ORIENTED_EDGE('',*,*,#4838,.T.);
#3754=ORIENTED_EDGE('',*,*,#4830,.F.);
#3755=ORIENTED_EDGE('',*,*,#4839,.T.);
#3756=ORIENTED_EDGE('',*,*,#4840,.F.);
#3757=SURFACE_STYLE_FILL_AREA(#4841);
#3758=ORIENTED_EDGE('',*,*,#4842,.F.);
#3759=ORIENTED_EDGE('',*,*,#4843,.T.);
#3760=ORIENTED_EDGE('',*,*,#4844,.T.);
#3761=ORIENTED_EDGE('',*,*,#4845,.T.);
#3762=CARTESIAN_POINT('',(0.00310638042476217,0.00606217782649114,0.0155639759343719));
#3763=DIRECTION('',(-1.0,-5.16994452553794E-25,-3.4914833624736E-15));
#3764=DIRECTION('',(-1.74574168168454E-15,0.866025403784437,0.500000000000003));
#3765=SURFACE_STYLE_FILL_AREA(#4846);
#3766=ORIENTED_EDGE('',*,*,#4847,.F.);
#3767=ORIENTED_EDGE('',*,*,#4848,.F.);
#3768=ORIENTED_EDGE('',*,*,#4849,.T.);
#3769=ORIENTED_EDGE('',*,*,#4845,.F.);
#3770=SURFACE_STYLE_FILL_AREA(#4850);
#3771=ORIENTED_EDGE('',*,*,#4851,.T.);
#3772=ORIENTED_EDGE('',*,*,#4843,.F.);
#3773=ORIENTED_EDGE('',*,*,#4852,.T.);
#3774=ORIENTED_EDGE('',*,*,#4853,.F.);
#3775=SURFACE_STYLE_FILL_AREA(#4854);
#3776=ORIENTED_EDGE('',*,*,#4855,.F.);
#3777=ORIENTED_EDGE('',*,*,#4856,.T.);
#3778=ORIENTED_EDGE('',*,*,#4857,.T.);
#3779=ORIENTED_EDGE('',*,*,#4858,.T.);
#3780=CARTESIAN_POINT('',(0.00310638042476217,0.00494974746830589,0.0170137234026777));
#3781=DIRECTION('',(-1.0,-2.72801958091376E-25,-3.49148336227077E-15));
#3782=DIRECTION('',(-2.46885156205457E-15,0.707106781186546,0.70710678118655));
#3783=SURFACE_STYLE_FILL_AREA(#4859);
#3784=ORIENTED_EDGE('',*,*,#4860,.F.);
#3785=ORIENTED_EDGE('',*,*,#4861,.F.);
#3786=ORIENTED_EDGE('',*,*,#4862,.T.);
#3787=ORIENTED_EDGE('',*,*,#4858,.F.);
#3788=SURFACE_STYLE_FILL_AREA(#4863);
#3789=ORIENTED_EDGE('',*,*,#4864,.T.);
#3790=ORIENTED_EDGE('',*,*,#4856,.F.);
#3791=ORIENTED_EDGE('',*,*,#4865,.T.);
#3792=ORIENTED_EDGE('',*,*,#4866,.F.);
#3793=SURFACE_STYLE_FILL_AREA(#4867);
#3794=ORIENTED_EDGE('',*,*,#4868,.F.);
#3795=ORIENTED_EDGE('',*,*,#4869,.T.);
#3796=ORIENTED_EDGE('',*,*,#4870,.T.);
#3797=ORIENTED_EDGE('',*,*,#4871,.T.);
#3798=CARTESIAN_POINT('',(0.00310638042476217,0.00350000000000005,0.0181261537608629));
#3799=DIRECTION('',(-1.0,-8.94265320749641E-26,-3.49148336201164E-15));
#3800=DIRECTION('',(-3.0237132884375E-15,0.499999999999998,0.86602540378444));
#3801=SURFACE_STYLE_FILL_AREA(#4872);
#3802=ORIENTED_EDGE('',*,*,#4873,.F.);
#3803=ORIENTED_EDGE('',*,*,#4874,.F.);
#3804=ORIENTED_EDGE('',*,*,#4875,.T.);
#3805=ORIENTED_EDGE('',*,*,#4871,.F.);
#3806=SURFACE_STYLE_FILL_AREA(#4876);
#3807=ORIENTED_EDGE('',*,*,#4877,.T.);
#3808=ORIENTED_EDGE('',*,*,#4869,.F.);
#3809=ORIENTED_EDGE('',*,*,#4878,.T.);
#3810=ORIENTED_EDGE('',*,*,#4879,.F.);
#3811=SURFACE_STYLE_FILL_AREA(#4880);
#3812=ORIENTED_EDGE('',*,*,#4881,.F.);
#3813=ORIENTED_EDGE('',*,*,#4882,.T.);
#3814=ORIENTED_EDGE('',*,*,#4883,.T.);
#3815=ORIENTED_EDGE('',*,*,#4884,.T.);
#3816=CARTESIAN_POINT('',(0.00310638042476216,0.00181173331571768,0.0188254567183953));
#3817=DIRECTION('',(-1.0,2.06345337947864E-26,-3.49148336171389E-15));
#3818=DIRECTION('',(-3.37251395113269E-15,0.258819045102518,0.965925826289069));
#3819=SURFACE_STYLE_FILL_AREA(#4885);
#3820=ORIENTED_EDGE('',*,*,#4886,.F.);
#3821=ORIENTED_EDGE('',*,*,#4887,.F.);
#3822=ORIENTED_EDGE('',*,*,#4888,.T.);
#3823=ORIENTED_EDGE('',*,*,#4884,.F.);
#3824=SURFACE_STYLE_FILL_AREA(#4889);
#3825=ORIENTED_EDGE('',*,*,#4890,.T.);
#3826=ORIENTED_EDGE('',*,*,#4882,.F.);
#3827=ORIENTED_EDGE('',*,*,#4891,.T.);
#3828=ORIENTED_EDGE('',*,*,#4892,.F.);
#3829=SURFACE_STYLE_FILL_AREA(#4893);
#3830=ORIENTED_EDGE('',*,*,#4894,.T.);
#3831=ORIENTED_EDGE('',*,*,#4892,.T.);
#3832=CARTESIAN_POINT('',(0.00270638042476219,4.85722573273506E-17,0.0120639759343719));
#3833=DIRECTION('',(1.0,-2.06344319130923E-26,3.49148336171389E-15));
#3834=DIRECTION('',(3.37251395113269E-15,-0.258819045102518,-0.965925826289069));
#3835=SURFACE_STYLE_FILL_AREA(#4895);
#3836=ORIENTED_EDGE('',*,*,#4593,.F.);
#3837=ORIENTED_EDGE('',*,*,#4896,.T.);
#3838=ORIENTED_EDGE('',*,*,#4753,.T.);
#3839=ORIENTED_EDGE('',*,*,#4762,.F.);
#3840=ORIENTED_EDGE('',*,*,#4757,.F.);
#3841=ORIENTED_EDGE('',*,*,#4897,.T.);
#3842=ORIENTED_EDGE('',*,*,#4598,.F.);
#3843=ORIENTED_EDGE('',*,*,#4600,.T.);
#3844=CARTESIAN_POINT('',(-0.00515368857294925,4.00883753276515E-17,0.0120639759343718));
#3845=DIRECTION('',(1.0,0.0,3.49148336110938E-15));
#3846=DIRECTION('',(3.49148336110938E-15,0.0,-1.0));
#3847=SURFACE_STYLE_FILL_AREA(#4898);
#3848=ORIENTED_EDGE('',*,*,#4621,.F.);
#3849=ORIENTED_EDGE('',*,*,#4899,.T.);
#3850=ORIENTED_EDGE('',*,*,#4592,.T.);
#3851=ORIENTED_EDGE('',*,*,#4601,.F.);
#3852=ORIENTED_EDGE('',*,*,#4596,.F.);
#3853=ORIENTED_EDGE('',*,*,#4900,.T.);
#3854=ORIENTED_EDGE('',*,*,#4609,.F.);
#3855=ORIENTED_EDGE('',*,*,#4603,.T.);
#3856=CARTESIAN_POINT('',(-0.00515368857294925,4.00883753276515E-17,0.0120639759343718));
#3857=DIRECTION('',(1.0,0.0,3.49148336110938E-15));
#3858=DIRECTION('',(3.49148336110938E-15,0.0,-1.0));
#3859=SURFACE_STYLE_FILL_AREA(#4901);
#3860=ORIENTED_EDGE('',*,*,#4754,.F.);
#3861=ORIENTED_EDGE('',*,*,#4902,.T.);
#3862=ORIENTED_EDGE('',*,*,#4769,.T.);
#3863=ORIENTED_EDGE('',*,*,#4766,.F.);
#3864=ORIENTED_EDGE('',*,*,#4773,.F.);
#3865=ORIENTED_EDGE('',*,*,#4903,.T.);
#3866=ORIENTED_EDGE('',*,*,#4759,.F.);
#3867=ORIENTED_EDGE('',*,*,#4761,.T.);
#3868=CARTESIAN_POINT('',(-0.00515368857294925,4.00883753276515E-17,0.0120639759343718));
#3869=DIRECTION('',(1.0,0.0,3.49148336110938E-15));
#3870=DIRECTION('',(3.49148336110938E-15,0.0,-1.0));
#3871=SURFACE_STYLE_FILL_AREA(#4904);
#3872=ORIENTED_EDGE('',*,*,#4771,.F.);
#3873=ORIENTED_EDGE('',*,*,#4905,.T.);
#3874=ORIENTED_EDGE('',*,*,#4782,.T.);
#3875=ORIENTED_EDGE('',*,*,#4779,.F.);
#3876=ORIENTED_EDGE('',*,*,#4786,.F.);
#3877=ORIENTED_EDGE('',*,*,#4906,.T.);
#3878=ORIENTED_EDGE('',*,*,#4774,.F.);
#3879=ORIENTED_EDGE('',*,*,#4764,.T.);
#3880=CARTESIAN_POINT('',(-0.00515368857294925,4.00883753276515E-17,0.0120639759343718));
#3881=DIRECTION('',(1.0,0.0,3.49148336110938E-15));
#3882=DIRECTION('',(3.49148336110938E-15,0.0,-1.0));
#3883=SURFACE_STYLE_FILL_AREA(#4907);
#3884=ORIENTED_EDGE('',*,*,#4823,.F.);
#3885=ORIENTED_EDGE('',*,*,#4908,.T.);
#3886=ORIENTED_EDGE('',*,*,#4834,.T.);
#3887=ORIENTED_EDGE('',*,*,#4831,.F.);
#3888=ORIENTED_EDGE('',*,*,#4838,.F.);
#3889=ORIENTED_EDGE('',*,*,#4909,.T.);
#3890=ORIENTED_EDGE('',*,*,#4826,.F.);
#3891=ORIENTED_EDGE('',*,*,#4816,.T.);
#3892=CARTESIAN_POINT('',(-0.00515368857294925,4.00883753276515E-17,0.0120639759343718));
#3893=DIRECTION('',(1.0,0.0,3.49148336110938E-15));
#3894=DIRECTION('',(3.49148336110938E-15,0.0,-1.0));
#3895=SURFACE_STYLE_FILL_AREA(#4910);
#3896=ORIENTED_EDGE('',*,*,#4810,.F.);
#3897=ORIENTED_EDGE('',*,*,#4911,.T.);
#3898=ORIENTED_EDGE('',*,*,#4821,.T.);
#3899=ORIENTED_EDGE('',*,*,#4818,.F.);
#3900=ORIENTED_EDGE('',*,*,#4825,.F.);
#3901=ORIENTED_EDGE('',*,*,#4912,.T.);
#3902=ORIENTED_EDGE('',*,*,#4813,.F.);
#3903=ORIENTED_EDGE('',*,*,#4803,.T.);
#3904=CARTESIAN_POINT('',(-0.00515368857294925,4.00883753276515E-17,0.0120639759343718));
#3905=DIRECTION('',(1.0,0.0,3.49148336110938E-15));
#3906=DIRECTION('',(3.49148336110938E-15,0.0,-1.0));
#3907=SURFACE_STYLE_FILL_AREA(#4913);
#3908=ORIENTED_EDGE('',*,*,#4836,.F.);
#3909=ORIENTED_EDGE('',*,*,#4914,.T.);
#3910=ORIENTED_EDGE('',*,*,#4847,.T.);
#3911=ORIENTED_EDGE('',*,*,#4844,.F.);
#3912=ORIENTED_EDGE('',*,*,#4851,.F.);
#3913=ORIENTED_EDGE('',*,*,#4915,.T.);
#3914=ORIENTED_EDGE('',*,*,#4839,.F.);
#3915=ORIENTED_EDGE('',*,*,#4829,.T.);
#3916=CARTESIAN_POINT('',(-0.00515368857294925,4.00883753276515E-17,0.0120639759343718));
#3917=DIRECTION('',(1.0,0.0,3.49148336110938E-15));
#3918=DIRECTION('',(3.49148336110938E-15,0.0,-1.0));
#3919=SURFACE_STYLE_FILL_AREA(#4916);
#3920=ORIENTED_EDGE('',*,*,#4849,.F.);
#3921=ORIENTED_EDGE('',*,*,#4917,.T.);
#3922=ORIENTED_EDGE('',*,*,#4860,.T.);
#3923=ORIENTED_EDGE('',*,*,#4857,.F.);
#3924=ORIENTED_EDGE('',*,*,#4864,.F.);
#3925=ORIENTED_EDGE('',*,*,#4918,.T.);
#3926=ORIENTED_EDGE('',*,*,#4852,.F.);
#3927=ORIENTED_EDGE('',*,*,#4842,.T.);
#3928=CARTESIAN_POINT('',(-0.00515368857294925,4.00883753276515E-17,0.0120639759343718));
#3929=DIRECTION('',(1.0,0.0,3.49148336110938E-15));
#3930=DIRECTION('',(3.49148336110938E-15,0.0,-1.0));
#3931=SURFACE_STYLE_FILL_AREA(#4919);
#3932=ORIENTED_EDGE('',*,*,#4862,.F.);
#3933=ORIENTED_EDGE('',*,*,#4920,.T.);
#3934=ORIENTED_EDGE('',*,*,#4873,.T.);
#3935=ORIENTED_EDGE('',*,*,#4870,.F.);
#3936=ORIENTED_EDGE('',*,*,#4877,.F.);
#3937=ORIENTED_EDGE('',*,*,#4921,.T.);
#3938=ORIENTED_EDGE('',*,*,#4865,.F.);
#3939=ORIENTED_EDGE('',*,*,#4855,.T.);
#3940=CARTESIAN_POINT('',(-0.00515368857294925,4.00883753276515E-17,0.0120639759343718));
#3941=DIRECTION('',(1.0,0.0,3.49148336110938E-15));
#3942=DIRECTION('',(3.49148336110938E-15,0.0,-1.0));
#3943=SURFACE_STYLE_FILL_AREA(#4922);
#3944=ORIENTED_EDGE('',*,*,#4875,.F.);
#3945=ORIENTED_EDGE('',*,*,#4923,.T.);
#3946=ORIENTED_EDGE('',*,*,#4886,.T.);
#3947=ORIENTED_EDGE('',*,*,#4883,.F.);
#3948=ORIENTED_EDGE('',*,*,#4890,.F.);
#3949=ORIENTED_EDGE('',*,*,#4924,.T.);
#3950=ORIENTED_EDGE('',*,*,#4878,.F.);
#3951=ORIENTED_EDGE('',*,*,#4868,.T.);
#3952=CARTESIAN_POINT('',(-0.00515368857294925,4.00883753276515E-17,0.0120639759343718));
#3953=DIRECTION('',(1.0,0.0,3.49148336110938E-15));
#3954=DIRECTION('',(3.49148336110938E-15,0.0,-1.0));
#3955=SURFACE_STYLE_FILL_AREA(#4925);
#3956=ORIENTED_EDGE('',*,*,#4888,.F.);
#3957=ORIENTED_EDGE('',*,*,#4926,.T.);
#3958=ORIENTED_EDGE('',*,*,#4580,.T.);
#3959=ORIENTED_EDGE('',*,*,#4927,.F.);
#3960=ORIENTED_EDGE('',*,*,#4583,.F.);
#3961=ORIENTED_EDGE('',*,*,#4928,.T.);
#3962=ORIENTED_EDGE('',*,*,#4891,.F.);
#3963=ORIENTED_EDGE('',*,*,#4881,.T.);
#3964=CARTESIAN_POINT('',(-0.00515368857294925,4.00883753276515E-17,0.0120639759343718));
#3965=DIRECTION('',(1.0,0.0,3.49148336110938E-15));
#3966=DIRECTION('',(3.49148336110938E-15,0.0,-1.0));
#3967=SURFACE_STYLE_FILL_AREA(#4929);
#3968=ORIENTED_EDGE('',*,*,#4559,.F.);
#3969=ORIENTED_EDGE('',*,*,#4930,.T.);
#3970=ORIENTED_EDGE('',*,*,#4643,.T.);
#3971=ORIENTED_EDGE('',*,*,#4652,.F.);
#3972=ORIENTED_EDGE('',*,*,#4647,.F.);
#3973=ORIENTED_EDGE('',*,*,#4931,.T.);
#3974=ORIENTED_EDGE('',*,*,#4932,.F.);
#3975=ORIENTED_EDGE('',*,*,#4567,.T.);
#3976=CARTESIAN_POINT('',(-0.00515368857294925,4.00883753276515E-17,0.0120639759343718));
#3977=DIRECTION('',(1.0,0.0,3.49148336110938E-15));
#3978=DIRECTION('',(3.49148336110938E-15,0.0,-1.0));
#3979=SURFACE_STYLE_FILL_AREA(#4933);
#3980=ORIENTED_EDGE('',*,*,#4644,.F.);
#3981=ORIENTED_EDGE('',*,*,#4934,.T.);
#3982=ORIENTED_EDGE('',*,*,#4659,.T.);
#3983=ORIENTED_EDGE('',*,*,#4656,.F.);
#3984=ORIENTED_EDGE('',*,*,#4663,.F.);
#3985=ORIENTED_EDGE('',*,*,#4935,.T.);
#3986=ORIENTED_EDGE('',*,*,#4649,.F.);
#3987=ORIENTED_EDGE('',*,*,#4651,.T.);
#3988=CARTESIAN_POINT('',(-0.00515368857294925,4.00883753276515E-17,0.0120639759343718));
#3989=DIRECTION('',(1.0,0.0,3.49148336110938E-15));
#3990=DIRECTION('',(3.49148336110938E-15,0.0,-1.0));
#3991=SURFACE_STYLE_FILL_AREA(#4936);
#3992=ORIENTED_EDGE('',*,*,#4661,.F.);
#3993=ORIENTED_EDGE('',*,*,#4937,.T.);
#3994=ORIENTED_EDGE('',*,*,#4672,.T.);
#3995=ORIENTED_EDGE('',*,*,#4669,.F.);
#3996=ORIENTED_EDGE('',*,*,#4676,.F.);
#3997=ORIENTED_EDGE('',*,*,#4938,.T.);
#3998=ORIENTED_EDGE('',*,*,#4664,.F.);
#3999=ORIENTED_EDGE('',*,*,#4654,.T.);
#4000=CARTESIAN_POINT('',(-0.00515368857294925,4.00883753276515E-17,0.0120639759343718));
#4001=DIRECTION('',(1.0,0.0,3.49148336110938E-15));
#4002=DIRECTION('',(3.49148336110938E-15,0.0,-1.0));
#4003=SURFACE_STYLE_FILL_AREA(#4939);
#4004=ORIENTED_EDGE('',*,*,#4674,.F.);
#4005=ORIENTED_EDGE('',*,*,#4940,.T.);
#4006=ORIENTED_EDGE('',*,*,#4685,.T.);
#4007=ORIENTED_EDGE('',*,*,#4682,.F.);
#4008=ORIENTED_EDGE('',*,*,#4689,.F.);
#4009=ORIENTED_EDGE('',*,*,#4941,.T.);
#4010=ORIENTED_EDGE('',*,*,#4677,.F.);
#4011=ORIENTED_EDGE('',*,*,#4667,.T.);
#4012=CARTESIAN_POINT('',(-0.00515368857294925,4.00883753276515E-17,0.0120639759343718));
#4013=DIRECTION('',(1.0,0.0,3.49148336110938E-15));
#4014=DIRECTION('',(3.49148336110938E-15,0.0,-1.0));
#4015=SURFACE_STYLE_FILL_AREA(#4942);
#4016=ORIENTED_EDGE('',*,*,#4687,.F.);
#4017=ORIENTED_EDGE('',*,*,#4943,.T.);
#4018=ORIENTED_EDGE('',*,*,#4698,.T.);
#4019=ORIENTED_EDGE('',*,*,#4695,.F.);
#4020=ORIENTED_EDGE('',*,*,#4702,.F.);
#4021=ORIENTED_EDGE('',*,*,#4944,.T.);
#4022=ORIENTED_EDGE('',*,*,#4690,.F.);
#4023=ORIENTED_EDGE('',*,*,#4680,.T.);
#4024=CARTESIAN_POINT('',(-0.00515368857294925,4.00883753276515E-17,0.0120639759343718));
#4025=DIRECTION('',(1.0,0.0,3.49148336110938E-15));
#4026=DIRECTION('',(3.49148336110938E-15,0.0,-1.0));
#4027=SURFACE_STYLE_FILL_AREA(#4945);
#4028=ORIENTED_EDGE('',*,*,#4700,.F.);
#4029=ORIENTED_EDGE('',*,*,#4946,.T.);
#4030=ORIENTED_EDGE('',*,*,#4711,.T.);
#4031=ORIENTED_EDGE('',*,*,#4708,.F.);
#4032=ORIENTED_EDGE('',*,*,#4715,.F.);
#4033=ORIENTED_EDGE('',*,*,#4947,.T.);
#4034=ORIENTED_EDGE('',*,*,#4703,.F.);
#4035=ORIENTED_EDGE('',*,*,#4693,.T.);
#4036=CARTESIAN_POINT('',(-0.00515368857294925,4.00883753276515E-17,0.0120639759343718));
#4037=DIRECTION('',(1.0,0.0,3.49148336110938E-15));
#4038=DIRECTION('',(3.49148336110938E-15,0.0,-1.0));
#4039=SURFACE_STYLE_FILL_AREA(#4948);
#4040=ORIENTED_EDGE('',*,*,#4713,.F.);
#4041=ORIENTED_EDGE('',*,*,#4949,.T.);
#4042=ORIENTED_EDGE('',*,*,#4724,.T.);
#4043=ORIENTED_EDGE('',*,*,#4721,.F.);
#4044=ORIENTED_EDGE('',*,*,#4728,.F.);
#4045=ORIENTED_EDGE('',*,*,#4950,.T.);
#4046=ORIENTED_EDGE('',*,*,#4716,.F.);
#4047=ORIENTED_EDGE('',*,*,#4706,.T.);
#4048=CARTESIAN_POINT('',(-0.00515368857294925,4.00883753276515E-17,0.0120639759343718));
#4049=DIRECTION('',(1.0,0.0,3.49148336110938E-15));
#4050=DIRECTION('',(3.49148336110938E-15,0.0,-1.0));
#4051=SURFACE_STYLE_FILL_AREA(#4951);
#4052=ORIENTED_EDGE('',*,*,#4726,.F.);
#4053=ORIENTED_EDGE('',*,*,#4952,.T.);
#4054=ORIENTED_EDGE('',*,*,#4737,.T.);
#4055=ORIENTED_EDGE('',*,*,#4734,.F.);
#4056=ORIENTED_EDGE('',*,*,#4741,.F.);
#4057=ORIENTED_EDGE('',*,*,#4953,.T.);
#4058=ORIENTED_EDGE('',*,*,#4729,.F.);
#4059=ORIENTED_EDGE('',*,*,#4719,.T.);
#4060=CARTESIAN_POINT('',(-0.00515368857294925,4.00883753276515E-17,0.0120639759343718));
#4061=DIRECTION('',(1.0,0.0,3.49148336110938E-15));
#4062=DIRECTION('',(3.49148336110938E-15,0.0,-1.0));
#4063=SURFACE_STYLE_FILL_AREA(#4954);
#4064=ORIENTED_EDGE('',*,*,#4739,.F.);
#4065=ORIENTED_EDGE('',*,*,#4955,.T.);
#4066=ORIENTED_EDGE('',*,*,#4631,.T.);
#4067=ORIENTED_EDGE('',*,*,#4617,.F.);
#4068=ORIENTED_EDGE('',*,*,#4634,.F.);
#4069=ORIENTED_EDGE('',*,*,#4956,.T.);
#4070=ORIENTED_EDGE('',*,*,#4742,.F.);
#4071=ORIENTED_EDGE('',*,*,#4732,.T.);
#4072=CARTESIAN_POINT('',(-0.00515368857294925,4.00883753276515E-17,0.0120639759343718));
#4073=DIRECTION('',(1.0,0.0,3.49148336110938E-15));
#4074=DIRECTION('',(3.49148336110938E-15,0.0,-1.0));
#4075=SURFACE_STYLE_FILL_AREA(#4957);
#4076=ORIENTED_EDGE('',*,*,#4632,.F.);
#4077=ORIENTED_EDGE('',*,*,#4958,.T.);
#4078=ORIENTED_EDGE('',*,*,#4620,.T.);
#4079=ORIENTED_EDGE('',*,*,#4605,.F.);
#4080=ORIENTED_EDGE('',*,*,#4608,.F.);
#4081=ORIENTED_EDGE('',*,*,#4959,.T.);
#4082=ORIENTED_EDGE('',*,*,#4635,.F.);
#4083=ORIENTED_EDGE('',*,*,#4615,.T.);
#4084=CARTESIAN_POINT('',(-0.00515368857294925,4.00883753276515E-17,0.0120639759343718));
#4085=DIRECTION('',(1.0,0.0,3.49148336110938E-15));
#4086=DIRECTION('',(3.49148336110938E-15,0.0,-1.0));
#4087=SURFACE_STYLE_FILL_AREA(#4960);
#4088=ORIENTED_EDGE('',*,*,#4961,.T.);
#4089=ORIENTED_EDGE('',*,*,#4962,.F.);
#4090=CARTESIAN_POINT('',(0.00310638042476219,4.00883753276515E-17,0.0120639759343718));
#4091=DIRECTION('',(1.0,0.0,3.49148336110938E-15));
#4092=DIRECTION('',(3.49148336110938E-15,0.0,-1.0));
#4093=SURFACE_STYLE_FILL_AREA(#4963);
#4094=ORIENTED_EDGE('',*,*,#4964,.T.);
#4095=ORIENTED_EDGE('',*,*,#4965,.F.);
#4096=CARTESIAN_POINT('',(-0.00612047865493942,4.00883753276515E-17,0.0120639759343718));
#4097=DIRECTION('',(1.0,0.0,3.49148336110938E-15));
#4098=DIRECTION('',(3.49148336110938E-15,0.0,-1.0));
#4099=SURFACE_STYLE_FILL_AREA(#4966);
#4100=ORIENTED_EDGE('',*,*,#4967,.F.);
#4101=ORIENTED_EDGE('',*,*,#4962,.T.);
#4102=CARTESIAN_POINT('',(0.00434631143375631,4.00883753276515E-17,0.0120639759343718));
#4103=DIRECTION('',(-1.0,0.0,-3.49148336110938E-15));
#4104=DIRECTION('',(-3.49148336110938E-15,0.0,1.0));
#4105=SURFACE_STYLE_FILL_AREA(#4968);
#4106=ORIENTED_EDGE('',*,*,#4969,.F.);
#4107=ORIENTED_EDGE('',*,*,#4970,.F.);
#4108=ORIENTED_EDGE('',*,*,#4971,.F.);
#4109=ORIENTED_EDGE('',*,*,#4972,.F.);
#4110=ORIENTED_EDGE('',*,*,#4973,.F.);
#4111=ORIENTED_EDGE('',*,*,#4974,.F.);
#4112=ORIENTED_EDGE('',*,*,#4967,.T.);
#4113=CARTESIAN_POINT('',(0.00249631142705076,4.00883753276515E-17,0.0120639759343718));
#4114=DIRECTION('',(1.0,0.0,3.49148336110938E-15));
#4115=DIRECTION('',(3.49148336110938E-15,0.0,-1.0));
#4116=SURFACE_STYLE_FILL_AREA(#4975);
#4117=ORIENTED_EDGE('',*,*,#4976,.T.);
#4118=ORIENTED_EDGE('',*,*,#4969,.T.);
#4119=ORIENTED_EDGE('',*,*,#4977,.F.);
#4120=ORIENTED_EDGE('',*,*,#4978,.F.);
#4121=CARTESIAN_POINT('',(0.0043463114337563,-0.00206423048454128,0.0114639759343719));
#4122=DIRECTION('',(1.74574168055472E-15,-0.866025403784434,-0.500000000000007));
#4123=DIRECTION('',(-3.02371328761139E-15,-0.500000000000007,0.866025403784434));
#4124=SURFACE_STYLE_FILL_AREA(#4979);
#4125=ORIENTED_EDGE('',*,*,#4980,.T.);
#4126=ORIENTED_EDGE('',*,*,#4970,.T.);
#4127=ORIENTED_EDGE('',*,*,#4976,.F.);
#4128=ORIENTED_EDGE('',*,*,#4981,.F.);
#4129=CARTESIAN_POINT('',(0.00434631143375631,-0.00155173048454129,0.013551651973251));
#4130=DIRECTION('',(-1.74574168055467E-15,-0.866025403784442,0.499999999999995));
#4131=DIRECTION('',(-3.02371328761141E-15,0.499999999999995,0.866025403784442));
#4132=SURFACE_STYLE_FILL_AREA(#4982);
#4133=ORIENTED_EDGE('',*,*,#4983,.T.);
#4134=ORIENTED_EDGE('',*,*,#4971,.T.);
#4135=ORIENTED_EDGE('',*,*,#4980,.F.);
#4136=ORIENTED_EDGE('',*,*,#4984,.F.);
#4137=CARTESIAN_POINT('',(0.00434631143375631,0.000512500000000033,0.014151651973251));
#4138=DIRECTION('',(-3.49148336110938E-15,-3.59637793800069E-15,1.0));
#4139=DIRECTION('',(-1.25566937307903E-29,1.0,3.59637793800069E-15));
#4140=SURFACE_STYLE_FILL_AREA(#4985);
#4141=ORIENTED_EDGE('',*,*,#4986,.T.);
#4142=ORIENTED_EDGE('',*,*,#4972,.T.);
#4143=ORIENTED_EDGE('',*,*,#4983,.F.);
#4144=ORIENTED_EDGE('',*,*,#4987,.F.);
#4145=CARTESIAN_POINT('',(0.00434631143375631,0.00206423048454137,0.0126639759343719));
#4146=DIRECTION('',(-1.7457416805547E-15,0.866025403784437,0.500000000000003));
#4147=DIRECTION('',(3.0237132876114E-15,0.500000000000003,-0.866025403784437));
#4148=SURFACE_STYLE_FILL_AREA(#4988);
#4149=ORIENTED_EDGE('',*,*,#4989,.T.);
#4150=ORIENTED_EDGE('',*,*,#4973,.T.);
#4151=ORIENTED_EDGE('',*,*,#4986,.F.);
#4152=ORIENTED_EDGE('',*,*,#4990,.F.);
#4153=CARTESIAN_POINT('',(0.0043463114337563,0.00206423048454137,0.0114639759343719));
#4154=DIRECTION('',(1.74574168055467E-15,0.866025403784442,-0.499999999999995));
#4155=DIRECTION('',(3.02371328761141E-15,-0.499999999999995,-0.866025403784442));
#4156=SURFACE_STYLE_FILL_AREA(#4991);
#4157=ORIENTED_EDGE('',*,*,#4974,.T.);
#4158=ORIENTED_EDGE('',*,*,#4989,.F.);
#4159=ORIENTED_EDGE('',*,*,#4992,.F.);
#4160=ORIENTED_EDGE('',*,*,#4977,.T.);
#4161=CARTESIAN_POINT('',(0.0043463114337563,-0.000512499999999939,0.00997629989549287));
#4162=DIRECTION('',(3.49148336110938E-15,1.06833579922962E-14,-1.0));
#4163=DIRECTION('',(3.7300766670877E-29,-1.0,-1.06833579922962E-14));
#4164=SURFACE_STYLE_FILL_AREA(#4993);
#4165=ORIENTED_EDGE('',*,*,#4570,.F.);
#4166=ORIENTED_EDGE('',*,*,#4981,.T.);
#4167=ORIENTED_EDGE('',*,*,#4978,.T.);
#4168=ORIENTED_EDGE('',*,*,#4992,.T.);
#4169=ORIENTED_EDGE('',*,*,#4990,.T.);
#4170=ORIENTED_EDGE('',*,*,#4987,.T.);
#4171=ORIENTED_EDGE('',*,*,#4984,.T.);
#4172=CARTESIAN_POINT('',(0.00370638042476219,3.96546944586573E-17,0.0120639759343717));
#4173=DIRECTION('',(1.0,0.0,3.49148336110938E-15));
#4174=DIRECTION('',(3.49148336110938E-15,0.0,-1.0));
#4175=SURFACE_STYLE_FILL_AREA(#4994);
#4176=ORIENTED_EDGE('',*,*,#4995,.T.);
#4177=ORIENTED_EDGE('',*,*,#4996,.F.);
#4178=CARTESIAN_POINT('',(-0.00292047865493942,4.00883753276515E-17,0.0120639759343718));
#4179=DIRECTION('',(-1.0,0.0,-3.49148336110938E-15));
#4180=DIRECTION('',(-3.49148336110938E-15,0.0,1.0));
#4181=SURFACE_STYLE_FILL_AREA(#4997);
#4182=ORIENTED_EDGE('',*,*,#4998,.F.);
#4183=ORIENTED_EDGE('',*,*,#4999,.T.);
#4184=CARTESIAN_POINT('',(-0.00412047865493942,4.00883753276515E-17,0.0120639759343718));
#4185=DIRECTION('',(-1.0,0.0,-3.49148336110938E-15));
#4186=DIRECTION('',(-3.49148336110938E-15,0.0,1.0));
#4187=SURFACE_STYLE_FILL_AREA(#5000);
#4188=ORIENTED_EDGE('',*,*,#4998,.T.);
#4189=ORIENTED_EDGE('',*,*,#4995,.F.);
#4190=CARTESIAN_POINT('',(-0.00292047865493942,4.01425854362758E-17,0.0120639759343718));
#4191=DIRECTION('',(-1.0,0.0,-3.49148336110938E-15));
#4192=DIRECTION('',(-3.49148336110938E-15,0.0,1.0));
#4193=SURFACE_STYLE_FILL_AREA(#5001);
#4194=ORIENTED_EDGE('',*,*,#4552,.T.);
#4195=ORIENTED_EDGE('',*,*,#4568,.F.);
#4196=ORIENTED_EDGE('',*,*,#4932,.T.);
#4197=ORIENTED_EDGE('',*,*,#4565,.F.);
#4198=SURFACE_STYLE_FILL_AREA(#5002);
#4199=ORIENTED_EDGE('',*,*,#5003,.T.);
#4200=ORIENTED_EDGE('',*,*,#4660,.T.);
#4201=CARTESIAN_POINT('',(-0.00572047865493942,5.46437894932694E-17,0.0120639759343718));
#4202=DIRECTION('',(1.0,3.39229713552439E-25,3.49148336055234E-15));
#4203=DIRECTION('',(2.46885156040668E-15,0.707106781186548,-0.707106781186547));
#4204=SURFACE_STYLE_FILL_AREA(#5004);
#4205=ORIENTED_EDGE('',*,*,#5005,.T.);
#4206=ORIENTED_EDGE('',*,*,#4665,.T.);
#4207=CARTESIAN_POINT('',(0.00270638042476219,5.46437894932694E-17,0.0120639759343718));
#4208=DIRECTION('',(1.0,3.39229713552439E-25,3.49148336055234E-15));
#4209=DIRECTION('',(2.46885156040668E-15,0.707106781186548,-0.707106781186547));
#4210=SURFACE_STYLE_FILL_AREA(#5006);
#4211=ORIENTED_EDGE('',*,*,#5007,.T.);
#4212=ORIENTED_EDGE('',*,*,#4673,.T.);
#4213=CARTESIAN_POINT('',(-0.00572047865493942,6.59194920871187E-17,0.0120639759343717));
#4214=DIRECTION('',(1.0,5.98351982686269E-25,3.49148336036897E-15));
#4215=DIRECTION('',(1.74574167966629E-15,0.866025403784439,-0.5));
#4216=SURFACE_STYLE_FILL_AREA(#5008);
#4217=ORIENTED_EDGE('',*,*,#5009,.T.);
#4218=ORIENTED_EDGE('',*,*,#4678,.T.);
#4219=CARTESIAN_POINT('',(0.00270638042476219,6.59194920871187E-17,0.0120639759343718));
#4220=DIRECTION('',(1.0,5.98351982686269E-25,3.49148336036897E-15));
#4221=DIRECTION('',(1.74574167966629E-15,0.866025403784439,-0.5));
#4222=SURFACE_STYLE_FILL_AREA(#5010);
#4223=ORIENTED_EDGE('',*,*,#5011,.T.);
#4224=ORIENTED_EDGE('',*,*,#4686,.T.);
#4225=CARTESIAN_POINT('',(-0.00572047865493942,8.15320033709099E-17,0.0120639759343717));
#4226=DIRECTION('',(1.0,8.96106249462969E-25,3.49148336025891E-15));
#4227=DIRECTION('',(9.03662388427976E-16,0.965925826289068,-0.25881904510252));
#4228=SURFACE_STYLE_FILL_AREA(#5012);
#4229=ORIENTED_EDGE('',*,*,#5013,.T.);
#4230=ORIENTED_EDGE('',*,*,#4691,.T.);
#4231=CARTESIAN_POINT('',(0.00270638042476219,8.32667268468867E-17,0.0120639759343718));
#4232=DIRECTION('',(1.0,8.96106249462969E-25,3.49148336025891E-15));
#4233=DIRECTION('',(9.03662388427976E-16,0.965925826289068,-0.25881904510252));
#4234=SURFACE_STYLE_FILL_AREA(#5014);
#4235=ORIENTED_EDGE('',*,*,#5015,.T.);
#4236=ORIENTED_EDGE('',*,*,#4699,.T.);
#4237=CARTESIAN_POINT('',(-0.00572047865493942,9.71445146547012E-17,0.0120639759343717));
#4238=DIRECTION('',(1.0,1.21219995456425E-24,3.49148336022966E-15));
#4239=DIRECTION('',(-1.21220315253255E-24,1.0,9.15933995315754E-16));
#4240=SURFACE_STYLE_FILL_AREA(#5016);
#4241=ORIENTED_EDGE('',*,*,#5017,.T.);
#4242=ORIENTED_EDGE('',*,*,#4704,.T.);
#4243=CARTESIAN_POINT('',(0.00270638042476219,9.71445146547012E-17,0.0120639759343718));
#4244=DIRECTION('',(1.0,1.21219995456425E-24,3.49148336022966E-15));
#4245=DIRECTION('',(-1.21220315253255E-24,1.0,9.15933995315754E-16));
#4246=SURFACE_STYLE_FILL_AREA(#5018);
#4247=ORIENTED_EDGE('',*,*,#5019,.T.);
#4248=ORIENTED_EDGE('',*,*,#4712,.T.);
#4249=CARTESIAN_POINT('',(-0.00572047865493942,1.16226472890446E-16,0.0120639759343717));
#4250=DIRECTION('',(1.0,1.52509305375782E-24,3.49148336028322E-15));
#4251=DIRECTION('',(-9.03662390772974E-16,0.965925826289068,0.258819045102522));
#4252=SURFACE_STYLE_FILL_AREA(#5020);
#4253=ORIENTED_EDGE('',*,*,#5021,.T.);
#4254=ORIENTED_EDGE('',*,*,#4717,.T.);
#4255=CARTESIAN_POINT('',(0.00270638042476219,1.16226472890446E-16,0.0120639759343718));
#4256=DIRECTION('',(1.0,1.52509305375782E-24,3.49148336028322E-15));
#4257=DIRECTION('',(-9.03662390772974E-16,0.965925826289068,0.258819045102522));
#4258=SURFACE_STYLE_FILL_AREA(#5022);
#4259=ORIENTED_EDGE('',*,*,#5023,.T.);
#4260=ORIENTED_EDGE('',*,*,#4725,.T.);
#4261=CARTESIAN_POINT('',(-0.00572047865493942,1.35308431126191E-16,0.0120639759343717));
#4262=DIRECTION('',(1.0,1.81346204512988E-24,3.49148336041594E-15));
#4263=DIRECTION('',(-1.74574168177848E-15,0.866025403784438,0.500000000000001));
#4264=SURFACE_STYLE_FILL_AREA(#5024);
#4265=ORIENTED_EDGE('',*,*,#5025,.T.);
#4266=ORIENTED_EDGE('',*,*,#4730,.T.);
#4267=CARTESIAN_POINT('',(0.00270638042476219,1.35308431126191E-16,0.0120639759343718));
#4268=DIRECTION('',(1.0,1.81346204512988E-24,3.49148336041594E-15));
#4269=DIRECTION('',(-1.74574168177848E-15,0.866025403784438,0.500000000000001));
#4270=SURFACE_STYLE_FILL_AREA(#5026);
#4271=ORIENTED_EDGE('',*,*,#5027,.T.);
#4272=ORIENTED_EDGE('',*,*,#4738,.T.);
#4273=CARTESIAN_POINT('',(-0.00572047865493942,1.50920942409982E-16,0.0120639759343717));
#4274=DIRECTION('',(1.0,2.05765452998672E-24,3.49148336061877E-15));
#4275=DIRECTION('',(-2.46885156214851E-15,0.707106781186547,0.707106781186548));
#4276=SURFACE_STYLE_FILL_AREA(#5028);
#4277=ORIENTED_EDGE('',*,*,#5029,.T.);
#4278=ORIENTED_EDGE('',*,*,#4770,.T.);
#4279=CARTESIAN_POINT('',(-0.00572047865493942,1.74773390204663E-16,0.0120639759343718));
#4280=DIRECTION('',(1.0,2.19405765239984E-24,3.491483362093E-15));
#4281=DIRECTION('',(-3.02371328736621E-15,-0.500000000000002,0.866025403784438));
#4282=SURFACE_STYLE_FILL_AREA(#5030);
#4283=ORIENTED_EDGE('',*,*,#5031,.T.);
#4284=ORIENTED_EDGE('',*,*,#4775,.T.);
#4285=CARTESIAN_POINT('',(0.00270638042476219,1.75640751942652E-16,0.0120639759343718));
#4286=DIRECTION('',(1.0,2.19405765239984E-24,3.491483362093E-15));
#4287=DIRECTION('',(-3.02371328736621E-15,-0.500000000000002,0.866025403784438));
#4288=SURFACE_STYLE_FILL_AREA(#5032);
#4289=ORIENTED_EDGE('',*,*,#5033,.T.);
#4290=ORIENTED_EDGE('',*,*,#4783,.T.);
#4291=CARTESIAN_POINT('',(-0.00572047865493942,1.67400815431762E-16,0.0120639759343718));
#4292=DIRECTION('',(1.0,1.99122632809509E-24,3.49148336233719E-15));
#4293=DIRECTION('',(-2.46885156050062E-15,-0.707106781186549,0.707106781186546));
#4294=SURFACE_STYLE_FILL_AREA(#5034);
#4295=ORIENTED_EDGE('',*,*,#5035,.T.);
#4296=ORIENTED_EDGE('',*,*,#4788,.T.);
#4297=CARTESIAN_POINT('',(0.00270638042476219,1.67400815431762E-16,0.0120639759343719));
#4298=DIRECTION('',(1.0,1.99122632809509E-24,3.49148336233719E-15));
#4299=DIRECTION('',(-2.46885156050062E-15,-0.707106781186549,0.707106781186546));
#4300=SURFACE_STYLE_FILL_AREA(#5036);
#4301=ORIENTED_EDGE('',*,*,#5037,.T.);
#4302=ORIENTED_EDGE('',*,*,#4796,.T.);
#4303=CARTESIAN_POINT('',(-0.00572047865493942,1.56125112837913E-16,0.0120639759343719));
#4304=DIRECTION('',(1.0,1.73210386174604E-24,3.49148336252057E-15));
#4305=DIRECTION('',(-1.74574167976023E-15,-0.86602540378444,0.499999999999998));
#4306=SURFACE_STYLE_FILL_AREA(#5038);
#4307=ORIENTED_EDGE('',*,*,#5039,.T.);
#4308=ORIENTED_EDGE('',*,*,#4801,.T.);
#4309=CARTESIAN_POINT('',(0.00270638042476219,1.56125112837913E-16,0.0120639759343719));
#4310=DIRECTION('',(1.0,1.73210386174604E-24,3.49148336252057E-15));
#4311=DIRECTION('',(-1.74574167976023E-15,-0.86602540378444,0.499999999999998));
#4312=SURFACE_STYLE_FILL_AREA(#5040);
#4313=ORIENTED_EDGE('',*,*,#5041,.T.);
#4314=ORIENTED_EDGE('',*,*,#4809,.T.);
#4315=CARTESIAN_POINT('',(-0.00572047865493942,1.40512601554121E-16,0.0120639759343719));
#4316=DIRECTION('',(1.0,1.43434989079218E-24,3.49148336263063E-15));
#4317=DIRECTION('',(-9.03662388521915E-16,-0.965925826289069,0.258819045102519));
#4318=SURFACE_STYLE_FILL_AREA(#5042);
#4319=ORIENTED_EDGE('',*,*,#5043,.T.);
#4320=ORIENTED_EDGE('',*,*,#4814,.T.);
#4321=CARTESIAN_POINT('',(0.00270638042476219,1.38777878078145E-16,0.0120639759343719));
#4322=DIRECTION('',(1.0,1.43434989079218E-24,3.49148336263063E-15));
#4323=DIRECTION('',(-9.03662388521915E-16,-0.965925826289069,0.258819045102519));
#4324=SURFACE_STYLE_FILL_AREA(#5044);
#4325=ORIENTED_EDGE('',*,*,#5045,.T.);
#4326=ORIENTED_EDGE('',*,*,#4822,.T.);
#4327=CARTESIAN_POINT('',(-0.00572047865493942,1.23165366794353E-16,0.0120639759343719));
#4328=DIRECTION('',(1.0,1.11825687594419E-24,3.49148336265988E-15));
#4329=DIRECTION('',(1.11826395023772E-24,-1.0,-2.02615701994091E-15));
#4330=SURFACE_STYLE_FILL_AREA(#5046);
#4331=ORIENTED_EDGE('',*,*,#5047,.T.);
#4332=ORIENTED_EDGE('',*,*,#4827,.T.);
#4333=CARTESIAN_POINT('',(0.00270638042476219,1.2490009027033E-16,0.0120639759343719));
#4334=DIRECTION('',(1.0,1.11825687594419E-24,3.49148336265988E-15));
#4335=DIRECTION('',(1.11826395023772E-24,-1.0,-2.02615701994091E-15));
#4336=SURFACE_STYLE_FILL_AREA(#5048);
#4337=ORIENTED_EDGE('',*,*,#5049,.T.);
#4338=ORIENTED_EDGE('',*,*,#4835,.T.);
#4339=CARTESIAN_POINT('',(-0.00572047865493942,1.05818132034585E-16,0.0120639759343719));
#4340=DIRECTION('',(1.0,8.0536308649733E-25,3.49148336260632E-15));
#4341=DIRECTION('',(9.03662390679035E-16,-0.965925826289068,-0.258819045102523));
#4342=SURFACE_STYLE_FILL_AREA(#5050);
#4343=ORIENTED_EDGE('',*,*,#5051,.T.);
#4344=ORIENTED_EDGE('',*,*,#4840,.T.);
#4345=CARTESIAN_POINT('',(0.00270638042476219,1.05818132034585E-16,0.0120639759343719));
#4346=DIRECTION('',(1.0,8.0536308649733E-25,3.49148336260632E-15));
#4347=DIRECTION('',(9.03662390679035E-16,-0.965925826289068,-0.258819045102523));
#4348=SURFACE_STYLE_FILL_AREA(#5052);
#4349=ORIENTED_EDGE('',*,*,#5053,.T.);
#4350=ORIENTED_EDGE('',*,*,#4848,.T.);
#4351=CARTESIAN_POINT('',(-0.00572047865493942,8.67361737988404E-17,0.0120639759343719));
#4352=DIRECTION('',(1.0,5.16994588163337E-25,3.4914833624736E-15));
#4353=DIRECTION('',(1.74574168168454E-15,-0.866025403784437,-0.500000000000003));
#4354=SURFACE_STYLE_FILL_AREA(#5054);
#4355=ORIENTED_EDGE('',*,*,#5055,.T.);
#4356=ORIENTED_EDGE('',*,*,#4853,.T.);
#4357=CARTESIAN_POINT('',(0.00270638042476219,8.67361737988404E-17,0.0120639759343719));
#4358=DIRECTION('',(1.0,5.16994588163337E-25,3.4914833624736E-15));
#4359=DIRECTION('',(1.74574168168454E-15,-0.866025403784437,-0.500000000000003));
#4360=SURFACE_STYLE_FILL_AREA(#5056);
#4361=ORIENTED_EDGE('',*,*,#5057,.T.);
#4362=ORIENTED_EDGE('',*,*,#4861,.T.);
#4363=CARTESIAN_POINT('',(-0.00572047865493942,7.11236625150491E-17,0.0120639759343719));
#4364=DIRECTION('',(1.0,2.72802103306494E-25,3.49148336227077E-15));
#4365=DIRECTION('',(2.46885156205457E-15,-0.707106781186546,-0.70710678118655));
#4366=SURFACE_STYLE_FILL_AREA(#5058);
#4367=ORIENTED_EDGE('',*,*,#5059,.T.);
#4368=ORIENTED_EDGE('',*,*,#4866,.T.);
#4369=CARTESIAN_POINT('',(0.00270638042476219,6.93889390390723E-17,0.0120639759343719));
#4370=DIRECTION('',(1.0,2.72802103306494E-25,3.49148336227077E-15));
#4371=DIRECTION('',(2.46885156205457E-15,-0.707106781186546,-0.70710678118655));
#4372=SURFACE_STYLE_FILL_AREA(#5060);
#4373=ORIENTED_EDGE('',*,*,#5061,.T.);
#4374=ORIENTED_EDGE('',*,*,#4874,.T.);
#4375=CARTESIAN_POINT('',(-0.00572047865493942,5.89805981832114E-17,0.0120639759343718));
#4376=DIRECTION('',(1.0,8.94264555072117E-26,3.49148336201164E-15));
#4377=DIRECTION('',(3.0237132884375E-15,-0.499999999999998,-0.86602540378444));
#4378=SURFACE_STYLE_FILL_AREA(#5062);
#4379=ORIENTED_EDGE('',*,*,#5063,.T.);
#4380=ORIENTED_EDGE('',*,*,#4879,.T.);
#4381=CARTESIAN_POINT('',(0.00270638042476219,5.89805981832114E-17,0.0120639759343719));
#4382=DIRECTION('',(1.0,8.94264555072117E-26,3.49148336201164E-15));
#4383=DIRECTION('',(3.0237132884375E-15,-0.499999999999998,-0.86602540378444));
#4384=SURFACE_STYLE_FILL_AREA(#5064);
#4385=ORIENTED_EDGE('',*,*,#5065,.T.);
#4386=ORIENTED_EDGE('',*,*,#4887,.T.);
#4387=CARTESIAN_POINT('',(-0.00572047865493942,4.9439619065339E-17,0.0120639759343718));
#4388=DIRECTION('',(1.0,-2.06344319130923E-26,3.49148336171389E-15));
#4389=DIRECTION('',(3.37251395113269E-15,-0.258819045102518,-0.965925826289069));
#4390=SURFACE_STYLE_FILL_AREA(#5066);
#4391=ORIENTED_EDGE('',*,*,#4555,.F.);
#4392=ORIENTED_EDGE('',*,*,#4584,.T.);
#4393=ORIENTED_EDGE('',*,*,#4927,.T.);
#4394=ORIENTED_EDGE('',*,*,#4581,.T.);
#4395=CARTESIAN_POINT('',(0.00310638042476216,2.03830008427275E-17,0.0190639759343718));
#4396=DIRECTION('',(-1.0,4.9881252758935E-26,-3.4914833613978E-15));
#4397=DIRECTION('',(-3.4914833613978E-15,-3.7470027081099E-15,1.0));
#4398=SURFACE_STYLE_FILL_AREA(#5067);
#4399=ORIENTED_EDGE('',*,*,#5068,.T.);
#4400=CARTESIAN_POINT('',(-0.00132499999999997,4.01425854362758E-17,0.0120639759343718));
#4401=DIRECTION('',(-1.0,0.0,-3.49148336110938E-15));
#4402=DIRECTION('',(-3.49148336110938E-15,0.0,1.0));
#4403=SURFACE_STYLE_FILL_AREA(#5069);
#4404=ORIENTED_EDGE('',*,*,#5068,.F.);
#4405=ORIENTED_EDGE('',*,*,#4996,.T.);
#4406=CARTESIAN_POINT('',(-0.00505368857294925,4.00883753276515E-17,0.0120639759343718));
#4407=DIRECTION('',(1.0,-0.0,3.49148336110938E-15));
#4408=DIRECTION('',(3.49148336110938E-15,0.0,-1.0));
#4409=SURFACE_STYLE_FILL_AREA(#5070);
#4410=ORIENTED_EDGE('',*,*,#4999,.F.);
#4411=ORIENTED_EDGE('',*,*,#4965,.T.);
#4412=CARTESIAN_POINT('',(-0.00505368857294925,4.00883753276515E-17,0.0120639759343718));
#4413=DIRECTION('',(1.0,-0.0,3.49148336110938E-15));
#4414=DIRECTION('',(3.49148336110938E-15,0.0,-1.0));
#4415=SURFACE_STYLE_FILL_AREA(#5071);
#4416=ORIENTED_EDGE('',*,*,#4896,.F.);
#4417=ORIENTED_EDGE('',*,*,#4586,.F.);
#4418=ORIENTED_EDGE('',*,*,#4899,.F.);
#4419=ORIENTED_EDGE('',*,*,#4612,.F.);
#4420=ORIENTED_EDGE('',*,*,#4958,.F.);
#4421=ORIENTED_EDGE('',*,*,#4625,.F.);
#4422=ORIENTED_EDGE('',*,*,#4955,.F.);
#4423=ORIENTED_EDGE('',*,*,#5027,.F.);
#4424=ORIENTED_EDGE('',*,*,#4952,.F.);
#4425=ORIENTED_EDGE('',*,*,#5023,.F.);
#4426=ORIENTED_EDGE('',*,*,#4949,.F.);
#4427=ORIENTED_EDGE('',*,*,#5019,.F.);
#4428=ORIENTED_EDGE('',*,*,#4946,.F.);
#4429=ORIENTED_EDGE('',*,*,#5015,.F.);
#4430=ORIENTED_EDGE('',*,*,#4943,.F.);
#4431=ORIENTED_EDGE('',*,*,#5011,.F.);
#4432=ORIENTED_EDGE('',*,*,#4940,.F.);
#4433=ORIENTED_EDGE('',*,*,#5007,.F.);
#4434=ORIENTED_EDGE('',*,*,#4937,.F.);
#4435=ORIENTED_EDGE('',*,*,#5003,.F.);
#4436=ORIENTED_EDGE('',*,*,#4934,.F.);
#4437=ORIENTED_EDGE('',*,*,#4637,.F.);
#4438=ORIENTED_EDGE('',*,*,#4930,.F.);
#4439=ORIENTED_EDGE('',*,*,#4562,.F.);
#4440=ORIENTED_EDGE('',*,*,#4549,.F.);
#4441=ORIENTED_EDGE('',*,*,#4574,.F.);
#4442=ORIENTED_EDGE('',*,*,#4926,.F.);
#4443=ORIENTED_EDGE('',*,*,#5065,.F.);
#4444=ORIENTED_EDGE('',*,*,#4923,.F.);
#4445=ORIENTED_EDGE('',*,*,#5061,.F.);
#4446=ORIENTED_EDGE('',*,*,#4920,.F.);
#4447=ORIENTED_EDGE('',*,*,#5057,.F.);
#4448=ORIENTED_EDGE('',*,*,#4917,.F.);
#4449=ORIENTED_EDGE('',*,*,#5053,.F.);
#4450=ORIENTED_EDGE('',*,*,#4914,.F.);
#4451=ORIENTED_EDGE('',*,*,#5049,.F.);
#4452=ORIENTED_EDGE('',*,*,#4908,.F.);
#4453=ORIENTED_EDGE('',*,*,#5045,.F.);
#4454=ORIENTED_EDGE('',*,*,#4911,.F.);
#4455=ORIENTED_EDGE('',*,*,#5041,.F.);
#4456=ORIENTED_EDGE('',*,*,#5072,.F.);
#4457=ORIENTED_EDGE('',*,*,#5037,.F.);
#4458=ORIENTED_EDGE('',*,*,#5073,.F.);
#4459=ORIENTED_EDGE('',*,*,#5033,.F.);
#4460=ORIENTED_EDGE('',*,*,#4905,.F.);
#4461=ORIENTED_EDGE('',*,*,#5029,.F.);
#4462=ORIENTED_EDGE('',*,*,#4902,.F.);
#4463=ORIENTED_EDGE('',*,*,#4747,.F.);
#4464=ORIENTED_EDGE('',*,*,#4964,.F.);
#4465=CARTESIAN_POINT('',(-0.00572047865493942,4.00883753276515E-17,0.0120639759343718));
#4466=DIRECTION('',(1.0,0.0,3.49148336110938E-15));
#4467=DIRECTION('',(3.49148336110938E-15,0.0,-1.0));
#4468=SURFACE_STYLE_FILL_AREA(#5074);
#4469=ORIENTED_EDGE('',*,*,#4900,.F.);
#4470=ORIENTED_EDGE('',*,*,#4589,.F.);
#4471=ORIENTED_EDGE('',*,*,#4897,.F.);
#4472=ORIENTED_EDGE('',*,*,#4750,.F.);
#4473=ORIENTED_EDGE('',*,*,#4903,.F.);
#4474=ORIENTED_EDGE('',*,*,#5031,.F.);
#4475=ORIENTED_EDGE('',*,*,#4906,.F.);
#4476=ORIENTED_EDGE('',*,*,#5035,.F.);
#4477=ORIENTED_EDGE('',*,*,#5075,.F.);
#4478=ORIENTED_EDGE('',*,*,#5039,.F.);
#4479=ORIENTED_EDGE('',*,*,#5076,.F.);
#4480=ORIENTED_EDGE('',*,*,#5043,.F.);
#4481=ORIENTED_EDGE('',*,*,#4912,.F.);
#4482=ORIENTED_EDGE('',*,*,#5047,.F.);
#4483=ORIENTED_EDGE('',*,*,#4909,.F.);
#4484=ORIENTED_EDGE('',*,*,#5051,.F.);
#4485=ORIENTED_EDGE('',*,*,#4915,.F.);
#4486=ORIENTED_EDGE('',*,*,#5055,.F.);
#4487=ORIENTED_EDGE('',*,*,#4918,.F.);
#4488=ORIENTED_EDGE('',*,*,#5059,.F.);
#4489=ORIENTED_EDGE('',*,*,#4921,.F.);
#4490=ORIENTED_EDGE('',*,*,#5063,.F.);
#4491=ORIENTED_EDGE('',*,*,#4924,.F.);
#4492=ORIENTED_EDGE('',*,*,#4894,.F.);
#4493=ORIENTED_EDGE('',*,*,#4928,.F.);
#4494=ORIENTED_EDGE('',*,*,#4577,.F.);
#4495=ORIENTED_EDGE('',*,*,#4553,.F.);
#4496=ORIENTED_EDGE('',*,*,#4564,.F.);
#4497=ORIENTED_EDGE('',*,*,#4931,.F.);
#4498=ORIENTED_EDGE('',*,*,#4640,.F.);
#4499=ORIENTED_EDGE('',*,*,#4935,.F.);
#4500=ORIENTED_EDGE('',*,*,#5005,.F.);
#4501=ORIENTED_EDGE('',*,*,#4938,.F.);
#4502=ORIENTED_EDGE('',*,*,#5009,.F.);
#4503=ORIENTED_EDGE('',*,*,#4941,.F.);
#4504=ORIENTED_EDGE('',*,*,#5013,.F.);
#4505=ORIENTED_EDGE('',*,*,#4944,.F.);
#4506=ORIENTED_EDGE('',*,*,#5017,.F.);
#4507=ORIENTED_EDGE('',*,*,#4947,.F.);
#4508=ORIENTED_EDGE('',*,*,#5021,.F.);
#4509=ORIENTED_EDGE('',*,*,#4950,.F.);
#4510=ORIENTED_EDGE('',*,*,#5025,.F.);
#4511=ORIENTED_EDGE('',*,*,#4953,.F.);
#4512=ORIENTED_EDGE('',*,*,#4745,.F.);
#4513=ORIENTED_EDGE('',*,*,#4956,.F.);
#4514=ORIENTED_EDGE('',*,*,#4628,.F.);
#4515=ORIENTED_EDGE('',*,*,#4959,.F.);
#4516=ORIENTED_EDGE('',*,*,#4623,.F.);
#4517=ORIENTED_EDGE('',*,*,#4961,.F.);
#4518=CARTESIAN_POINT('',(0.00270638042476219,4.00883753276515E-17,0.0120639759343718));
#4519=DIRECTION('',(1.0,0.0,3.49148336110938E-15));
#4520=DIRECTION('',(3.49148336110938E-15,0.0,-1.0));
#4521=SURFACE_STYLE_FILL_AREA(#5077);
#4522=ORIENTED_EDGE('',*,*,#4784,.F.);
#4523=ORIENTED_EDGE('',*,*,#5073,.T.);
#4524=ORIENTED_EDGE('',*,*,#4795,.T.);
#4525=ORIENTED_EDGE('',*,*,#4792,.F.);
#4526=ORIENTED_EDGE('',*,*,#4799,.F.);
#4527=ORIENTED_EDGE('',*,*,#5075,.T.);
#4528=ORIENTED_EDGE('',*,*,#4787,.F.);
#4529=ORIENTED_EDGE('',*,*,#4777,.T.);
#4530=CARTESIAN_POINT('',(-0.00515368857294925,4.00883753276515E-17,0.0120639759343718));
#4531=DIRECTION('',(1.0,0.0,3.49148336110938E-15));
#4532=DIRECTION('',(3.49148336110938E-15,0.0,-1.0));
#4533=SURFACE_STYLE_FILL_AREA(#5078);
#4534=ORIENTED_EDGE('',*,*,#4797,.F.);
#4535=ORIENTED_EDGE('',*,*,#5072,.T.);
#4536=ORIENTED_EDGE('',*,*,#4808,.T.);
#4537=ORIENTED_EDGE('',*,*,#4805,.F.);
#4538=ORIENTED_EDGE('',*,*,#4812,.F.);
#4539=ORIENTED_EDGE('',*,*,#5076,.T.);
#4540=ORIENTED_EDGE('',*,*,#4800,.F.);
#4541=ORIENTED_EDGE('',*,*,#4790,.T.);
#4542=CARTESIAN_POINT('',(-0.00515368857294925,4.00883753276515E-17,0.0120639759343718));
#4543=DIRECTION('',(1.0,0.0,3.49148336110938E-15));
#4544=DIRECTION('',(3.49148336110938E-15,0.0,-1.0));
#4545=SURFACE_STYLE_FILL_AREA(#5079);
#4548=FILL_AREA_STYLE('',(#5080));
#4549=EDGE_CURVE('631:1304',#5081,#5082,#5083,.T.);
#4550=EDGE_CURVE('631:653',#5082,#5084,#5085,.T.);
#4551=EDGE_CURVE('631:656',#5086,#5084,#5087,.T.);
#4552=EDGE_CURVE('631:659',#5088,#5086,#5089,.T.);
#4553=EDGE_CURVE('631:1151',#5088,#5090,#5091,.F.);
#4554=EDGE_CURVE('631:1082',#5092,#5090,#5093,.F.);
#4555=EDGE_CURVE('631:1079',#5092,#5094,#5095,.T.);
#4556=EDGE_CURVE('631:1076',#5081,#5094,#5096,.T.);
#4557=FILL_AREA_STYLE('',(#5097));
#4558=EDGE_CURVE('631:1547',#5098,#5082,#5099,.F.);
#4559=EDGE_CURVE('631:662',#5098,#5100,#5101,.T.);
#4560=EDGE_CURVE('631:1550',#5084,#5100,#5102,.T.);
#4561=FILL_AREA_STYLE('',(#5103));
#4562=EDGE_CURVE('631:1307',#5082,#5098,#5104,.T.);
#4563=FILL_AREA_STYLE('',(#5105));
#4564=EDGE_CURVE('631:1148',#5106,#5088,#5107,.F.);
#4565=EDGE_CURVE('631:1544',#5088,#5106,#5108,.T.);
#4566=FILL_AREA_STYLE('',(#5109));
#4567=EDGE_CURVE('631:665',#5110,#5100,#5111,.T.);
#4568=EDGE_CURVE('631:1541',#5110,#5086,#5112,.F.);
#4569=FILL_AREA_STYLE('',(#5113));
#4570=EDGE_CURVE('631:2781',#5114,#5114,#5115,.T.);
#4571=EDGE_CURVE('631:2784',#5116,#5116,#5117,.T.);
#4572=FILL_AREA_STYLE('',(#5118));
#4573=FILL_AREA_STYLE('',(#5119));
#4574=EDGE_CURVE('631:1301',#5120,#5081,#5121,.T.);
#4575=EDGE_CURVE('631:1823',#5081,#5120,#5122,.F.);
#4576=FILL_AREA_STYLE('',(#5123));
#4577=EDGE_CURVE('631:1154',#5090,#5124,#5125,.F.);
#4578=EDGE_CURVE('631:1820',#5124,#5090,#5126,.T.);
#4579=FILL_AREA_STYLE('',(#5127));
#4580=EDGE_CURVE('631:1067',#5120,#5128,#5129,.T.);
#4581=EDGE_CURVE('631:1826',#5128,#5094,#5130,.T.);
#4582=FILL_AREA_STYLE('',(#5131));
#4583=EDGE_CURVE('631:1073',#5124,#5132,#5133,.T.);
#4584=EDGE_CURVE('631:1817',#5092,#5132,#5134,.F.);
#4585=FILL_AREA_STYLE('',(#5135));
#4586=EDGE_CURVE('631:1373',#5136,#5137,#5138,.T.);
#4587=EDGE_CURVE('631:1679',#5137,#5136,#5139,.F.);
#4588=FILL_AREA_STYLE('',(#5140));
#4589=EDGE_CURVE('631:1226',#5141,#5142,#5143,.F.);
#4590=EDGE_CURVE('631:1676',#5142,#5141,#5144,.T.);
#4591=FILL_AREA_STYLE('',(#5145));
#4592=EDGE_CURVE('631:851',#5136,#5146,#5147,.T.);
#4593=EDGE_CURVE('631:860',#5137,#5148,#5149,.T.);
#4594=EDGE_CURVE('631:1682',#5146,#5148,#5150,.T.);
#4595=FILL_AREA_STYLE('',(#5151));
#4596=EDGE_CURVE('631:857',#5142,#5152,#5153,.T.);
#4597=EDGE_CURVE('631:1673',#5154,#5152,#5155,.F.);
#4598=EDGE_CURVE('631:866',#5154,#5141,#5156,.F.);
#4599=FILL_AREA_STYLE('',(#5157));
#4600=EDGE_CURVE('631:863',#5154,#5148,#5158,.T.);
#4601=EDGE_CURVE('631:854',#5152,#5146,#5159,.T.);
#4602=FILL_AREA_STYLE('',(#5160));
#4603=EDGE_CURVE('631:845',#5161,#5162,#5163,.T.);
#4604=EDGE_CURVE('631:1661',#5161,#5164,#5165,.F.);
#4605=EDGE_CURVE('631:836',#5164,#5166,#5167,.T.);
#4606=EDGE_CURVE('631:1670',#5166,#5162,#5168,.T.);
#4607=FILL_AREA_STYLE('',(#5169));
#4608=EDGE_CURVE('631:839',#5170,#5164,#5171,.T.);
#4609=EDGE_CURVE('631:848',#5161,#5172,#5173,.F.);
#4610=EDGE_CURVE('631:1664',#5170,#5172,#5174,.T.);
#4611=FILL_AREA_STYLE('',(#5175));
#4612=EDGE_CURVE('631:1367',#5176,#5177,#5178,.T.);
#4613=EDGE_CURVE('631:1667',#5177,#5176,#5179,.F.);
#4614=FILL_AREA_STYLE('',(#5180));
#4615=EDGE_CURVE('631:827',#5181,#5182,#5183,.T.);
#4616=EDGE_CURVE('631:1649',#5181,#5184,#5185,.F.);
#4617=EDGE_CURVE('631:818',#5184,#5186,#5187,.T.);
#4618=EDGE_CURVE('631:1658',#5186,#5182,#5188,.T.);
#4619=FILL_AREA_STYLE('',(#5189));
#4620=EDGE_CURVE('631:833',#5176,#5166,#5190,.T.);
#4621=EDGE_CURVE('631:842',#5177,#5162,#5191,.T.);
#4622=FILL_AREA_STYLE('',(#5192));
#4623=EDGE_CURVE('631:1088',#5172,#5170,#5193,.F.);
#4624=FILL_AREA_STYLE('',(#5194));
#4625=EDGE_CURVE('631:1361',#5195,#5196,#5197,.T.);
#4626=EDGE_CURVE('631:1655',#5196,#5195,#5198,.F.);
#4627=FILL_AREA_STYLE('',(#5199));
#4628=EDGE_CURVE('631:1094',#5200,#5201,#5202,.F.);
#4629=EDGE_CURVE('631:1652',#5201,#5200,#5203,.T.);
#4630=FILL_AREA_STYLE('',(#5204));
#4631=EDGE_CURVE('631:815',#5195,#5186,#5205,.T.);
#4632=EDGE_CURVE('631:824',#5196,#5182,#5206,.T.);
#4633=FILL_AREA_STYLE('',(#5207));
#4634=EDGE_CURVE('631:821',#5201,#5184,#5208,.T.);
#4635=EDGE_CURVE('631:830',#5181,#5200,#5209,.F.);
#4636=FILL_AREA_STYLE('',(#5210));
#4637=EDGE_CURVE('631:1313',#5211,#5212,#5213,.T.);
#4638=EDGE_CURVE('631:1559',#5212,#5211,#5214,.F.);
#4639=FILL_AREA_STYLE('',(#5215));
#4640=EDGE_CURVE('631:1142',#5216,#5217,#5218,.F.);
#4641=EDGE_CURVE('631:1556',#5217,#5216,#5219,.T.);
#4642=FILL_AREA_STYLE('',(#5220));
#4643=EDGE_CURVE('631:671',#5211,#5221,#5222,.T.);
#4644=EDGE_CURVE('631:680',#5212,#5223,#5224,.T.);
#4645=EDGE_CURVE('631:1562',#5221,#5223,#5225,.T.);
#4646=FILL_AREA_STYLE('',(#5226));
#4647=EDGE_CURVE('631:677',#5217,#5227,#5228,.T.);
#4648=EDGE_CURVE('631:1553',#5229,#5227,#5230,.F.);
#4649=EDGE_CURVE('631:686',#5229,#5216,#5231,.F.);
#4650=FILL_AREA_STYLE('',(#5232));
#4651=EDGE_CURVE('631:683',#5229,#5223,#5233,.T.);
#4652=EDGE_CURVE('631:674',#5227,#5221,#5234,.T.);
#4653=FILL_AREA_STYLE('',(#5235));
#4654=EDGE_CURVE('631:701',#5236,#5237,#5238,.T.);
#4655=EDGE_CURVE('631:1565',#5236,#5239,#5240,.F.);
#4656=EDGE_CURVE('631:692',#5239,#5241,#5242,.T.);
#4657=EDGE_CURVE('631:1574',#5241,#5237,#5243,.T.);
#4658=FILL_AREA_STYLE('',(#5244));
#4659=EDGE_CURVE('631:689',#5245,#5241,#5246,.T.);
#4660=EDGE_CURVE('631:1571',#5247,#5245,#5248,.F.);
#4661=EDGE_CURVE('631:698',#5247,#5237,#5249,.T.);
#4662=FILL_AREA_STYLE('',(#5250));
#4663=EDGE_CURVE('631:695',#5251,#5239,#5252,.T.);
#4664=EDGE_CURVE('631:704',#5236,#5253,#5254,.F.);
#4665=EDGE_CURVE('631:1568',#5251,#5253,#5255,.T.);
#4666=FILL_AREA_STYLE('',(#5256));
#4667=EDGE_CURVE('631:719',#5257,#5258,#5259,.T.);
#4668=EDGE_CURVE('631:1577',#5257,#5260,#5261,.F.);
#4669=EDGE_CURVE('631:710',#5260,#5262,#5263,.T.);
#4670=EDGE_CURVE('631:1586',#5262,#5258,#5264,.T.);
#4671=FILL_AREA_STYLE('',(#5265));
#4672=EDGE_CURVE('631:707',#5266,#5262,#5267,.T.);
#4673=EDGE_CURVE('631:1583',#5268,#5266,#5269,.F.);
#4674=EDGE_CURVE('631:716',#5268,#5258,#5270,.T.);
#4675=FILL_AREA_STYLE('',(#5271));
#4676=EDGE_CURVE('631:713',#5272,#5260,#5273,.T.);
#4677=EDGE_CURVE('631:722',#5257,#5274,#5275,.F.);
#4678=EDGE_CURVE('631:1580',#5272,#5274,#5276,.T.);
#4679=FILL_AREA_STYLE('',(#5277));
#4680=EDGE_CURVE('631:737',#5278,#5279,#5280,.T.);
#4681=EDGE_CURVE('631:1589',#5278,#5281,#5282,.F.);
#4682=EDGE_CURVE('631:728',#5281,#5283,#5284,.T.);
#4683=EDGE_CURVE('631:1598',#5283,#5279,#5285,.T.);
#4684=FILL_AREA_STYLE('',(#5286));
#4685=EDGE_CURVE('631:725',#5287,#5283,#5288,.T.);
#4686=EDGE_CURVE('631:1595',#5289,#5287,#5290,.F.);
#4687=EDGE_CURVE('631:734',#5289,#5279,#5291,.T.);
#4688=FILL_AREA_STYLE('',(#5292));
#4689=EDGE_CURVE('631:731',#5293,#5281,#5294,.T.);
#4690=EDGE_CURVE('631:740',#5278,#5295,#5296,.F.);
#4691=EDGE_CURVE('631:1592',#5293,#5295,#5297,.T.);
#4692=FILL_AREA_STYLE('',(#5298));
#4693=EDGE_CURVE('631:755',#5299,#5300,#5301,.T.);
#4694=EDGE_CURVE('631:1601',#5299,#5302,#5303,.F.);
#4695=EDGE_CURVE('631:746',#5302,#5304,#5305,.T.);
#4696=EDGE_CURVE('631:1610',#5304,#5300,#5306,.T.);
#4697=FILL_AREA_STYLE('',(#5307));
#4698=EDGE_CURVE('631:743',#5308,#5304,#5309,.T.);
#4699=EDGE_CURVE('631:1607',#5310,#5308,#5311,.F.);
#4700=EDGE_CURVE('631:752',#5310,#5300,#5312,.T.);
#4701=FILL_AREA_STYLE('',(#5313));
#4702=EDGE_CURVE('631:749',#5314,#5302,#5315,.T.);
#4703=EDGE_CURVE('631:758',#5299,#5316,#5317,.F.);
#4704=EDGE_CURVE('631:1604',#5314,#5316,#5318,.T.);
#4705=FILL_AREA_STYLE('',(#5319));
#4706=EDGE_CURVE('631:773',#5320,#5321,#5322,.T.);
#4707=EDGE_CURVE('631:1613',#5320,#5323,#5324,.F.);
#4708=EDGE_CURVE('631:764',#5323,#5325,#5326,.T.);
#4709=EDGE_CURVE('631:1622',#5325,#5321,#5327,.T.);
#4710=FILL_AREA_STYLE('',(#5328));
#4711=EDGE_CURVE('631:761',#5329,#5325,#5330,.T.);
#4712=EDGE_CURVE('631:1619',#5331,#5329,#5332,.F.);
#4713=EDGE_CURVE('631:770',#5331,#5321,#5333,.T.);
#4714=FILL_AREA_STYLE('',(#5334));
#4715=EDGE_CURVE('631:767',#5335,#5323,#5336,.T.);
#4716=EDGE_CURVE('631:776',#5320,#5337,#5338,.F.);
#4717=EDGE_CURVE('631:1616',#5335,#5337,#5339,.T.);
#4718=FILL_AREA_STYLE('',(#5340));
#4719=EDGE_CURVE('631:791',#5341,#5342,#5343,.T.);
#4720=EDGE_CURVE('631:1625',#5341,#5344,#5345,.F.);
#4721=EDGE_CURVE('631:782',#5344,#5346,#5347,.T.);
#4722=EDGE_CURVE('631:1634',#5346,#5342,#5348,.T.);
#4723=FILL_AREA_STYLE('',(#5349));
#4724=EDGE_CURVE('631:779',#5350,#5346,#5351,.T.);
#4725=EDGE_CURVE('631:1631',#5352,#5350,#5353,.F.);
#4726=EDGE_CURVE('631:788',#5352,#5342,#5354,.T.);
#4727=FILL_AREA_STYLE('',(#5355));
#4728=EDGE_CURVE('631:785',#5356,#5344,#5357,.T.);
#4729=EDGE_CURVE('631:794',#5341,#5358,#5359,.F.);
#4730=EDGE_CURVE('631:1628',#5356,#5358,#5360,.T.);
#4731=FILL_AREA_STYLE('',(#5361));
#4732=EDGE_CURVE('631:809',#5362,#5363,#5364,.T.);
#4733=EDGE_CURVE('631:1637',#5362,#5365,#5366,.F.);
#4734=EDGE_CURVE('631:800',#5365,#5367,#5368,.T.);
#4735=EDGE_CURVE('631:1646',#5367,#5363,#5369,.T.);
#4736=FILL_AREA_STYLE('',(#5370));
#4737=EDGE_CURVE('631:797',#5371,#5367,#5372,.T.);
#4738=EDGE_CURVE('631:1643',#5373,#5371,#5374,.F.);
#4739=EDGE_CURVE('631:806',#5373,#5363,#5375,.T.);
#4740=FILL_AREA_STYLE('',(#5376));
#4741=EDGE_CURVE('631:803',#5377,#5365,#5378,.T.);
#4742=EDGE_CURVE('631:812',#5362,#5379,#5380,.F.);
#4743=EDGE_CURVE('631:1640',#5377,#5379,#5381,.T.);
#4744=FILL_AREA_STYLE('',(#5382));
#4745=EDGE_CURVE('631:1100',#5379,#5377,#5383,.F.);
#4746=FILL_AREA_STYLE('',(#5384));
#4747=EDGE_CURVE('631:1235',#5385,#5386,#5387,.T.);
#4748=EDGE_CURVE('631:1691',#5386,#5385,#5388,.F.);
#4749=FILL_AREA_STYLE('',(#5389));
#4750=EDGE_CURVE('631:1220',#5390,#5391,#5392,.F.);
#4751=EDGE_CURVE('631:1688',#5391,#5390,#5393,.T.);
#4752=FILL_AREA_STYLE('',(#5394));
#4753=EDGE_CURVE('631:869',#5385,#5395,#5396,.T.);
#4754=EDGE_CURVE('631:878',#5386,#5397,#5398,.T.);
#4755=EDGE_CURVE('631:1694',#5395,#5397,#5399,.T.);
#4756=FILL_AREA_STYLE('',(#5400));
#4757=EDGE_CURVE('631:875',#5391,#5401,#5402,.T.);
#4758=EDGE_CURVE('631:1685',#5403,#5401,#5404,.F.);
#4759=EDGE_CURVE('631:884',#5403,#5390,#5405,.F.);
#4760=FILL_AREA_STYLE('',(#5406));
#4761=EDGE_CURVE('631:881',#5403,#5397,#5407,.T.);
#4762=EDGE_CURVE('631:872',#5401,#5395,#5408,.T.);
#4763=FILL_AREA_STYLE('',(#5409));
#4764=EDGE_CURVE('631:899',#5410,#5411,#5412,.T.);
#4765=EDGE_CURVE('631:1697',#5410,#5413,#5414,.F.);
#4766=EDGE_CURVE('631:890',#5413,#5415,#5416,.T.);
#4767=EDGE_CURVE('631:1706',#5415,#5411,#5417,.T.);
#4768=FILL_AREA_STYLE('',(#5418));
#4769=EDGE_CURVE('631:887',#5419,#5415,#5420,.T.);
#4770=EDGE_CURVE('631:1703',#5421,#5419,#5422,.F.);
#4771=EDGE_CURVE('631:896',#5421,#5411,#5423,.T.);
#4772=FILL_AREA_STYLE('',(#5424));
#4773=EDGE_CURVE('631:893',#5425,#5413,#5426,.T.);
#4774=EDGE_CURVE('631:902',#5410,#5427,#5428,.F.);
#4775=EDGE_CURVE('631:1700',#5425,#5427,#5429,.T.);
#4776=FILL_AREA_STYLE('',(#5430));
#4777=EDGE_CURVE('631:917',#5431,#5432,#5433,.T.);
#4778=EDGE_CURVE('631:1709',#5431,#5434,#5435,.F.);
#4779=EDGE_CURVE('631:908',#5434,#5436,#5437,.T.);
#4780=EDGE_CURVE('631:1718',#5436,#5432,#5438,.T.);
#4781=FILL_AREA_STYLE('',(#5439));
#4782=EDGE_CURVE('631:905',#5440,#5436,#5441,.T.);
#4783=EDGE_CURVE('631:1715',#5442,#5440,#5443,.F.);
#4784=EDGE_CURVE('631:914',#5442,#5432,#5444,.T.);
#4785=FILL_AREA_STYLE('',(#5445));
#4786=EDGE_CURVE('631:911',#5446,#5434,#5447,.T.);
#4787=EDGE_CURVE('631:920',#5431,#5448,#5449,.F.);
#4788=EDGE_CURVE('631:1712',#5446,#5448,#5450,.T.);
#4789=FILL_AREA_STYLE('',(#5451));
#4790=EDGE_CURVE('631:935',#5452,#5453,#5454,.T.);
#4791=EDGE_CURVE('631:1721',#5452,#5455,#5456,.F.);
#4792=EDGE_CURVE('631:926',#5455,#5457,#5458,.T.);
#4793=EDGE_CURVE('631:1730',#5457,#5453,#5459,.T.);
#4794=FILL_AREA_STYLE('',(#5460));
#4795=EDGE_CURVE('631:923',#5461,#5457,#5462,.T.);
#4796=EDGE_CURVE('631:1727',#5463,#5461,#5464,.F.);
#4797=EDGE_CURVE('631:932',#5463,#5453,#5465,.T.);
#4798=FILL_AREA_STYLE('',(#5466));
#4799=EDGE_CURVE('631:929',#5467,#5455,#5468,.T.);
#4800=EDGE_CURVE('631:938',#5452,#5469,#5470,.F.);
#4801=EDGE_CURVE('631:1724',#5467,#5469,#5471,.T.);
#4802=FILL_AREA_STYLE('',(#5472));
#4803=EDGE_CURVE('631:953',#5473,#5474,#5475,.T.);
#4804=EDGE_CURVE('631:1733',#5473,#5476,#5477,.F.);
#4805=EDGE_CURVE('631:944',#5476,#5478,#5479,.T.);
#4806=EDGE_CURVE('631:1742',#5478,#5474,#5480,.T.);
#4807=FILL_AREA_STYLE('',(#5481));
#4808=EDGE_CURVE('631:941',#5482,#5478,#5483,.T.);
#4809=EDGE_CURVE('631:1739',#5484,#5482,#5485,.F.);
#4810=EDGE_CURVE('631:950',#5484,#5474,#5486,.T.);
#4811=FILL_AREA_STYLE('',(#5487));
#4812=EDGE_CURVE('631:947',#5488,#5476,#5489,.T.);
#4813=EDGE_CURVE('631:956',#5473,#5490,#5491,.F.);
#4814=EDGE_CURVE('631:1736',#5488,#5490,#5492,.T.);
#4815=FILL_AREA_STYLE('',(#5493));
#4816=EDGE_CURVE('631:971',#5494,#5495,#5496,.T.);
#4817=EDGE_CURVE('631:1745',#5494,#5497,#5498,.F.);
#4818=EDGE_CURVE('631:962',#5497,#5499,#5500,.T.);
#4819=EDGE_CURVE('631:1754',#5499,#5495,#5501,.T.);
#4820=FILL_AREA_STYLE('',(#5502));
#4821=EDGE_CURVE('631:959',#5503,#5499,#5504,.T.);
#4822=EDGE_CURVE('631:1751',#5505,#5503,#5506,.F.);
#4823=EDGE_CURVE('631:968',#5505,#5495,#5507,.T.);
#4824=FILL_AREA_STYLE('',(#5508));
#4825=EDGE_CURVE('631:965',#5509,#5497,#5510,.T.);
#4826=EDGE_CURVE('631:974',#5494,#5511,#5512,.F.);
#4827=EDGE_CURVE('631:1748',#5509,#5511,#5513,.T.);
#4828=FILL_AREA_STYLE('',(#5514));
#4829=EDGE_CURVE('631:989',#5515,#5516,#5517,.T.);
#4830=EDGE_CURVE('631:1757',#5515,#5518,#5519,.F.);
#4831=EDGE_CURVE('631:980',#5518,#5520,#5521,.T.);
#4832=EDGE_CURVE('631:1766',#5520,#5516,#5522,.T.);
#4833=FILL_AREA_STYLE('',(#5523));
#4834=EDGE_CURVE('631:977',#5524,#5520,#5525,.T.);
#4835=EDGE_CURVE('631:1763',#5526,#5524,#5527,.F.);
#4836=EDGE_CURVE('631:986',#5526,#5516,#5528,.T.);
#4837=FILL_AREA_STYLE('',(#5529));
#4838=EDGE_CURVE('631:983',#5530,#5518,#5531,.T.);
#4839=EDGE_CURVE('631:992',#5515,#5532,#5533,.F.);
#4840=EDGE_CURVE('631:1760',#5530,#5532,#5534,.T.);
#4841=FILL_AREA_STYLE('',(#5535));
#4842=EDGE_CURVE('631:1007',#5536,#5537,#5538,.T.);
#4843=EDGE_CURVE('631:1769',#5536,#5539,#5540,.F.);
#4844=EDGE_CURVE('631:998',#5539,#5541,#5542,.T.);
#4845=EDGE_CURVE('631:1778',#5541,#5537,#5543,.T.);
#4846=FILL_AREA_STYLE('',(#5544));
#4847=EDGE_CURVE('631:995',#5545,#5541,#5546,.T.);
#4848=EDGE_CURVE('631:1775',#5547,#5545,#5548,.F.);
#4849=EDGE_CURVE('631:1004',#5547,#5537,#5549,.T.);
#4850=FILL_AREA_STYLE('',(#5550));
#4851=EDGE_CURVE('631:1001',#5551,#5539,#5552,.T.);
#4852=EDGE_CURVE('631:1010',#5536,#5553,#5554,.F.);
#4853=EDGE_CURVE('631:1772',#5551,#5553,#5555,.T.);
#4854=FILL_AREA_STYLE('',(#5556));
#4855=EDGE_CURVE('631:1025',#5557,#5558,#5559,.T.);
#4856=EDGE_CURVE('631:1781',#5557,#5560,#5561,.F.);
#4857=EDGE_CURVE('631:1016',#5560,#5562,#5563,.T.);
#4858=EDGE_CURVE('631:1790',#5562,#5558,#5564,.T.);
#4859=FILL_AREA_STYLE('',(#5565));
#4860=EDGE_CURVE('631:1013',#5566,#5562,#5567,.T.);
#4861=EDGE_CURVE('631:1787',#5568,#5566,#5569,.F.);
#4862=EDGE_CURVE('631:1022',#5568,#5558,#5570,.T.);
#4863=FILL_AREA_STYLE('',(#5571));
#4864=EDGE_CURVE('631:1019',#5572,#5560,#5573,.T.);
#4865=EDGE_CURVE('631:1028',#5557,#5574,#5575,.F.);
#4866=EDGE_CURVE('631:1784',#5572,#5574,#5576,.T.);
#4867=FILL_AREA_STYLE('',(#5577));
#4868=EDGE_CURVE('631:1043',#5578,#5579,#5580,.T.);
#4869=EDGE_CURVE('631:1793',#5578,#5581,#5582,.F.);
#4870=EDGE_CURVE('631:1034',#5581,#5583,#5584,.T.);
#4871=EDGE_CURVE('631:1802',#5583,#5579,#5585,.T.);
#4872=FILL_AREA_STYLE('',(#5586));
#4873=EDGE_CURVE('631:1031',#5587,#5583,#5588,.T.);
#4874=EDGE_CURVE('631:1799',#5589,#5587,#5590,.F.);
#4875=EDGE_CURVE('631:1040',#5589,#5579,#5591,.T.);
#4876=FILL_AREA_STYLE('',(#5592));
#4877=EDGE_CURVE('631:1037',#5593,#5581,#5594,.T.);
#4878=EDGE_CURVE('631:1046',#5578,#5595,#5596,.F.);
#4879=EDGE_CURVE('631:1796',#5593,#5595,#5597,.T.);
#4880=FILL_AREA_STYLE('',(#5598));
#4881=EDGE_CURVE('631:1061',#5599,#5600,#5601,.T.);
#4882=EDGE_CURVE('631:1805',#5599,#5602,#5603,.F.);
#4883=EDGE_CURVE('631:1052',#5602,#5604,#5605,.T.);
#4884=EDGE_CURVE('631:1814',#5604,#5600,#5606,.T.);
#4885=FILL_AREA_STYLE('',(#5607));
#4886=EDGE_CURVE('631:1049',#5608,#5604,#5609,.T.);
#4887=EDGE_CURVE('631:1811',#5610,#5608,#5611,.F.);
#4888=EDGE_CURVE('631:1058',#5610,#5600,#5612,.T.);
#4889=FILL_AREA_STYLE('',(#5613));
#4890=EDGE_CURVE('631:1055',#5614,#5602,#5615,.T.);
#4891=EDGE_CURVE('631:1064',#5599,#5616,#5617,.F.);
#4892=EDGE_CURVE('631:1808',#5614,#5616,#5618,.T.);
#4893=FILL_AREA_STYLE('',(#5619));
#4894=EDGE_CURVE('631:1160',#5616,#5614,#5620,.F.);
#4895=FILL_AREA_STYLE('',(#5621));
#4896=EDGE_CURVE('631:1232',#5137,#5385,#5622,.T.);
#4897=EDGE_CURVE('631:1223',#5391,#5141,#5623,.F.);
#4898=FILL_AREA_STYLE('',(#5624));
#4899=EDGE_CURVE('631:1370',#5177,#5136,#5625,.T.);
#4900=EDGE_CURVE('631:1085',#5142,#5172,#5626,.F.);
#4901=FILL_AREA_STYLE('',(#5627));
#4902=EDGE_CURVE('631:1238',#5386,#5419,#5628,.T.);
#4903=EDGE_CURVE('631:1217',#5425,#5390,#5629,.F.);
#4904=FILL_AREA_STYLE('',(#5630));
#4905=EDGE_CURVE('631:1244',#5421,#5440,#5631,.T.);
#4906=EDGE_CURVE('631:1211',#5446,#5427,#5632,.F.);
#4907=FILL_AREA_STYLE('',(#5633));
#4908=EDGE_CURVE('631:1268',#5505,#5524,#5634,.T.);
#4909=EDGE_CURVE('631:1187',#5530,#5511,#5635,.F.);
#4910=FILL_AREA_STYLE('',(#5636));
#4911=EDGE_CURVE('631:1262',#5484,#5503,#5637,.T.);
#4912=EDGE_CURVE('631:1193',#5509,#5490,#5638,.F.);
#4913=FILL_AREA_STYLE('',(#5639));
#4914=EDGE_CURVE('631:1274',#5526,#5545,#5640,.T.);
#4915=EDGE_CURVE('631:1181',#5551,#5532,#5641,.F.);
#4916=FILL_AREA_STYLE('',(#5642));
#4917=EDGE_CURVE('631:1280',#5547,#5566,#5643,.T.);
#4918=EDGE_CURVE('631:1175',#5572,#5553,#5644,.F.);
#4919=FILL_AREA_STYLE('',(#5645));
#4920=EDGE_CURVE('631:1286',#5568,#5587,#5646,.T.);
#4921=EDGE_CURVE('631:1169',#5593,#5574,#5647,.F.);
#4922=FILL_AREA_STYLE('',(#5648));
#4923=EDGE_CURVE('631:1292',#5589,#5608,#5649,.T.);
#4924=EDGE_CURVE('631:1163',#5614,#5595,#5650,.F.);
#4925=FILL_AREA_STYLE('',(#5651));
#4926=EDGE_CURVE('631:1298',#5610,#5120,#5652,.T.);
#4927=EDGE_CURVE('631:1070',#5132,#5128,#5653,.T.);
#4928=EDGE_CURVE('631:1157',#5124,#5616,#5654,.F.);
#4929=FILL_AREA_STYLE('',(#5655));
#4930=EDGE_CURVE('631:1310',#5098,#5211,#5656,.T.);
#4931=EDGE_CURVE('631:1145',#5217,#5106,#5657,.F.);
#4932=EDGE_CURVE('631:668',#5110,#5106,#5658,.F.);
#4933=FILL_AREA_STYLE('',(#5659));
#4934=EDGE_CURVE('631:1316',#5212,#5245,#5660,.T.);
#4935=EDGE_CURVE('631:1139',#5251,#5216,#5661,.F.);
#4936=FILL_AREA_STYLE('',(#5662));
#4937=EDGE_CURVE('631:1322',#5247,#5266,#5663,.T.);
#4938=EDGE_CURVE('631:1133',#5272,#5253,#5664,.F.);
#4939=FILL_AREA_STYLE('',(#5665));
#4940=EDGE_CURVE('631:1328',#5268,#5287,#5666,.T.);
#4941=EDGE_CURVE('631:1127',#5293,#5274,#5667,.F.);
#4942=FILL_AREA_STYLE('',(#5668));
#4943=EDGE_CURVE('631:1334',#5289,#5308,#5669,.T.);
#4944=EDGE_CURVE('631:1121',#5314,#5295,#5670,.F.);
#4945=FILL_AREA_STYLE('',(#5671));
#4946=EDGE_CURVE('631:1340',#5310,#5329,#5672,.T.);
#4947=EDGE_CURVE('631:1115',#5335,#5316,#5673,.F.);
#4948=FILL_AREA_STYLE('',(#5674));
#4949=EDGE_CURVE('631:1346',#5331,#5350,#5675,.T.);
#4950=EDGE_CURVE('631:1109',#5356,#5337,#5676,.F.);
#4951=FILL_AREA_STYLE('',(#5677));
#4952=EDGE_CURVE('631:1352',#5352,#5371,#5678,.T.);
#4953=EDGE_CURVE('631:1103',#5377,#5358,#5679,.F.);
#4954=FILL_AREA_STYLE('',(#5680));
#4955=EDGE_CURVE('631:1358',#5373,#5195,#5681,.T.);
#4956=EDGE_CURVE('631:1097',#5201,#5379,#5682,.F.);
#4957=FILL_AREA_STYLE('',(#5683));
#4958=EDGE_CURVE('631:1364',#5196,#5176,#5684,.T.);
#4959=EDGE_CURVE('631:1091',#5170,#5200,#5685,.F.);
#4960=FILL_AREA_STYLE('',(#5686));
#4961=EDGE_CURVE('631:1229',#5687,#5687,#5688,.T.);
#4962=EDGE_CURVE('631:1469',#5689,#5689,#5690,.T.);
#4963=FILL_AREA_STYLE('',(#5691));
#4964=EDGE_CURVE('631:1376',#5692,#5692,#5693,.F.);
#4965=EDGE_CURVE('631:1475',#5694,#5694,#5695,.F.);
#4966=FILL_AREA_STYLE('',(#5696));
#4967=EDGE_CURVE('631:1472',#5697,#5697,#5698,.T.);
#4968=FILL_AREA_STYLE('',(#5699));
#4969=EDGE_CURVE('631:1451',#5700,#5701,#5702,.T.);
#4970=EDGE_CURVE('631:1454',#5703,#5700,#5704,.T.);
#4971=EDGE_CURVE('631:1457',#5705,#5703,#5706,.T.);
#4972=EDGE_CURVE('631:1460',#5707,#5705,#5708,.T.);
#4973=EDGE_CURVE('631:1463',#5709,#5707,#5710,.T.);
#4974=EDGE_CURVE('631:1466',#5701,#5709,#5711,.T.);
#4975=FILL_AREA_STYLE('',(#5712));
#4976=EDGE_CURVE('631:1418',#5713,#5700,#5714,.T.);
#4977=EDGE_CURVE('631:1415',#5715,#5701,#5716,.T.);
#4978=EDGE_CURVE('631:1433',#5713,#5715,#5717,.T.);
#4979=FILL_AREA_STYLE('',(#5718));
#4980=EDGE_CURVE('631:1421',#5719,#5703,#5720,.T.);
#4981=EDGE_CURVE('631:1436',#5719,#5713,#5721,.T.);
#4982=FILL_AREA_STYLE('',(#5722));
#4983=EDGE_CURVE('631:1424',#5723,#5705,#5724,.T.);
#4984=EDGE_CURVE('631:1439',#5723,#5719,#5725,.T.);
#4985=FILL_AREA_STYLE('',(#5726));
#4986=EDGE_CURVE('631:1427',#5727,#5707,#5728,.T.);
#4987=EDGE_CURVE('631:1442',#5727,#5723,#5729,.T.);
#4988=FILL_AREA_STYLE('',(#5730));
#4989=EDGE_CURVE('631:1430',#5731,#5709,#5732,.T.);
#4990=EDGE_CURVE('631:1445',#5731,#5727,#5733,.T.);
#4991=FILL_AREA_STYLE('',(#5734));
#4992=EDGE_CURVE('631:1448',#5715,#5731,#5735,.T.);
#4993=FILL_AREA_STYLE('',(#5736));
#4994=FILL_AREA_STYLE('',(#5737));
#4995=EDGE_CURVE('631:1538',#5738,#5738,#5739,.T.);
#4996=EDGE_CURVE('631:647',#5740,#5740,#5741,.T.);
#4997=FILL_AREA_STYLE('',(#5742));
#4998=EDGE_CURVE('631:1535',#5743,#5743,#5744,.T.);
#4999=EDGE_CURVE('631:650',#5745,#5745,#5746,.T.);
#5000=FILL_AREA_STYLE('',(#5747));
#5001=FILL_AREA_STYLE('',(#5748));
#5002=FILL_AREA_STYLE('',(#5749));
#5003=EDGE_CURVE('631:1319',#5245,#5247,#5750,.T.);
#5004=FILL_AREA_STYLE('',(#5751));
#5005=EDGE_CURVE('631:1136',#5253,#5251,#5752,.F.);
#5006=FILL_AREA_STYLE('',(#5753));
#5007=EDGE_CURVE('631:1325',#5266,#5268,#5754,.T.);
#5008=FILL_AREA_STYLE('',(#5755));
#5009=EDGE_CURVE('631:1130',#5274,#5272,#5756,.F.);
#5010=FILL_AREA_STYLE('',(#5757));
#5011=EDGE_CURVE('631:1331',#5287,#5289,#5758,.T.);
#5012=FILL_AREA_STYLE('',(#5759));
#5013=EDGE_CURVE('631:1124',#5295,#5293,#5760,.F.);
#5014=FILL_AREA_STYLE('',(#5761));
#5015=EDGE_CURVE('631:1337',#5308,#5310,#5762,.T.);
#5016=FILL_AREA_STYLE('',(#5763));
#5017=EDGE_CURVE('631:1118',#5316,#5314,#5764,.F.);
#5018=FILL_AREA_STYLE('',(#5765));
#5019=EDGE_CURVE('631:1343',#5329,#5331,#5766,.T.);
#5020=FILL_AREA_STYLE('',(#5767));
#5021=EDGE_CURVE('631:1112',#5337,#5335,#5768,.F.);
#5022=FILL_AREA_STYLE('',(#5769));
#5023=EDGE_CURVE('631:1349',#5350,#5352,#5770,.T.);
#5024=FILL_AREA_STYLE('',(#5771));
#5025=EDGE_CURVE('631:1106',#5358,#5356,#5772,.F.);
#5026=FILL_AREA_STYLE('',(#5773));
#5027=EDGE_CURVE('631:1355',#5371,#5373,#5774,.T.);
#5028=FILL_AREA_STYLE('',(#5775));
#5029=EDGE_CURVE('631:1241',#5419,#5421,#5776,.T.);
#5030=FILL_AREA_STYLE('',(#5777));
#5031=EDGE_CURVE('631:1214',#5427,#5425,#5778,.F.);
#5032=FILL_AREA_STYLE('',(#5779));
#5033=EDGE_CURVE('631:1247',#5440,#5442,#5780,.T.);
#5034=FILL_AREA_STYLE('',(#5781));
#5035=EDGE_CURVE('631:1208',#5448,#5446,#5782,.F.);
#5036=FILL_AREA_STYLE('',(#5783));
#5037=EDGE_CURVE('631:1253',#5461,#5463,#5784,.T.);
#5038=FILL_AREA_STYLE('',(#5785));
#5039=EDGE_CURVE('631:1202',#5469,#5467,#5786,.F.);
#5040=FILL_AREA_STYLE('',(#5787));
#5041=EDGE_CURVE('631:1259',#5482,#5484,#5788,.T.);
#5042=FILL_AREA_STYLE('',(#5789));
#5043=EDGE_CURVE('631:1196',#5490,#5488,#5790,.F.);
#5044=FILL_AREA_STYLE('',(#5791));
#5045=EDGE_CURVE('631:1265',#5503,#5505,#5792,.T.);
#5046=FILL_AREA_STYLE('',(#5793));
#5047=EDGE_CURVE('631:1190',#5511,#5509,#5794,.F.);
#5048=FILL_AREA_STYLE('',(#5795));
#5049=EDGE_CURVE('631:1271',#5524,#5526,#5796,.T.);
#5050=FILL_AREA_STYLE('',(#5797));
#5051=EDGE_CURVE('631:1184',#5532,#5530,#5798,.F.);
#5052=FILL_AREA_STYLE('',(#5799));
#5053=EDGE_CURVE('631:1277',#5545,#5547,#5800,.T.);
#5054=FILL_AREA_STYLE('',(#5801));
#5055=EDGE_CURVE('631:1178',#5553,#5551,#5802,.F.);
#5056=FILL_AREA_STYLE('',(#5803));
#5057=EDGE_CURVE('631:1283',#5566,#5568,#5804,.T.);
#5058=FILL_AREA_STYLE('',(#5805));
#5059=EDGE_CURVE('631:1172',#5574,#5572,#5806,.F.);
#5060=FILL_AREA_STYLE('',(#5807));
#5061=EDGE_CURVE('631:1289',#5587,#5589,#5808,.T.);
#5062=FILL_AREA_STYLE('',(#5809));
#5063=EDGE_CURVE('631:1166',#5595,#5593,#5810,.F.);
#5064=FILL_AREA_STYLE('',(#5811));
#5065=EDGE_CURVE('631:1295',#5608,#5610,#5812,.T.);
#5066=FILL_AREA_STYLE('',(#5813));
#5067=FILL_AREA_STYLE('',(#5814));
#5068=EDGE_CURVE('631:1478',#5815,#5815,#5816,.T.);
#5069=FILL_AREA_STYLE('',(#5817));
#5070=FILL_AREA_STYLE('',(#5818));
#5071=FILL_AREA_STYLE('',(#5819));
#5072=EDGE_CURVE('631:1256',#5463,#5482,#5820,.T.);
#5073=EDGE_CURVE('631:1250',#5442,#5461,#5821,.T.);
#5074=FILL_AREA_STYLE('',(#5822));
#5075=EDGE_CURVE('631:1205',#5467,#5448,#5823,.F.);
#5076=EDGE_CURVE('631:1199',#5488,#5469,#5824,.F.);
#5077=FILL_AREA_STYLE('',(#5825));
#5078=FILL_AREA_STYLE('',(#5826));
#5079=FILL_AREA_STYLE('',(#5827));
#5080=FILL_AREA_STYLE_COLOUR('',#5828);
#5081=VERTEX_POINT('',#5829);
#5082=VERTEX_POINT('',#5830);
#5083=CIRCLE('',#5831,0.007);
#5084=VERTEX_POINT('',#5832);
#5085=B_SPLINE_CURVE_WITH_KNOTS('',3,(#5833,#5834,#5835,#5836,#5837,#5838),.UNSPECIFIED.,.F.,.F.,(4,2,4),(1.0842021724855E-18,0.000314359639450945,0.000628719278901889),.UNSPECIFIED.);
#5086=VERTEX_POINT('',#5839);
#5087=LINE('',#5840,#5841);
#5088=VERTEX_POINT('',#5842);
#5089=B_SPLINE_CURVE_WITH_KNOTS('',3,(#5843,#5844,#5845,#5846,#5847,#5848),.UNSPECIFIED.,.F.,.F.,(4,2,4),(0.000101295318125736,0.000418611700833081,0.000735928083540425),.UNSPECIFIED.);
#5090=VERTEX_POINT('',#5849);
#5091=CIRCLE('',#5850,0.007);
#5092=VERTEX_POINT('',#5851);
#5093=B_SPLINE_CURVE_WITH_KNOTS('',3,(#5852,#5853,#5854,#5855,#5856,#5857),.UNSPECIFIED.,.F.,.F.,(4,2,4),(0.000101295318125783,0.000418611700833127,0.000735928083540472),.UNSPECIFIED.);
#5094=VERTEX_POINT('',#5858);
#5095=LINE('',#5859,#5860);
#5096=B_SPLINE_CURVE_WITH_KNOTS('',3,(#5861,#5862,#5863,#5864,#5865,#5866),.UNSPECIFIED.,.F.,.F.,(4,2,4),(0.000101295318125757,0.000418611700833121,0.000735928083540484),.UNSPECIFIED.);
#5097=FILL_AREA_STYLE_COLOUR('',#5867);
#5098=VERTEX_POINT('',#5868);
#5099=CIRCLE('',#5869,0.0001);
#5100=VERTEX_POINT('',#5870);
#5101=B_SPLINE_CURVE_WITH_KNOTS('',3,(#5871,#5872,#5873,#5874,#5875,#5876),.UNSPECIFIED.,.F.,.F.,(4,2,4),(0.000101295318125717,0.00041861170083308,0.000735928083540444),.UNSPECIFIED.);
#5102=CIRCLE('',#5877,0.0005);
#5103=FILL_AREA_STYLE_COLOUR('',#5878);
#5104=CIRCLE('',#5879,0.007);
#5105=FILL_AREA_STYLE_COLOUR('',#5880);
#5106=VERTEX_POINT('',#5881);
#5107=CIRCLE('',#5882,0.007);
#5108=CIRCLE('',#5883,0.0001);
#5109=FILL_AREA_STYLE_COLOUR('',#5884);
#5110=VERTEX_POINT('',#5885);
#5111=LINE('',#5886,#5887);
#5112=CIRCLE('',#5888,0.0005);
#5113=FILL_AREA_STYLE_COLOUR('',#5889);
#5114=VERTEX_POINT('',#5890);
#5115=CIRCLE('',#5891,0.00095);
#5116=VERTEX_POINT('',#5892);
#5117=CIRCLE('',#5893,0.00095);
#5118=FILL_AREA_STYLE_COLOUR('',#5894);
#5119=FILL_AREA_STYLE_COLOUR('',#5895);
#5120=VERTEX_POINT('',#5896);
#5121=CIRCLE('',#5897,0.007);
#5122=CIRCLE('',#5898,0.0001);
#5123=FILL_AREA_STYLE_COLOUR('',#5899);
#5124=VERTEX_POINT('',#5900);
#5125=CIRCLE('',#5901,0.007);
#5126=CIRCLE('',#5902,0.0001);
#5127=FILL_AREA_STYLE_COLOUR('',#5903);
#5128=VERTEX_POINT('',#5904);
#5129=B_SPLINE_CURVE_WITH_KNOTS('',3,(#5905,#5906,#5907,#5908,#5909,#5910),.UNSPECIFIED.,.F.,.F.,(4,2,4),(1.35525271560688E-20,0.000314359639450945,0.000628719278901889),.UNSPECIFIED.);
#5130=CIRCLE('',#5911,0.0005);
#5131=FILL_AREA_STYLE_COLOUR('',#5912);
#5132=VERTEX_POINT('',#5913);
#5133=B_SPLINE_CURVE_WITH_KNOTS('',3,(#5914,#5915,#5916,#5917,#5918,#5919),.UNSPECIFIED.,.F.,.F.,(4,2,4),(0.000101295318097907,0.00041861170081919,0.000735928083540473),.UNSPECIFIED.);
#5134=CIRCLE('',#5920,0.0005);
#5135=FILL_AREA_STYLE_COLOUR('',#5921);
#5136=VERTEX_POINT('',#5922);
#5137=VERTEX_POINT('',#5923);
#5138=CIRCLE('',#5924,0.007);
#5139=CIRCLE('',#5925,0.0001);
#5140=FILL_AREA_STYLE_COLOUR('',#5926);
#5141=VERTEX_POINT('',#5927);
#5142=VERTEX_POINT('',#5928);
#5143=CIRCLE('',#5929,0.007);
#5144=CIRCLE('',#5930,0.0001);
#5145=FILL_AREA_STYLE_COLOUR('',#5931);
#5146=VERTEX_POINT('',#5932);
#5147=B_SPLINE_CURVE_WITH_KNOTS('',3,(#5933,#5934,#5935,#5936,#5937,#5938),.UNSPECIFIED.,.F.,.F.,(4,2,4),(2.71050543121376E-20,0.000314359639450945,0.00062871927890189),.UNSPECIFIED.);
#5148=VERTEX_POINT('',#5939);
#5149=B_SPLINE_CURVE_WITH_KNOTS('',3,(#5940,#5941,#5942,#5943,#5944,#5945),.UNSPECIFIED.,.F.,.F.,(4,2,4),(0.000101295318125996,0.000418611700833264,0.000735928083540532),.UNSPECIFIED.);
#5150=CIRCLE('',#5946,0.0005);
#5151=FILL_AREA_STYLE_COLOUR('',#5947);
#5152=VERTEX_POINT('',#5948);
#5153=B_SPLINE_CURVE_WITH_KNOTS('',3,(#5949,#5950,#5951,#5952,#5953,#5954),.UNSPECIFIED.,.F.,.F.,(4,2,4),(0.000101295318125837,0.000418611700833181,0.000735928083540524),.UNSPECIFIED.);
#5154=VERTEX_POINT('',#5955);
#5155=CIRCLE('',#5956,0.0005);
#5156=B_SPLINE_CURVE_WITH_KNOTS('',3,(#5957,#5958,#5959,#5960,#5961,#5962),.UNSPECIFIED.,.F.,.F.,(4,2,4),(0.000101295318125835,0.000418611700833179,0.000735928083540524),.UNSPECIFIED.);
#5157=FILL_AREA_STYLE_COLOUR('',#5963);
#5158=LINE('',#5964,#5965);
#5159=LINE('',#5966,#5967);
#5160=FILL_AREA_STYLE_COLOUR('',#5968);
#5161=VERTEX_POINT('',#5969);
#5162=VERTEX_POINT('',#5970);
#5163=LINE('',#5971,#5972);
#5164=VERTEX_POINT('',#5973);
#5165=CIRCLE('',#5974,0.0005);
#5166=VERTEX_POINT('',#5975);
#5167=LINE('',#5976,#5977);
#5168=CIRCLE('',#5978,0.0005);
#5169=FILL_AREA_STYLE_COLOUR('',#5979);
#5170=VERTEX_POINT('',#5980);
#5171=B_SPLINE_CURVE_WITH_KNOTS('',3,(#5981,#5982,#5983,#5984,#5985,#5986),.UNSPECIFIED.,.F.,.F.,(4,2,4),(0.00010129531812579,0.000418611700833134,0.000735928083540478),.UNSPECIFIED.);
#5172=VERTEX_POINT('',#5987);
#5173=B_SPLINE_CURVE_WITH_KNOTS('',3,(#5988,#5989,#5990,#5991,#5992,#5993),.UNSPECIFIED.,.F.,.F.,(4,2,4),(0.000101295318125785,0.000418611700833131,0.000735928083540478),.UNSPECIFIED.);
#5174=CIRCLE('',#5994,0.0001);
#5175=FILL_AREA_STYLE_COLOUR('',#5995);
#5176=VERTEX_POINT('',#5996);
#5177=VERTEX_POINT('',#5997);
#5178=CIRCLE('',#5998,0.007);
#5179=CIRCLE('',#5999,0.0001);
#5180=FILL_AREA_STYLE_COLOUR('',#6000);
#5181=VERTEX_POINT('',#6001);
#5182=VERTEX_POINT('',#6002);
#5183=LINE('',#6003,#6004);
#5184=VERTEX_POINT('',#6005);
#5185=CIRCLE('',#6006,0.0005);
#5186=VERTEX_POINT('',#6007);
#5187=LINE('',#6008,#6009);
#5188=CIRCLE('',#6010,0.0005);
#5189=FILL_AREA_STYLE_COLOUR('',#6011);
#5190=B_SPLINE_CURVE_WITH_KNOTS('',3,(#6012,#6013,#6014,#6015,#6016,#6017),.UNSPECIFIED.,.F.,.F.,(4,2,4),(6.50521303491303E-19,0.000314359639450946,0.000628719278901891),.UNSPECIFIED.);
#5191=B_SPLINE_CURVE_WITH_KNOTS('',3,(#6018,#6019,#6020,#6021,#6022,#6023),.UNSPECIFIED.,.F.,.F.,(4,2,4),(0.000101295318125949,0.000418611700833216,0.000735928083540484),.UNSPECIFIED.);
#5192=FILL_AREA_STYLE_COLOUR('',#6024);
#5193=CIRCLE('',#6025,0.007);
#5194=FILL_AREA_STYLE_COLOUR('',#6026);
#5195=VERTEX_POINT('',#6027);
#5196=VERTEX_POINT('',#6028);
#5197=CIRCLE('',#6029,0.007);
#5198=CIRCLE('',#6030,0.0001);
#5199=FILL_AREA_STYLE_COLOUR('',#6031);
#5200=VERTEX_POINT('',#6032);
#5201=VERTEX_POINT('',#6033);
#5202=CIRCLE('',#6034,0.007);
#5203=CIRCLE('',#6035,0.0001);
#5204=FILL_AREA_STYLE_COLOUR('',#6036);
#5205=B_SPLINE_CURVE_WITH_KNOTS('',3,(#6037,#6038,#6039,#6040,#6041,#6042),.UNSPECIFIED.,.F.,.F.,(4,2,4),(0.0,0.000314359639450944,0.000628719278901889),.UNSPECIFIED.);
#5206=B_SPLINE_CURVE_WITH_KNOTS('',3,(#6043,#6044,#6045,#6046,#6047,#6048),.UNSPECIFIED.,.F.,.F.,(4,2,4),(0.000101295318125919,0.000418611700833188,0.000735928083540458),.UNSPECIFIED.);
#5207=FILL_AREA_STYLE_COLOUR('',#6049);
#5208=B_SPLINE_CURVE_WITH_KNOTS('',3,(#6050,#6051,#6052,#6053,#6054,#6055),.UNSPECIFIED.,.F.,.F.,(4,2,4),(0.000101295318125755,0.0004186117008331,0.000735928083540444),.UNSPECIFIED.);
#5209=B_SPLINE_CURVE_WITH_KNOTS('',3,(#6056,#6057,#6058,#6059,#6060,#6061),.UNSPECIFIED.,.F.,.F.,(4,2,4),(0.000101295318125753,0.000418611700833099,0.000735928083540444),.UNSPECIFIED.);
#5210=FILL_AREA_STYLE_COLOUR('',#6062);
#5211=VERTEX_POINT('',#6063);
#5212=VERTEX_POINT('',#6064);
#5213=CIRCLE('',#6065,0.007);
#5214=CIRCLE('',#6066,0.0001);
#5215=FILL_AREA_STYLE_COLOUR('',#6067);
#5216=VERTEX_POINT('',#6068);
#5217=VERTEX_POINT('',#6069);
#5218=CIRCLE('',#6070,0.007);
#5219=CIRCLE('',#6071,0.0001);
#5220=FILL_AREA_STYLE_COLOUR('',#6072);
#5221=VERTEX_POINT('',#6073);
#5222=B_SPLINE_CURVE_WITH_KNOTS('',3,(#6074,#6075,#6076,#6077,#6078,#6079),.UNSPECIFIED.,.F.,.F.,(4,2,4),(2.16840434497101E-18,0.000314359639450947,0.000628719278901892),.UNSPECIFIED.);
#5223=VERTEX_POINT('',#6080);
#5224=B_SPLINE_CURVE_WITH_KNOTS('',3,(#6081,#6082,#6083,#6084,#6085,#6086),.UNSPECIFIED.,.F.,.F.,(4,2,4),(0.000101295318125685,0.000418611700833049,0.000735928083540413),.UNSPECIFIED.);
#5225=CIRCLE('',#6087,0.0005);
#5226=FILL_AREA_STYLE_COLOUR('',#6088);
#5227=VERTEX_POINT('',#6089);
#5228=B_SPLINE_CURVE_WITH_KNOTS('',3,(#6090,#6091,#6092,#6093,#6094,#6095),.UNSPECIFIED.,.F.,.F.,(4,2,4),(0.000101295318125858,0.000418611700833127,0.000735928083540396),.UNSPECIFIED.);
#5229=VERTEX_POINT('',#6096);
#5230=CIRCLE('',#6097,0.0005);
#5231=B_SPLINE_CURVE_WITH_KNOTS('',3,(#6098,#6099,#6100,#6101,#6102,#6103),.UNSPECIFIED.,.F.,.F.,(4,2,4),(0.000101295318125707,0.000418611700833052,0.000735928083540397),.UNSPECIFIED.);
#5232=FILL_AREA_STYLE_COLOUR('',#6104);
#5233=LINE('',#6105,#6106);
#5234=LINE('',#6107,#6108);
#5235=FILL_AREA_STYLE_COLOUR('',#6109);
#5236=VERTEX_POINT('',#6110);
#5237=VERTEX_POINT('',#6111);
#5238=LINE('',#6112,#6113);
#5239=VERTEX_POINT('',#6114);
#5240=CIRCLE('',#6115,0.0005);
#5241=VERTEX_POINT('',#6116);
#5242=LINE('',#6117,#6118);
#5243=CIRCLE('',#6119,0.0005);
#5244=FILL_AREA_STYLE_COLOUR('',#6120);
#5245=VERTEX_POINT('',#6121);
#5246=B_SPLINE_CURVE_WITH_KNOTS('',3,(#6122,#6123,#6124,#6125,#6126,#6127),.UNSPECIFIED.,.F.,.F.,(4,2,4),(8.67361737988404E-19,0.000314359639450946,0.000628719278901892),.UNSPECIFIED.);
#5247=VERTEX_POINT('',#6128);
#5248=CIRCLE('',#6129,0.0001);
#5249=B_SPLINE_CURVE_WITH_KNOTS('',3,(#6130,#6131,#6132,#6133,#6134,#6135),.UNSPECIFIED.,.F.,.F.,(4,2,4),(0.000101295318125692,0.000418611700833043,0.000735928083540394),.UNSPECIFIED.);
#5250=FILL_AREA_STYLE_COLOUR('',#6136);
#5251=VERTEX_POINT('',#6137);
#5252=B_SPLINE_CURVE_WITH_KNOTS('',3,(#6138,#6139,#6140,#6141,#6142,#6143),.UNSPECIFIED.,.F.,.F.,(4,2,4),(0.000101295318125683,0.000418611700833029,0.000735928083540375),.UNSPECIFIED.);
#5253=VERTEX_POINT('',#6144);
#5254=B_SPLINE_CURVE_WITH_KNOTS('',3,(#6145,#6146,#6147,#6148,#6149,#6150),.UNSPECIFIED.,.F.,.F.,(4,2,4),(0.000101295318125683,0.00041861170083303,0.000735928083540377),.UNSPECIFIED.);
#5255=CIRCLE('',#6151,0.0001);
#5256=FILL_AREA_STYLE_COLOUR('',#6152);
#5257=VERTEX_POINT('',#6153);
#5258=VERTEX_POINT('',#6154);
#5259=LINE('',#6155,#6156);
#5260=VERTEX_POINT('',#6157);
#5261=CIRCLE('',#6158,0.0005);
#5262=VERTEX_POINT('',#6159);
#5263=LINE('',#6160,#6161);
#5264=CIRCLE('',#6162,0.0005);
#5265=FILL_AREA_STYLE_COLOUR('',#6163);
#5266=VERTEX_POINT('',#6164);
#5267=B_SPLINE_CURVE_WITH_KNOTS('',3,(#6165,#6166,#6167,#6168,#6169,#6170),.UNSPECIFIED.,.F.,.F.,(4,2,4),(0.0,0.000314359639450945,0.00062871927890189),.UNSPECIFIED.);
#5268=VERTEX_POINT('',#6171);
#5269=CIRCLE('',#6172,0.0001);
#5270=B_SPLINE_CURVE_WITH_KNOTS('',3,(#6173,#6174,#6175,#6176,#6177,#6178),.UNSPECIFIED.,.F.,.F.,(4,2,4),(0.000101295318125676,0.000418611700833025,0.000735928083540375),.UNSPECIFIED.);
#5271=FILL_AREA_STYLE_COLOUR('',#6179);
#5272=VERTEX_POINT('',#6180);
#5273=B_SPLINE_CURVE_WITH_KNOTS('',3,(#6181,#6182,#6183,#6184,#6185,#6186),.UNSPECIFIED.,.F.,.F.,(4,2,4),(0.000101295318125664,0.00041861170083301,0.000735928083540355),.UNSPECIFIED.);
#5274=VERTEX_POINT('',#6187);
#5275=B_SPLINE_CURVE_WITH_KNOTS('',3,(#6188,#6189,#6190,#6191,#6192,#6193),.UNSPECIFIED.,.F.,.F.,(4,2,4),(0.000101295318125659,0.000418611700833006,0.000735928083540352),.UNSPECIFIED.);
#5276=CIRCLE('',#6194,0.0001);
#5277=FILL_AREA_STYLE_COLOUR('',#6195);
#5278=VERTEX_POINT('',#6196);
#5279=VERTEX_POINT('',#6197);
#5280=LINE('',#6198,#6199);
#5281=VERTEX_POINT('',#6200);
#5282=CIRCLE('',#6201,0.0005);
#5283=VERTEX_POINT('',#6202);
#5284=LINE('',#6203,#6204);
#5285=CIRCLE('',#6205,0.0005);
#5286=FILL_AREA_STYLE_COLOUR('',#6206);
#5287=VERTEX_POINT('',#6207);
#5288=B_SPLINE_CURVE_WITH_KNOTS('',3,(#6208,#6209,#6210,#6211,#6212,#6213),.UNSPECIFIED.,.F.,.F.,(4,2,4),(0.0,0.000314359639450946,0.000628719278901891),.UNSPECIFIED.);
#5289=VERTEX_POINT('',#6214);
#5290=CIRCLE('',#6215,0.0001);
#5291=B_SPLINE_CURVE_WITH_KNOTS('',3,(#6216,#6217,#6218,#6219,#6220,#6221),.UNSPECIFIED.,.F.,.F.,(4,2,4),(0.000101295318125655,0.000418611700833006,0.000735928083540358),.UNSPECIFIED.);
#5292=FILL_AREA_STYLE_COLOUR('',#6222);
#5293=VERTEX_POINT('',#6223);
#5294=B_SPLINE_CURVE_WITH_KNOTS('',3,(#6224,#6225,#6226,#6227,#6228,#6229),.UNSPECIFIED.,.F.,.F.,(4,2,4),(0.000101295318125657,0.000418611700833002,0.000735928083540348),.UNSPECIFIED.);
#5295=VERTEX_POINT('',#6230);
#5296=B_SPLINE_CURVE_WITH_KNOTS('',3,(#6231,#6232,#6233,#6234,#6235,#6236),.UNSPECIFIED.,.F.,.F.,(4,2,4),(0.000101295318125651,0.000418611700832997,0.000735928083540344),.UNSPECIFIED.);
#5297=CIRCLE('',#6237,0.0001);
#5298=FILL_AREA_STYLE_COLOUR('',#6238);
#5299=VERTEX_POINT('',#6239);
#5300=VERTEX_POINT('',#6240);
#5301=LINE('',#6241,#6242);
#5302=VERTEX_POINT('',#6243);
#5303=CIRCLE('',#6244,0.0005);
#5304=VERTEX_POINT('',#6245);
#5305=LINE('',#6246,#6247);
#5306=CIRCLE('',#6248,0.0005);
#5307=FILL_AREA_STYLE_COLOUR('',#6249);
#5308=VERTEX_POINT('',#6250);
#5309=B_SPLINE_CURVE_WITH_KNOTS('',3,(#6251,#6252,#6253,#6254,#6255,#6256),.UNSPECIFIED.,.F.,.F.,(4,2,4),(0.0,0.000314359639450946,0.000628719278901891),.UNSPECIFIED.);
#5310=VERTEX_POINT('',#6257);
#5311=CIRCLE('',#6258,0.0001);
#5312=B_SPLINE_CURVE_WITH_KNOTS('',3,(#6259,#6260,#6261,#6262,#6263,#6264),.UNSPECIFIED.,.F.,.F.,(4,2,4),(0.000101295318125663,0.000418611700833014,0.000735928083540365),.UNSPECIFIED.);
#5313=FILL_AREA_STYLE_COLOUR('',#6265);
#5314=VERTEX_POINT('',#6266);
#5315=B_SPLINE_CURVE_WITH_KNOTS('',3,(#6267,#6268,#6269,#6270,#6271,#6272),.UNSPECIFIED.,.F.,.F.,(4,2,4),(0.000101295318125662,0.000418611700833009,0.000735928083540355),.UNSPECIFIED.);
#5316=VERTEX_POINT('',#6273);
#5317=B_SPLINE_CURVE_WITH_KNOTS('',3,(#6274,#6275,#6276,#6277,#6278,#6279),.UNSPECIFIED.,.F.,.F.,(4,2,4),(0.000101295318125638,0.000418611700832997,0.000735928083540356),.UNSPECIFIED.);
#5318=CIRCLE('',#6280,0.0001);
#5319=FILL_AREA_STYLE_COLOUR('',#6281);
#5320=VERTEX_POINT('',#6282);
#5321=VERTEX_POINT('',#6283);
#5322=LINE('',#6284,#6285);
#5323=VERTEX_POINT('',#6286);
#5324=CIRCLE('',#6287,0.0005);
#5325=VERTEX_POINT('',#6288);
#5326=LINE('',#6289,#6290);
#5327=CIRCLE('',#6291,0.0005);
#5328=FILL_AREA_STYLE_COLOUR('',#6292);
#5329=VERTEX_POINT('',#6293);
#5330=B_SPLINE_CURVE_WITH_KNOTS('',3,(#6294,#6295,#6296,#6297,#6298,#6299),.UNSPECIFIED.,.F.,.F.,(4,2,4),(1.73472347597681E-18,0.000314359639450945,0.000628719278901888),.UNSPECIFIED.);
#5331=VERTEX_POINT('',#6300);
#5332=CIRCLE('',#6301,0.0001);
#5333=B_SPLINE_CURVE_WITH_KNOTS('',3,(#6302,#6303,#6304,#6305,#6306,#6307),.UNSPECIFIED.,.F.,.F.,(4,2,4),(0.000101295318125678,0.000418611700833028,0.000735928083540378),.UNSPECIFIED.);
#5334=FILL_AREA_STYLE_COLOUR('',#6308);
#5335=VERTEX_POINT('',#6309);
#5336=B_SPLINE_CURVE_WITH_KNOTS('',3,(#6310,#6311,#6312,#6313,#6314,#6315),.UNSPECIFIED.,.F.,.F.,(4,2,4),(0.000101295318125675,0.000418611700833021,0.000735928083540366),.UNSPECIFIED.);
#5337=VERTEX_POINT('',#6316);
#5338=B_SPLINE_CURVE_WITH_KNOTS('',3,(#6317,#6318,#6319,#6320,#6321,#6322),.UNSPECIFIED.,.F.,.F.,(4,2,4),(0.000101295318126148,0.000418611700833256,0.000735928083540363),.UNSPECIFIED.);
#5339=CIRCLE('',#6323,0.0001);
#5340=FILL_AREA_STYLE_COLOUR('',#6324);
#5341=VERTEX_POINT('',#6325);
#5342=VERTEX_POINT('',#6326);
#5343=LINE('',#6327,#6328);
#5344=VERTEX_POINT('',#6329);
#5345=CIRCLE('',#6330,0.0005);
#5346=VERTEX_POINT('',#6331);
#5347=LINE('',#6332,#6333);
#5348=CIRCLE('',#6334,0.0005);
#5349=FILL_AREA_STYLE_COLOUR('',#6335);
#5350=VERTEX_POINT('',#6336);
#5351=B_SPLINE_CURVE_WITH_KNOTS('',3,(#6337,#6338,#6339,#6340,#6341,#6342),.UNSPECIFIED.,.F.,.F.,(4,2,4),(0.0,0.000314359639450945,0.00062871927890189),.UNSPECIFIED.);
#5352=VERTEX_POINT('',#6343);
#5353=CIRCLE('',#6344,0.0001);
#5354=B_SPLINE_CURVE_WITH_KNOTS('',3,(#6345,#6346,#6347,#6348,#6349,#6350),.UNSPECIFIED.,.F.,.F.,(4,2,4),(0.000101295318125699,0.000418611700833048,0.000735928083540398),.UNSPECIFIED.);
#5355=FILL_AREA_STYLE_COLOUR('',#6351);
#5356=VERTEX_POINT('',#6352);
#5357=B_SPLINE_CURVE_WITH_KNOTS('',3,(#6353,#6354,#6355,#6356,#6357,#6358),.UNSPECIFIED.,.F.,.F.,(4,2,4),(0.000101295318125684,0.000418611700833029,0.000735928083540374),.UNSPECIFIED.);
#5358=VERTEX_POINT('',#6359);
#5359=B_SPLINE_CURVE_WITH_KNOTS('',3,(#6360,#6361,#6362,#6363,#6364,#6365),.UNSPECIFIED.,.F.,.F.,(4,2,4),(0.00010129531812568,0.000418611700833026,0.000735928083540373),.UNSPECIFIED.);
#5360=CIRCLE('',#6366,0.0001);
#5361=FILL_AREA_STYLE_COLOUR('',#6367);
#5362=VERTEX_POINT('',#6368);
#5363=VERTEX_POINT('',#6369);
#5364=LINE('',#6370,#6371);
#5365=VERTEX_POINT('',#6372);
#5366=CIRCLE('',#6373,0.0005);
#5367=VERTEX_POINT('',#6374);
#5368=LINE('',#6375,#6376);
#5369=CIRCLE('',#6377,0.0005);
#5370=FILL_AREA_STYLE_COLOUR('',#6378);
#5371=VERTEX_POINT('',#6379);
#5372=B_SPLINE_CURVE_WITH_KNOTS('',3,(#6380,#6381,#6382,#6383,#6384,#6385),.UNSPECIFIED.,.F.,.F.,(4,2,4),(0.0,0.000314359639450945,0.000628719278901891),.UNSPECIFIED.);
#5373=VERTEX_POINT('',#6386);
#5374=CIRCLE('',#6387,0.0001);
#5375=B_SPLINE_CURVE_WITH_KNOTS('',3,(#6388,#6389,#6390,#6391,#6392,#6393),.UNSPECIFIED.,.F.,.F.,(4,2,4),(0.000101295318125886,0.000418611700833155,0.000735928083540424),.UNSPECIFIED.);
#5376=FILL_AREA_STYLE_COLOUR('',#6394);
#5377=VERTEX_POINT('',#6395);
#5378=B_SPLINE_CURVE_WITH_KNOTS('',3,(#6396,#6397,#6398,#6399,#6400,#6401),.UNSPECIFIED.,.F.,.F.,(4,2,4),(0.000101295318125716,0.000418611700833061,0.000735928083540406),.UNSPECIFIED.);
#5379=VERTEX_POINT('',#6402);
#5380=B_SPLINE_CURVE_WITH_KNOTS('',3,(#6403,#6404,#6405,#6406,#6407,#6408),.UNSPECIFIED.,.F.,.F.,(4,2,4),(0.000101295318125811,0.000418611700833109,0.000735928083540406),.UNSPECIFIED.);
#5381=CIRCLE('',#6409,0.0001);
#5382=FILL_AREA_STYLE_COLOUR('',#6410);
#5383=CIRCLE('',#6411,0.007);
#5384=FILL_AREA_STYLE_COLOUR('',#6412);
#5385=VERTEX_POINT('',#6413);
#5386=VERTEX_POINT('',#6414);
#5387=CIRCLE('',#6415,0.007);
#5388=CIRCLE('',#6416,0.0001);
#5389=FILL_AREA_STYLE_COLOUR('',#6417);
#5390=VERTEX_POINT('',#6418);
#5391=VERTEX_POINT('',#6419);
#5392=CIRCLE('',#6420,0.007);
#5393=CIRCLE('',#6421,0.0001);
#5394=FILL_AREA_STYLE_COLOUR('',#6422);
#5395=VERTEX_POINT('',#6423);
#5396=B_SPLINE_CURVE_WITH_KNOTS('',3,(#6424,#6425,#6426,#6427,#6428,#6429),.UNSPECIFIED.,.F.,.F.,(4,2,4),(4.33680868994202E-19,0.000314359639450945,0.00062871927890189),.UNSPECIFIED.);
#5397=VERTEX_POINT('',#6430);
#5398=B_SPLINE_CURVE_WITH_KNOTS('',3,(#6431,#6432,#6433,#6434,#6435,#6436),.UNSPECIFIED.,.F.,.F.,(4,2,4),(0.000101295318126027,0.000418611700833295,0.000735928083540563),.UNSPECIFIED.);
#5399=CIRCLE('',#6437,0.0005);
#5400=FILL_AREA_STYLE_COLOUR('',#6438);
#5401=VERTEX_POINT('',#6439);
#5402=B_SPLINE_CURVE_WITH_KNOTS('',3,(#6440,#6441,#6442,#6443,#6444,#6445),.UNSPECIFIED.,.F.,.F.,(4,2,4),(0.000101295318125857,0.000418611700833201,0.000735928083540545),.UNSPECIFIED.);
#5403=VERTEX_POINT('',#6446);
#5404=CIRCLE('',#6447,0.0005);
#5405=B_SPLINE_CURVE_WITH_KNOTS('',3,(#6448,#6449,#6450,#6451,#6452,#6453),.UNSPECIFIED.,.F.,.F.,(4,2,4),(0.000101295318125854,0.000418611700833199,0.000735928083540545),.UNSPECIFIED.);
#5406=FILL_AREA_STYLE_COLOUR('',#6454);
#5407=LINE('',#6455,#6456);
#5408=LINE('',#6457,#6458);
#5409=FILL_AREA_STYLE_COLOUR('',#6459);
#5410=VERTEX_POINT('',#6460);
#5411=VERTEX_POINT('',#6461);
#5412=LINE('',#6462,#6463);
#5413=VERTEX_POINT('',#6464);
#5414=CIRCLE('',#6465,0.0005);
#5415=VERTEX_POINT('',#6466);
#5416=LINE('',#6467,#6468);
#5417=CIRCLE('',#6469,0.0005);
#5418=FILL_AREA_STYLE_COLOUR('',#6470);
#5419=VERTEX_POINT('',#6471);
#5420=B_SPLINE_CURVE_WITH_KNOTS('',3,(#6472,#6473,#6474,#6475,#6476,#6477),.UNSPECIFIED.,.F.,.F.,(4,2,4),(0.0,0.000314359639450945,0.00062871927890189),.UNSPECIFIED.);
#5421=VERTEX_POINT('',#6478);
#5422=CIRCLE('',#6479,0.0001);
#5423=B_SPLINE_CURVE_WITH_KNOTS('',3,(#6480,#6481,#6482,#6483,#6484,#6485),.UNSPECIFIED.,.F.,.F.,(4,2,4),(0.00010129531812606,0.000418611700833327,0.000735928083540594),.UNSPECIFIED.);
#5424=FILL_AREA_STYLE_COLOUR('',#6486);
#5425=VERTEX_POINT('',#6487);
#5426=B_SPLINE_CURVE_WITH_KNOTS('',3,(#6488,#6489,#6490,#6491,#6492,#6493),.UNSPECIFIED.,.F.,.F.,(4,2,4),(0.000101295318125898,0.000418611700833242,0.000735928083540586),.UNSPECIFIED.);
#5427=VERTEX_POINT('',#6494);
#5428=B_SPLINE_CURVE_WITH_KNOTS('',3,(#6495,#6496,#6497,#6498,#6499,#6500),.UNSPECIFIED.,.F.,.F.,(4,2,4),(0.000101295318125896,0.000418611700833241,0.000735928083540586),.UNSPECIFIED.);
#5429=CIRCLE('',#6501,0.0001);
#5430=FILL_AREA_STYLE_COLOUR('',#6502);
#5431=VERTEX_POINT('',#6503);
#5432=VERTEX_POINT('',#6504);
#5433=LINE('',#6505,#6506);
#5434=VERTEX_POINT('',#6507);
#5435=CIRCLE('',#6508,0.0005);
#5436=VERTEX_POINT('',#6509);
#5437=LINE('',#6510,#6511);
#5438=CIRCLE('',#6512,0.0005);
#5439=FILL_AREA_STYLE_COLOUR('',#6513);
#5440=VERTEX_POINT('',#6514);
#5441=B_SPLINE_CURVE_WITH_KNOTS('',3,(#6515,#6516,#6517,#6518,#6519,#6520),.UNSPECIFIED.,.F.,.F.,(4,2,4),(1.2266347333467E-18,0.000314359639450944,0.000628719278901887),.UNSPECIFIED.);
#5442=VERTEX_POINT('',#6521);
#5443=CIRCLE('',#6522,0.0001);
#5444=B_SPLINE_CURVE_WITH_KNOTS('',3,(#6523,#6524,#6525,#6526,#6527,#6528),.UNSPECIFIED.,.F.,.F.,(4,2,4),(0.000101295318126079,0.000418611700833346,0.000735928083540613),.UNSPECIFIED.);
#5445=FILL_AREA_STYLE_COLOUR('',#6529);
#5446=VERTEX_POINT('',#6530);
#5447=B_SPLINE_CURVE_WITH_KNOTS('',3,(#6531,#6532,#6533,#6534,#6535,#6536),.UNSPECIFIED.,.F.,.F.,(4,2,4),(0.000101295318125922,0.000418611700833265,0.000735928083540608),.UNSPECIFIED.);
#5448=VERTEX_POINT('',#6537);
#5449=B_SPLINE_CURVE_WITH_KNOTS('',3,(#6538,#6539,#6540,#6541,#6542,#6543),.UNSPECIFIED.,.F.,.F.,(4,2,4),(0.00010129531812592,0.000418611700833263,0.000735928083540607),.UNSPECIFIED.);
#5450=CIRCLE('',#6544,0.0001);
#5451=FILL_AREA_STYLE_COLOUR('',#6545);
#5452=VERTEX_POINT('',#6546);
#5453=VERTEX_POINT('',#6547);
#5454=LINE('',#6548,#6549);
#5455=VERTEX_POINT('',#6550);
#5456=CIRCLE('',#6551,0.0005);
#5457=VERTEX_POINT('',#6552);
#5458=LINE('',#6553,#6554);
#5459=CIRCLE('',#6555,0.0005);
#5460=FILL_AREA_STYLE_COLOUR('',#6556);
#5461=VERTEX_POINT('',#6557);
#5462=B_SPLINE_CURVE_WITH_KNOTS('',3,(#6558,#6559,#6560,#6561,#6562,#6563),.UNSPECIFIED.,.F.,.F.,(4,2,4),(0.0,0.000314359639450945,0.00062871927890189),.UNSPECIFIED.);
#5463=VERTEX_POINT('',#6564);
#5464=CIRCLE('',#6565,0.0001);
#5465=B_SPLINE_CURVE_WITH_KNOTS('',3,(#6566,#6567,#6568,#6569,#6570,#6571),.UNSPECIFIED.,.F.,.F.,(4,2,4),(0.000101295318126099,0.000418611700833366,0.000735928083540632),.UNSPECIFIED.);
#5466=FILL_AREA_STYLE_COLOUR('',#6572);
#5467=VERTEX_POINT('',#6573);
#5468=B_SPLINE_CURVE_WITH_KNOTS('',3,(#6574,#6575,#6576,#6577,#6578,#6579),.UNSPECIFIED.,.F.,.F.,(4,2,4),(0.000101295318125933,0.000418611700833277,0.00073592808354062),.UNSPECIFIED.);
#5469=VERTEX_POINT('',#6580);
#5470=B_SPLINE_CURVE_WITH_KNOTS('',3,(#6581,#6582,#6583,#6584,#6585,#6586),.UNSPECIFIED.,.F.,.F.,(4,2,4),(0.000101295318125931,0.000418611700833273,0.000735928083540616),.UNSPECIFIED.);
#5471=CIRCLE('',#6587,0.0001);
#5472=FILL_AREA_STYLE_COLOUR('',#6588);
#5473=VERTEX_POINT('',#6589);
#5474=VERTEX_POINT('',#6590);
#5475=LINE('',#6591,#6592);
#5476=VERTEX_POINT('',#6593);
#5477=CIRCLE('',#6594,0.0005);
#5478=VERTEX_POINT('',#6595);
#5479=LINE('',#6596,#6597);
#5480=CIRCLE('',#6598,0.0005);
#5481=FILL_AREA_STYLE_COLOUR('',#6599);
#5482=VERTEX_POINT('',#6600);
#5483=B_SPLINE_CURVE_WITH_KNOTS('',3,(#6601,#6602,#6603,#6604,#6605,#6606),.UNSPECIFIED.,.F.,.F.,(4,2,4),(1.73472347597681E-18,0.000314359639450946,0.00062871927890189),.UNSPECIFIED.);
#5484=VERTEX_POINT('',#6607);
#5485=CIRCLE('',#6608,0.0001);
#5486=B_SPLINE_CURVE_WITH_KNOTS('',3,(#6609,#6610,#6611,#6612,#6613,#6614),.UNSPECIFIED.,.F.,.F.,(4,2,4),(0.000101295318126113,0.000418611700833381,0.000735928083540648),.UNSPECIFIED.);
#5487=FILL_AREA_STYLE_COLOUR('',#6615);
#5488=VERTEX_POINT('',#6616);
#5489=B_SPLINE_CURVE_WITH_KNOTS('',3,(#6617,#6618,#6619,#6620,#6621,#6622),.UNSPECIFIED.,.F.,.F.,(4,2,4),(0.000101295318125946,0.00041861170083329,0.000735928083540633),.UNSPECIFIED.);
#5490=VERTEX_POINT('',#6623);
#5491=B_SPLINE_CURVE_WITH_KNOTS('',3,(#6624,#6625,#6626,#6627,#6628,#6629),.UNSPECIFIED.,.F.,.F.,(4,2,4),(0.000101295318125945,0.00041861170083329,0.000735928083540634),.UNSPECIFIED.);
#5492=CIRCLE('',#6630,0.0001);
#5493=FILL_AREA_STYLE_COLOUR('',#6631);
#5494=VERTEX_POINT('',#6632);
#5495=VERTEX_POINT('',#6633);
#5496=LINE('',#6634,#6635);
#5497=VERTEX_POINT('',#6636);
#5498=CIRCLE('',#6637,0.0005);
#5499=VERTEX_POINT('',#6638);
#5500=LINE('',#6639,#6640);
#5501=CIRCLE('',#6641,0.0005);
#5502=FILL_AREA_STYLE_COLOUR('',#6642);
#5503=VERTEX_POINT('',#6643);
#5504=B_SPLINE_CURVE_WITH_KNOTS('',3,(#6644,#6645,#6646,#6647,#6648,#6649),.UNSPECIFIED.,.F.,.F.,(4,2,4),(0.0,0.000314359639450945,0.00062871927890189),.UNSPECIFIED.);
#5505=VERTEX_POINT('',#6650);
#5506=CIRCLE('',#6651,0.0001);
#5507=B_SPLINE_CURVE_WITH_KNOTS('',3,(#6652,#6653,#6654,#6655,#6656,#6657),.UNSPECIFIED.,.F.,.F.,(4,2,4),(0.000101295318126114,0.000418611700833381,0.000735928083540647),.UNSPECIFIED.);
#5508=FILL_AREA_STYLE_COLOUR('',#6658);
#5509=VERTEX_POINT('',#6659);
#5510=B_SPLINE_CURVE_WITH_KNOTS('',3,(#6660,#6661,#6662,#6663,#6664,#6665),.UNSPECIFIED.,.F.,.F.,(4,2,4),(0.000101295318125946,0.00041861170083329,0.000735928083540634),.UNSPECIFIED.);
#5511=VERTEX_POINT('',#6666);
#5512=B_SPLINE_CURVE_WITH_KNOTS('',3,(#6667,#6668,#6669,#6670,#6671,#6672),.UNSPECIFIED.,.F.,.F.,(4,2,4),(0.000101295318125948,0.000418611700833291,0.000735928083540634),.UNSPECIFIED.);
#5513=CIRCLE('',#6673,0.0001);
#5514=FILL_AREA_STYLE_COLOUR('',#6674);
#5515=VERTEX_POINT('',#6675);
#5516=VERTEX_POINT('',#6676);
#5517=LINE('',#6677,#6678);
#5518=VERTEX_POINT('',#6679);
#5519=CIRCLE('',#6680,0.0005);
#5520=VERTEX_POINT('',#6681);
#5521=LINE('',#6682,#6683);
#5522=CIRCLE('',#6684,0.0005);
#5523=FILL_AREA_STYLE_COLOUR('',#6685);
#5524=VERTEX_POINT('',#6686);
#5525=B_SPLINE_CURVE_WITH_KNOTS('',3,(#6687,#6688,#6689,#6690,#6691,#6692),.UNSPECIFIED.,.F.,.F.,(4,2,4),(0.0,0.000314359639450945,0.00062871927890189),.UNSPECIFIED.);
#5526=VERTEX_POINT('',#6693);
#5527=CIRCLE('',#6694,0.0001);
#5528=B_SPLINE_CURVE_WITH_KNOTS('',3,(#6695,#6696,#6697,#6698,#6699,#6700),.UNSPECIFIED.,.F.,.F.,(4,2,4),(0.000101295318126098,0.000418611700833365,0.000735928083540631),.UNSPECIFIED.);
#5529=FILL_AREA_STYLE_COLOUR('',#6701);
#5530=VERTEX_POINT('',#6702);
#5531=B_SPLINE_CURVE_WITH_KNOTS('',3,(#6703,#6704,#6705,#6706,#6707,#6708),.UNSPECIFIED.,.F.,.F.,(4,2,4),(0.000101295318125933,0.000418611700833275,0.000735928083540618),.UNSPECIFIED.);
#5532=VERTEX_POINT('',#6709);
#5533=B_SPLINE_CURVE_WITH_KNOTS('',3,(#6710,#6711,#6712,#6713,#6714,#6715),.UNSPECIFIED.,.F.,.F.,(4,2,4),(0.000101295318125926,0.00041861170083327,0.000735928083540613),.UNSPECIFIED.);
#5534=CIRCLE('',#6716,0.0001);
#5535=FILL_AREA_STYLE_COLOUR('',#6717);
#5536=VERTEX_POINT('',#6718);
#5537=VERTEX_POINT('',#6719);
#5538=LINE('',#6720,#6721);
#5539=VERTEX_POINT('',#6722);
#5540=CIRCLE('',#6723,0.0005);
#5541=VERTEX_POINT('',#6724);
#5542=LINE('',#6725,#6726);
#5543=CIRCLE('',#6727,0.0005);
#5544=FILL_AREA_STYLE_COLOUR('',#6728);
#5545=VERTEX_POINT('',#6729);
#5546=B_SPLINE_CURVE_WITH_KNOTS('',3,(#6730,#6731,#6732,#6733,#6734,#6735),.UNSPECIFIED.,.F.,.F.,(4,2,4),(0.0,0.000314359639450943,0.000628719278901887),.UNSPECIFIED.);
#5547=VERTEX_POINT('',#6736);
#5548=CIRCLE('',#6737,0.0001);
#5549=B_SPLINE_CURVE_WITH_KNOTS('',3,(#6738,#6739,#6740,#6741,#6742,#6743),.UNSPECIFIED.,.F.,.F.,(4,2,4),(0.000101295318126081,0.000418611700833345,0.000735928083540609),.UNSPECIFIED.);
#5550=FILL_AREA_STYLE_COLOUR('',#6744);
#5551=VERTEX_POINT('',#6745);
#5552=B_SPLINE_CURVE_WITH_KNOTS('',3,(#6746,#6747,#6748,#6749,#6750,#6751),.UNSPECIFIED.,.F.,.F.,(4,2,4),(0.000101295318125915,0.000418611700833258,0.000735928083540602),.UNSPECIFIED.);
#5553=VERTEX_POINT('',#6752);
#5554=B_SPLINE_CURVE_WITH_KNOTS('',3,(#6753,#6754,#6755,#6756,#6757,#6758),.UNSPECIFIED.,.F.,.F.,(4,2,4),(0.000101295318125912,0.000418611700833255,0.000735928083540599),.UNSPECIFIED.);
#5555=CIRCLE('',#6759,0.0001);
#5556=FILL_AREA_STYLE_COLOUR('',#6760);
#5557=VERTEX_POINT('',#6761);
#5558=VERTEX_POINT('',#6762);
#5559=LINE('',#6763,#6764);
#5560=VERTEX_POINT('',#6765);
#5561=CIRCLE('',#6766,0.0005);
#5562=VERTEX_POINT('',#6767);
#5563=LINE('',#6768,#6769);
#5564=CIRCLE('',#6770,0.0005);
#5565=FILL_AREA_STYLE_COLOUR('',#6771);
#5566=VERTEX_POINT('',#6772);
#5567=B_SPLINE_CURVE_WITH_KNOTS('',3,(#6773,#6774,#6775,#6776,#6777,#6778),.UNSPECIFIED.,.F.,.F.,(4,2,4),(8.67361737988404E-19,0.000314359639450946,0.000628719278901892),.UNSPECIFIED.);
#5568=VERTEX_POINT('',#6779);
#5569=CIRCLE('',#6780,0.0001);
#5570=B_SPLINE_CURVE_WITH_KNOTS('',3,(#6781,#6782,#6783,#6784,#6785,#6786),.UNSPECIFIED.,.F.,.F.,(4,2,4),(0.000101295318125892,0.000418611700833239,0.000735928083540585),.UNSPECIFIED.);
#5571=FILL_AREA_STYLE_COLOUR('',#6787);
#5572=VERTEX_POINT('',#6788);
#5573=B_SPLINE_CURVE_WITH_KNOTS('',3,(#6789,#6790,#6791,#6792,#6793,#6794),.UNSPECIFIED.,.F.,.F.,(4,2,4),(0.000101295318125898,0.000418611700833239,0.000735928083540581),.UNSPECIFIED.);
#5574=VERTEX_POINT('',#6795);
#5575=B_SPLINE_CURVE_WITH_KNOTS('',3,(#6796,#6797,#6798,#6799,#6800,#6801),.UNSPECIFIED.,.F.,.F.,(4,2,4),(0.000101295318125899,0.000418611700833244,0.00073592808354059),.UNSPECIFIED.);
#5576=CIRCLE('',#6802,0.0001);
#5577=FILL_AREA_STYLE_COLOUR('',#6803);
#5578=VERTEX_POINT('',#6804);
#5579=VERTEX_POINT('',#6805);
#5580=LINE('',#6806,#6807);
#5581=VERTEX_POINT('',#6808);
#5582=CIRCLE('',#6809,0.0005);
#5583=VERTEX_POINT('',#6810);
#5584=LINE('',#6811,#6812);
#5585=CIRCLE('',#6813,0.0005);
#5586=FILL_AREA_STYLE_COLOUR('',#6814);
#5587=VERTEX_POINT('',#6815);
#5588=B_SPLINE_CURVE_WITH_KNOTS('',3,(#6816,#6817,#6818,#6819,#6820,#6821),.UNSPECIFIED.,.F.,.F.,(4,2,4),(1.30104260698261E-18,0.000314359639450947,0.000628719278901892),.UNSPECIFIED.);
#5589=VERTEX_POINT('',#6822);
#5590=CIRCLE('',#6823,0.0001);
#5591=B_SPLINE_CURVE_WITH_KNOTS('',3,(#6824,#6825,#6826,#6827,#6828,#6829),.UNSPECIFIED.,.F.,.F.,(4,2,4),(0.000101295318125866,0.000418611700833212,0.000735928083540558),.UNSPECIFIED.);
#5592=FILL_AREA_STYLE_COLOUR('',#6830);
#5593=VERTEX_POINT('',#6831);
#5594=B_SPLINE_CURVE_WITH_KNOTS('',3,(#6832,#6833,#6834,#6835,#6836,#6837),.UNSPECIFIED.,.F.,.F.,(4,2,4),(0.000101295318125849,0.000418611700833194,0.000735928083540538),.UNSPECIFIED.);
#5595=VERTEX_POINT('',#6838);
#5596=B_SPLINE_CURVE_WITH_KNOTS('',3,(#6839,#6840,#6841,#6842,#6843,#6844),.UNSPECIFIED.,.F.,.F.,(4,2,4),(0.000101295318125843,0.000418611700833188,0.000735928083540533),.UNSPECIFIED.);
#5597=CIRCLE('',#6845,0.0001);
#5598=FILL_AREA_STYLE_COLOUR('',#6846);
#5599=VERTEX_POINT('',#6847);
#5600=VERTEX_POINT('',#6848);
#5601=LINE('',#6849,#6850);
#5602=VERTEX_POINT('',#6851);
#5603=CIRCLE('',#6852,0.0005);
#5604=VERTEX_POINT('',#6853);
#5605=LINE('',#6854,#6855);
#5606=CIRCLE('',#6856,0.0005);
#5607=FILL_AREA_STYLE_COLOUR('',#6857);
#5608=VERTEX_POINT('',#6858);
#5609=B_SPLINE_CURVE_WITH_KNOTS('',3,(#6859,#6860,#6861,#6862,#6863,#6864),.UNSPECIFIED.,.F.,.F.,(4,2,4),(2.16840434497101E-18,0.000314359639450946,0.000628719278901889),.UNSPECIFIED.);
#5610=VERTEX_POINT('',#6865);
#5611=CIRCLE('',#6866,0.0001);
#5612=B_SPLINE_CURVE_WITH_KNOTS('',3,(#6867,#6868,#6869,#6870,#6871,#6872),.UNSPECIFIED.,.F.,.F.,(4,2,4),(0.000101295318125837,0.000418611700833186,0.000735928083540536),.UNSPECIFIED.);
#5613=FILL_AREA_STYLE_COLOUR('',#6873);
#5614=VERTEX_POINT('',#6874);
#5615=B_SPLINE_CURVE_WITH_KNOTS('',3,(#6875,#6876,#6877,#6878,#6879,#6880),.UNSPECIFIED.,.F.,.F.,(4,2,4),(0.000101295318125828,0.000418611700833172,0.000735928083540516),.UNSPECIFIED.);
#5616=VERTEX_POINT('',#6881);
#5617=B_SPLINE_CURVE_WITH_KNOTS('',3,(#6882,#6883,#6884,#6885,#6886,#6887),.UNSPECIFIED.,.F.,.F.,(4,2,4),(0.000101295318125827,0.000418611700833171,0.000735928083540515),.UNSPECIFIED.);
#5618=CIRCLE('',#6888,0.0001);
#5619=FILL_AREA_STYLE_COLOUR('',#6889);
#5620=CIRCLE('',#6890,0.007);
#5621=FILL_AREA_STYLE_COLOUR('',#6891);
#5622=CIRCLE('',#6892,0.007);
#5623=CIRCLE('',#6893,0.007);
#5624=FILL_AREA_STYLE_COLOUR('',#6894);
#5625=CIRCLE('',#6895,0.007);
#5626=CIRCLE('',#6896,0.007);
#5627=FILL_AREA_STYLE_COLOUR('',#6897);
#5628=CIRCLE('',#6898,0.007);
#5629=CIRCLE('',#6899,0.007);
#5630=FILL_AREA_STYLE_COLOUR('',#6900);
#5631=CIRCLE('',#6901,0.007);
#5632=CIRCLE('',#6902,0.007);
#5633=FILL_AREA_STYLE_COLOUR('',#6903);
#5634=CIRCLE('',#6904,0.007);
#5635=CIRCLE('',#6905,0.007);
#5636=FILL_AREA_STYLE_COLOUR('',#6906);
#5637=CIRCLE('',#6907,0.007);
#5638=CIRCLE('',#6908,0.007);
#5639=FILL_AREA_STYLE_COLOUR('',#6909);
#5640=CIRCLE('',#6910,0.007);
#5641=CIRCLE('',#6911,0.007);
#5642=FILL_AREA_STYLE_COLOUR('',#6912);
#5643=CIRCLE('',#6913,0.007);
#5644=CIRCLE('',#6914,0.007);
#5645=FILL_AREA_STYLE_COLOUR('',#6915);
#5646=CIRCLE('',#6916,0.007);
#5647=CIRCLE('',#6917,0.007);
#5648=FILL_AREA_STYLE_COLOUR('',#6918);
#5649=CIRCLE('',#6919,0.007);
#5650=CIRCLE('',#6920,0.007);
#5651=FILL_AREA_STYLE_COLOUR('',#6921);
#5652=CIRCLE('',#6922,0.007);
#5653=LINE('',#6923,#6924);
#5654=CIRCLE('',#6925,0.007);
#5655=FILL_AREA_STYLE_COLOUR('',#6926);
#5656=CIRCLE('',#6927,0.007);
#5657=CIRCLE('',#6928,0.007);
#5658=B_SPLINE_CURVE_WITH_KNOTS('',3,(#6929,#6930,#6931,#6932,#6933,#6934),.UNSPECIFIED.,.F.,.F.,(4,2,4),(0.000101295318126264,0.000418611700833344,0.000735928083540424),.UNSPECIFIED.);
#5659=FILL_AREA_STYLE_COLOUR('',#6935);
#5660=CIRCLE('',#6936,0.007);
#5661=CIRCLE('',#6937,0.007);
#5662=FILL_AREA_STYLE_COLOUR('',#6938);
#5663=CIRCLE('',#6939,0.007);
#5664=CIRCLE('',#6940,0.007);
#5665=FILL_AREA_STYLE_COLOUR('',#6941);
#5666=CIRCLE('',#6942,0.007);
#5667=CIRCLE('',#6943,0.007);
#5668=FILL_AREA_STYLE_COLOUR('',#6944);
#5669=CIRCLE('',#6945,0.007);
#5670=CIRCLE('',#6946,0.007);
#5671=FILL_AREA_STYLE_COLOUR('',#6947);
#5672=CIRCLE('',#6948,0.007);
#5673=CIRCLE('',#6949,0.007);
#5674=FILL_AREA_STYLE_COLOUR('',#6950);
#5675=CIRCLE('',#6951,0.007);
#5676=CIRCLE('',#6952,0.007);
#5677=FILL_AREA_STYLE_COLOUR('',#6953);
#5678=CIRCLE('',#6954,0.007);
#5679=CIRCLE('',#6955,0.007);
#5680=FILL_AREA_STYLE_COLOUR('',#6956);
#5681=CIRCLE('',#6957,0.007);
#5682=CIRCLE('',#6958,0.007);
#5683=FILL_AREA_STYLE_COLOUR('',#6959);
#5684=CIRCLE('',#6960,0.007);
#5685=CIRCLE('',#6961,0.007);
#5686=FILL_AREA_STYLE_COLOUR('',#6962);
#5687=VERTEX_POINT('',#6963);
#5688=CIRCLE('',#6964,0.0066);
#5689=VERTEX_POINT('',#6965);
#5690=CIRCLE('',#6966,0.0028);
#5691=FILL_AREA_STYLE_COLOUR('',#6967);
#5692=VERTEX_POINT('',#6968);
#5693=CIRCLE('',#6969,0.0066);
#5694=VERTEX_POINT('',#6970);
#5695=CIRCLE('',#6971,0.003075);
#5696=FILL_AREA_STYLE_COLOUR('',#6972);
#5697=VERTEX_POINT('',#6973);
#5698=CIRCLE('',#6974,0.0028);
#5699=FILL_AREA_STYLE_COLOUR('',#6975);
#5700=VERTEX_POINT('',#6976);
#5701=VERTEX_POINT('',#6977);
#5702=LINE('',#6978,#6979);
#5703=VERTEX_POINT('',#6980);
#5704=LINE('',#6981,#6982);
#5705=VERTEX_POINT('',#6983);
#5706=LINE('',#6984,#6985);
#5707=VERTEX_POINT('',#6986);
#5708=LINE('',#6987,#6988);
#5709=VERTEX_POINT('',#6989);
#5710=LINE('',#6990,#6991);
#5711=LINE('',#6992,#6993);
#5712=FILL_AREA_STYLE_COLOUR('',#6994);
#5713=VERTEX_POINT('',#6995);
#5714=LINE('',#6996,#6997);
#5715=VERTEX_POINT('',#6998);
#5716=LINE('',#6999,#7000);
#5717=LINE('',#7001,#7002);
#5718=FILL_AREA_STYLE_COLOUR('',#7003);
#5719=VERTEX_POINT('',#7004);
#5720=LINE('',#7005,#7006);
#5721=LINE('',#7007,#7008);
#5722=FILL_AREA_STYLE_COLOUR('',#7009);
#5723=VERTEX_POINT('',#7010);
#5724=LINE('',#7011,#7012);
#5725=LINE('',#7013,#7014);
#5726=FILL_AREA_STYLE_COLOUR('',#7015);
#5727=VERTEX_POINT('',#7016);
#5728=LINE('',#7017,#7018);
#5729=LINE('',#7019,#7020);
#5730=FILL_AREA_STYLE_COLOUR('',#7021);
#5731=VERTEX_POINT('',#7022);
#5732=LINE('',#7023,#7024);
#5733=LINE('',#7025,#7026);
#5734=FILL_AREA_STYLE_COLOUR('',#7027);
#5735=LINE('',#7028,#7029);
#5736=FILL_AREA_STYLE_COLOUR('',#7030);
#5737=FILL_AREA_STYLE_COLOUR('',#7031);
#5738=VERTEX_POINT('',#7032);
#5739=CIRCLE('',#7033,0.0027);
#5740=VERTEX_POINT('',#7034);
#5741=CIRCLE('',#7035,0.003075);
#5742=FILL_AREA_STYLE_COLOUR('',#7036);
#5743=VERTEX_POINT('',#7037);
#5744=CIRCLE('',#7038,0.0027);
#5745=VERTEX_POINT('',#7039);
#5746=CIRCLE('',#7040,0.003075);
#5747=FILL_AREA_STYLE_COLOUR('',#7041);
#5748=FILL_AREA_STYLE_COLOUR('',#7042);
#5749=FILL_AREA_STYLE_COLOUR('',#7043);
#5750=CIRCLE('',#7044,0.007);
#5751=FILL_AREA_STYLE_COLOUR('',#7045);
#5752=CIRCLE('',#7046,0.007);
#5753=FILL_AREA_STYLE_COLOUR('',#7047);
#5754=CIRCLE('',#7048,0.007);
#5755=FILL_AREA_STYLE_COLOUR('',#7049);
#5756=CIRCLE('',#7050,0.007);
#5757=FILL_AREA_STYLE_COLOUR('',#7051);
#5758=CIRCLE('',#7052,0.007);
#5759=FILL_AREA_STYLE_COLOUR('',#7053);
#5760=CIRCLE('',#7054,0.007);
#5761=FILL_AREA_STYLE_COLOUR('',#7055);
#5762=CIRCLE('',#7056,0.007);
#5763=FILL_AREA_STYLE_COLOUR('',#7057);
#5764=CIRCLE('',#7058,0.007);
#5765=FILL_AREA_STYLE_COLOUR('',#7059);
#5766=CIRCLE('',#7060,0.007);
#5767=FILL_AREA_STYLE_COLOUR('',#7061);
#5768=CIRCLE('',#7062,0.007);
#5769=FILL_AREA_STYLE_COLOUR('',#7063);
#5770=CIRCLE('',#7064,0.007);
#5771=FILL_AREA_STYLE_COLOUR('',#7065);
#5772=CIRCLE('',#7066,0.007);
#5773=FILL_AREA_STYLE_COLOUR('',#7067);
#5774=CIRCLE('',#7068,0.007);
#5775=FILL_AREA_STYLE_COLOUR('',#7069);
#5776=CIRCLE('',#7070,0.007);
#5777=FILL_AREA_STYLE_COLOUR('',#7071);
#5778=CIRCLE('',#7072,0.007);
#5779=FILL_AREA_STYLE_COLOUR('',#7073);
#5780=CIRCLE('',#7074,0.007);
#5781=FILL_AREA_STYLE_COLOUR('',#7075);
#5782=CIRCLE('',#7076,0.007);
#5783=FILL_AREA_STYLE_COLOUR('',#7077);
#5784=CIRCLE('',#7078,0.007);
#5785=FILL_AREA_STYLE_COLOUR('',#7079);
#5786=CIRCLE('',#7080,0.007);
#5787=FILL_AREA_STYLE_COLOUR('',#7081);
#5788=CIRCLE('',#7082,0.007);
#5789=FILL_AREA_STYLE_COLOUR('',#7083);
#5790=CIRCLE('',#7084,0.007);
#5791=FILL_AREA_STYLE_COLOUR('',#7085);
#5792=CIRCLE('',#7086,0.007);
#5793=FILL_AREA_STYLE_COLOUR('',#7087);
#5794=CIRCLE('',#7088,0.007);
#5795=FILL_AREA_STYLE_COLOUR('',#7089);
#5796=CIRCLE('',#7090,0.007);
#5797=FILL_AREA_STYLE_COLOUR('',#7091);
#5798=CIRCLE('',#7092,0.007);
#5799=FILL_AREA_STYLE_COLOUR('',#7093);
#5800=CIRCLE('',#7094,0.007);
#5801=FILL_AREA_STYLE_COLOUR('',#7095);
#5802=CIRCLE('',#7096,0.007);
#5803=FILL_AREA_STYLE_COLOUR('',#7097);
#5804=CIRCLE('',#7098,0.007);
#5805=FILL_AREA_STYLE_COLOUR('',#7099);
#5806=CIRCLE('',#7100,0.007);
#5807=FILL_AREA_STYLE_COLOUR('',#7101);
#5808=CIRCLE('',#7102,0.007);
#5809=FILL_AREA_STYLE_COLOUR('',#7103);
#5810=CIRCLE('',#7104,0.007);
#5811=FILL_AREA_STYLE_COLOUR('',#7105);
#5812=CIRCLE('',#7106,0.007);
#5813=FILL_AREA_STYLE_COLOUR('',#7107);
#5814=FILL_AREA_STYLE_COLOUR('',#7108);
#5815=VERTEX_POINT('',#7109);
#5816=CIRCLE('',#7110,0.003075);
#5817=FILL_AREA_STYLE_COLOUR('',#7111);
#5818=FILL_AREA_STYLE_COLOUR('',#7112);
#5819=FILL_AREA_STYLE_COLOUR('',#7113);
#5820=CIRCLE('',#7114,0.007);
#5821=CIRCLE('',#7115,0.007);
#5822=FILL_AREA_STYLE_COLOUR('',#7116);
#5823=CIRCLE('',#7117,0.007);
#5824=CIRCLE('',#7118,0.007);
#5825=FILL_AREA_STYLE_COLOUR('',#7119);
#5826=FILL_AREA_STYLE_COLOUR('',#7120);
#5827=FILL_AREA_STYLE_COLOUR('',#7121);
#5828=COLOUR_RGB('',0.560784339904785,0.623529434204102,0.686274528503418);
#5829=CARTESIAN_POINT('',(-0.00572047865493945,-9.99974489469937E-05,0.0190632616486575));
#5830=CARTESIAN_POINT('',(-0.00572047865493945,-0.00171495832647012,0.0188506480156257));
#5831=AXIS2_PLACEMENT_3D('',#7122,#7123,#7124);
#5832=CARTESIAN_POINT('',(-0.00532047865493945,-0.00132445674425329,0.0189375350075596));
#5833=CARTESIAN_POINT('',(-0.00572047865493945,-0.00171495832647012,0.0188506480156257));
#5834=CARTESIAN_POINT('',(-0.00572047865493945,-0.0016125464730042,0.018876526982331));
#5835=CARTESIAN_POINT('',(-0.00567693964689562,-0.00151141708199233,0.0188992553583446));
#5836=CARTESIAN_POINT('',(-0.00552962686380281,-0.0013672369482119,0.0189295487092369));
#5837=CARTESIAN_POINT('',(-0.00542610884405645,-0.0013244567442533,0.0189375350075596));
#5838=CARTESIAN_POINT('',(-0.00532047865493945,-0.0013244567442533,0.0189375350075596));
#5839=CARTESIAN_POINT('',(0.00230638042476216,-0.0013244567442533,0.0189375350075596));
#5840=CARTESIAN_POINT('',(0.00310638042476216,-0.00132445674425329,0.0189375350075596));
#5841=VECTOR('',#7125,1.0);
#5842=CARTESIAN_POINT('',(0.00270638042476216,-0.00171495832647012,0.0188506480156257));
#5843=CARTESIAN_POINT('',(0.00270638042476217,-0.00171495832647012,0.0188506480156257));
#5844=CARTESIAN_POINT('',(0.00270638042476217,-0.00161348285963639,0.01887629036208));
#5845=CARTESIAN_POINT('',(0.00266299698766077,-0.0015116120831632,0.0188992134808215));
#5846=CARTESIAN_POINT('',(0.00251554119612103,-0.00136720655376877,0.0189295560005929));
#5847=CARTESIAN_POINT('',(0.00241161849128628,-0.0013244567442533,0.0189375350075596));
#5848=CARTESIAN_POINT('',(0.00230638042476216,-0.0013244567442533,0.0189375350075596));
#5849=CARTESIAN_POINT('',(0.00270638042476216,-9.99974489470326E-05,0.0190632616486575));
#5850=AXIS2_PLACEMENT_3D('',#7126,#7127,#7128);
#5851=CARTESIAN_POINT('',(0.00230638042476216,-0.000499681020701167,0.0190461187915147));
#5852=CARTESIAN_POINT('',(0.00270638042476217,-9.99974489470331E-05,0.0190632616486575));
#5853=CARTESIAN_POINT('',(0.00270638042476217,-0.00020465195071995,0.0190617664699171));
#5854=CARTESIAN_POINT('',(0.00266299698766077,-0.000308984504362979,0.019057542405238));
#5855=CARTESIAN_POINT('',(0.00251554119612103,-0.000456322756657239,0.0190494761274945));
#5856=CARTESIAN_POINT('',(0.00241161849128628,-0.000499681020701167,0.0190461187915147));
#5857=CARTESIAN_POINT('',(0.00230638042476216,-0.000499681020701167,0.0190461187915147));
#5858=CARTESIAN_POINT('',(-0.00532047865493945,-0.000499681020701173,0.0190461187915147));
#5859=CARTESIAN_POINT('',(0.00310638042476216,-0.000499681020701173,0.0190461187915147));
#5860=VECTOR('',#7129,1.0);
#5861=CARTESIAN_POINT('',(-0.00572047865493945,-9.99974489469944E-05,0.0190632616486575));
#5862=CARTESIAN_POINT('',(-0.00572047865493946,-0.000204651950719918,0.0190617664699171));
#5863=CARTESIAN_POINT('',(-0.00567709521783807,-0.000308984504362957,0.019057542405238));
#5864=CARTESIAN_POINT('',(-0.00552963942629833,-0.000456322756657232,0.0190494761274945));
#5865=CARTESIAN_POINT('',(-0.00542571672146357,-0.000499681020701166,0.0190461187915147));
#5866=CARTESIAN_POINT('',(-0.00532047865493945,-0.000499681020701166,0.0190461187915147));
#5867=COLOUR_RGB('',0.560784339904785,0.623529434204102,0.686274528503418);
#5868=CARTESIAN_POINT('',(-0.00572047865493945,-0.00190813856347205,0.0187988855271274));
#5869=AXIS2_PLACEMENT_3D('',#7130,#7131,#7132);
#5870=CARTESIAN_POINT('',(-0.00532047865493945,-0.00228976634985682,0.0186788810782921));
#5871=CARTESIAN_POINT('',(-0.00572047865493945,-0.00190813856347205,0.0187988855271274));
#5872=CARTESIAN_POINT('',(-0.00572047865493946,-0.00200884006883808,0.0187703547171525));
#5873=CARTESIAN_POINT('',(-0.00567709521783807,-0.00210852430853788,0.01873927133208));
#5874=CARTESIAN_POINT('',(-0.00552963942629832,-0.00224875442532611,0.0186933459603197));
#5875=CARTESIAN_POINT('',(-0.00542571672146357,-0.00228976634985682,0.0186788810782921));
#5876=CARTESIAN_POINT('',(-0.00532047865493945,-0.00228976634985682,0.0186788810782921));
#5877=AXIS2_PLACEMENT_3D('',#7133,#7134,#7135);
#5878=COLOUR_RGB('',0.560784339904785,0.623529434204102,0.686274528503418);
#5879=AXIS2_PLACEMENT_3D('',#7136,#7137,#7138);
#5880=COLOUR_RGB('',0.560784339904785,0.623529434204102,0.686274528503418);
#5881=CARTESIAN_POINT('',(0.00270638042476216,-0.00190813856347259,0.0187988855271272));
#5882=AXIS2_PLACEMENT_3D('',#7139,#7140,#7141);
#5883=AXIS2_PLACEMENT_3D('',#7142,#7143,#7144);
#5884=COLOUR_RGB('',0.560784339904785,0.623529434204102,0.686274528503418);
#5885=CARTESIAN_POINT('',(0.00230638042476216,-0.00228976634985682,0.0186788810782921));
#5886=CARTESIAN_POINT('',(0.00310638042476216,-0.00228976634985682,0.0186788810782921));
#5887=VECTOR('',#7145,1.0);
#5888=AXIS2_PLACEMENT_3D('',#7146,#7147,#7148);
#5889=COLOUR_RGB('',0.560784339904785,0.623529434204102,0.686274528503418);
#5890=CARTESIAN_POINT('',(0.00370638042476219,0.00095000000000004,0.0120639759343717));
#5891=AXIS2_PLACEMENT_3D('',#7149,#7150,#7151);
#5892=CARTESIAN_POINT('',(0.00050638042476219,4.00883753276515E-17,0.0111139759343717));
#5893=AXIS2_PLACEMENT_3D('',#7152,#7153,#7154);
#5894=COLOUR_RGB('',0.560784339904785,0.623529434204102,0.686274528503418);
#5895=COLOUR_RGB('',0.560784339904785,0.623529434204102,0.686274528503418);
#5896=CARTESIAN_POINT('',(-0.00572047865493945,9.99974489470741E-05,0.0190632616486575));
#5897=AXIS2_PLACEMENT_3D('',#7155,#7156,#7157);
#5898=AXIS2_PLACEMENT_3D('',#7158,#7159,#7160);
#5899=COLOUR_RGB('',0.560784339904785,0.623529434204102,0.686274528503418);
#5900=CARTESIAN_POINT('',(0.00270638042476216,9.99974489194919E-05,0.0190632616486579));
#5901=AXIS2_PLACEMENT_3D('',#7161,#7162,#7163);
#5902=AXIS2_PLACEMENT_3D('',#7164,#7165,#7166);
#5903=COLOUR_RGB('',0.560784339904785,0.623529434204102,0.686274528503418);
#5904=CARTESIAN_POINT('',(-0.00532047865493945,0.000499681020701215,0.0190461187915147));
#5905=CARTESIAN_POINT('',(-0.00572047865493945,9.99974489470741E-05,0.0190632616486575));
#5906=CARTESIAN_POINT('',(-0.00572047865493945,0.000205617672578847,0.0190617526728346));
#5907=CARTESIAN_POINT('',(-0.00567693964689563,0.000309183699730676,0.0190575323858023));
#5908=CARTESIAN_POINT('',(-0.00552962686380281,0.000456291510737904,0.0190494769512462));
#5909=CARTESIAN_POINT('',(-0.00542610884405645,0.000499681020701206,0.0190461187915147));
#5910=CARTESIAN_POINT('',(-0.00532047865493945,0.000499681020701206,0.0190461187915147));
#5911=AXIS2_PLACEMENT_3D('',#7167,#7168,#7169);
#5912=COLOUR_RGB('',0.560784339904785,0.623529434204102,0.686274528503418);
#5913=CARTESIAN_POINT('',(0.00230638042476216,0.000499681020701207,0.0190461187915147));
#5914=CARTESIAN_POINT('',(0.00270638042476217,9.99974489194925E-05,0.0190632616486579));
#5915=CARTESIAN_POINT('',(0.00270638042476939,0.000204651950697642,0.0190617664699179));
#5916=CARTESIAN_POINT('',(0.00266299698767113,0.000308984504347605,0.0190575424052388));
#5917=CARTESIAN_POINT('',(0.0025155411961301,0.000456322756653279,0.0190494761274948));
#5918=CARTESIAN_POINT('',(0.0024116184912909,0.000499681020701208,0.0190461187915147));
#5919=CARTESIAN_POINT('',(0.00230638042476216,0.000499681020701207,0.0190461187915147));
#5920=AXIS2_PLACEMENT_3D('',#7170,#7171,#7172);
#5921=COLOUR_RGB('',0.560784339904785,0.623529434204102,0.686274528503418);
#5922=CARTESIAN_POINT('',(-0.0057204786549394,-9.99974489468663E-05,0.00506469022008609));
#5923=CARTESIAN_POINT('',(-0.0057204786549394,9.99974489473888E-05,0.0050646902200861));
#5924=AXIS2_PLACEMENT_3D('',#7173,#7174,#7175);
#5925=AXIS2_PLACEMENT_3D('',#7176,#7177,#7178);
#5926=COLOUR_RGB('',0.560784339904785,0.623529434204102,0.686274528503418);
#5927=CARTESIAN_POINT('',(0.00270638042476221,9.99974489472381E-05,0.00506469022008612));
#5928=CARTESIAN_POINT('',(0.00270638042476221,-9.99974489468665E-05,0.00506469022008612));
#5929=AXIS2_PLACEMENT_3D('',#7179,#7180,#7181);
#5930=AXIS2_PLACEMENT_3D('',#7182,#7183,#7184);
#5931=COLOUR_RGB('',0.560784339904785,0.623529434204102,0.686274528503418);
#5932=CARTESIAN_POINT('',(-0.0053204786549394,-0.000499681020701009,0.00508183307722892));
#5933=CARTESIAN_POINT('',(-0.0057204786549394,-9.99974489468668E-05,0.00506469022008607));
#5934=CARTESIAN_POINT('',(-0.0057204786549394,-0.00020561767257864,0.00506619919590896));
#5935=CARTESIAN_POINT('',(-0.00567693964689558,-0.00030918369973047,0.00507041948294126));
#5936=CARTESIAN_POINT('',(-0.00552962686380276,-0.000456291510737697,0.00507847491749739));
#5937=CARTESIAN_POINT('',(-0.0054261088440564,-0.000499681020701,0.00508183307722892));
#5938=CARTESIAN_POINT('',(-0.0053204786549394,-0.000499681020701,0.00508183307722892));
#5939=CARTESIAN_POINT('',(-0.0053204786549394,0.00049968102070138,0.00508183307722892));
#5940=CARTESIAN_POINT('',(-0.00572047865493941,9.99974489473894E-05,0.0050646902200861));
#5941=CARTESIAN_POINT('',(-0.00572047865493937,0.000204651950720276,0.00506618539882652));
#5942=CARTESIAN_POINT('',(-0.00567709521783795,0.000308984504363268,0.00507040946350563));
#5943=CARTESIAN_POINT('',(-0.00552963942629822,0.000456322756657464,0.00507847574124915));
#5944=CARTESIAN_POINT('',(-0.00542571672146349,0.000499681020701371,0.00508183307722896));
#5945=CARTESIAN_POINT('',(-0.0053204786549394,0.000499681020701371,0.00508183307722896));
#5946=AXIS2_PLACEMENT_3D('',#7185,#7186,#7187);
#5947=COLOUR_RGB('',0.560784339904785,0.623529434204102,0.686274528503418);
#5948=CARTESIAN_POINT('',(0.00230638042476221,-0.000499681020701,0.00508183307722897));
#5949=CARTESIAN_POINT('',(0.00270638042476222,-9.99974489468671E-05,0.00506469022008612));
#5950=CARTESIAN_POINT('',(0.00270638042476222,-0.000204651950719783,0.00506618539882654));
#5951=CARTESIAN_POINT('',(0.00266299698766082,-0.000308984504362813,0.00507040946350565));
#5952=CARTESIAN_POINT('',(0.00251554119612108,-0.000456322756657072,0.00507847574124916));
#5953=CARTESIAN_POINT('',(0.00241161849128633,-0.000499681020701,0.00508183307722897));
#5954=CARTESIAN_POINT('',(0.00230638042476221,-0.000499681020701,0.00508183307722897));
#5955=CARTESIAN_POINT('',(0.00230638042476221,0.000499681020701373,0.00508183307722899));
#5956=AXIS2_PLACEMENT_3D('',#7188,#7189,#7190);
#5957=CARTESIAN_POINT('',(0.00270638042476222,9.99974489472386E-05,0.00506469022008612));
#5958=CARTESIAN_POINT('',(0.00270638042476222,0.000204651950720155,0.00506618539882654));
#5959=CARTESIAN_POINT('',(0.00266299698766082,0.000308984504363185,0.00507040946350566));
#5960=CARTESIAN_POINT('',(0.00251554119612108,0.000456322756657445,0.00507847574124917));
#5961=CARTESIAN_POINT('',(0.00241161849128633,0.000499681020701373,0.00508183307722899));
#5962=CARTESIAN_POINT('',(0.00230638042476221,0.000499681020701373,0.00508183307722899));
#5963=COLOUR_RGB('',0.560784339904785,0.623529434204102,0.686274528503418);
#5964=CARTESIAN_POINT('',(0.00310638042476221,0.00049968102070138,0.00508183307722896));
#5965=VECTOR('',#7191,1.0);
#5966=CARTESIAN_POINT('',(0.00310638042476221,-0.000499681020701009,0.00508183307722895));
#5967=VECTOR('',#7192,1.0);
#5968=COLOUR_RGB('',0.560784339904785,0.623529434204102,0.686274528503418);
#5969=CARTESIAN_POINT('',(0.00230638042476221,-0.00132445674425316,0.00519041686118404));
#5970=CARTESIAN_POINT('',(-0.0053204786549394,-0.00132445674425316,0.005190416861184));
#5971=CARTESIAN_POINT('',(0.00310638042476221,-0.00132445674425315,0.00519041686118403));
#5972=VECTOR('',#7193,1.0);
#5973=CARTESIAN_POINT('',(0.00230638042476221,-0.00228976634985668,0.00544907079045149));
#5974=AXIS2_PLACEMENT_3D('',#7194,#7195,#7196);
#5975=CARTESIAN_POINT('',(-0.0053204786549394,-0.00228976634985669,0.00544907079045147));
#5976=CARTESIAN_POINT('',(0.00310638042476221,-0.00228976634985669,0.0054490707904515));
#5977=VECTOR('',#7197,1.0);
#5978=AXIS2_PLACEMENT_3D('',#7198,#7199,#7200);
#5979=COLOUR_RGB('',0.560784339904785,0.623529434204102,0.686274528503418);
#5980=CARTESIAN_POINT('',(0.00270638042476221,-0.00190813856347195,0.00532906634161626));
#5981=CARTESIAN_POINT('',(0.00270638042476222,-0.00190813856347195,0.00532906634161626));
#5982=CARTESIAN_POINT('',(0.00270638042476222,-0.00200884006883797,0.00535759715159109));
#5983=CARTESIAN_POINT('',(0.00266299698766082,-0.00210852430853776,0.00538868053666356));
#5984=CARTESIAN_POINT('',(0.00251554119612108,-0.00224875442532597,0.00543460590842391));
#5985=CARTESIAN_POINT('',(0.00241161849128633,-0.00228976634985668,0.00544907079045149));
#5986=CARTESIAN_POINT('',(0.00230638042476221,-0.00228976634985668,0.00544907079045149));
#5987=CARTESIAN_POINT('',(0.00270638042476221,-0.00171495832646998,0.00527730385311794));
#5988=CARTESIAN_POINT('',(0.00270638042476222,-0.00171495832646998,0.00527730385311794));
#5989=CARTESIAN_POINT('',(0.00270638042476222,-0.00161348285963625,0.00525166150666368));
#5990=CARTESIAN_POINT('',(0.00266299698766082,-0.00151161208316306,0.00522873838792216));
#5991=CARTESIAN_POINT('',(0.00251554119612108,-0.00136720655376863,0.00519839586815076));
#5992=CARTESIAN_POINT('',(0.00241161849128633,-0.00132445674425316,0.00519041686118404));
#5993=CARTESIAN_POINT('',(0.00230638042476221,-0.00132445674425316,0.00519041686118404));
#5994=AXIS2_PLACEMENT_3D('',#7201,#7202,#7203);
#5995=COLOUR_RGB('',0.560784339904785,0.623529434204102,0.686274528503418);
#5996=CARTESIAN_POINT('',(-0.0057204786549394,-0.00190813856347195,0.00532906634161623));
#5997=CARTESIAN_POINT('',(-0.0057204786549394,-0.00171495832646984,0.00527730385311787));
#5998=AXIS2_PLACEMENT_3D('',#7204,#7205,#7206);
#5999=AXIS2_PLACEMENT_3D('',#7207,#7208,#7209);
#6000=COLOUR_RGB('',0.560784339904785,0.623529434204102,0.686274528503418);
#6001=CARTESIAN_POINT('',(0.00230638042476221,-0.00305833497085509,0.0057674223368834));
#6002=CARTESIAN_POINT('',(-0.0053204786549394,-0.00305833497085509,0.00576742233688337));
#6003=CARTESIAN_POINT('',(0.00310638042476221,-0.00305833497085509,0.0057674223368834));
#6004=VECTOR('',#7210,1.0);
#6005=CARTESIAN_POINT('',(0.00230638042476221,-0.00392380788628744,0.00626710335758457));
#6006=AXIS2_PLACEMENT_3D('',#7211,#7212,#7213);
#6007=CARTESIAN_POINT('',(-0.0053204786549394,-0.00392380788628743,0.00626710335758456));
#6008=CARTESIAN_POINT('',(0.00310638042476221,-0.00392380788628743,0.0062671033575846));
#6009=VECTOR('',#7214,1.0);
#6010=AXIS2_PLACEMENT_3D('',#7215,#7216,#7217);
#6011=COLOUR_RGB('',0.560784339904785,0.623529434204102,0.686274528503418);
#6012=CARTESIAN_POINT('',(-0.0057204786549394,-0.00190813856347195,0.00532906634161623));
#6013=CARTESIAN_POINT('',(-0.0057204786549394,-0.00200976931357474,0.0053578604257587));
#6014=CARTESIAN_POINT('',(-0.00567693964689558,-0.00210871412326709,0.00538874177025005));
#6015=CARTESIAN_POINT('',(-0.00552962686380277,-0.00224872445728812,0.00543459702570181));
#6016=CARTESIAN_POINT('',(-0.0054261088440564,-0.00228976634985668,0.00544907079045147));
#6017=CARTESIAN_POINT('',(-0.0053204786549394,-0.00228976634985668,0.00544907079045147));
#6018=CARTESIAN_POINT('',(-0.00572047865493941,-0.00171495832646984,0.00527730385311787));
#6019=CARTESIAN_POINT('',(-0.00572047865493937,-0.00161348285963613,0.00525166150666362));
#6020=CARTESIAN_POINT('',(-0.00567709521783795,-0.00151161208316298,0.00522873838792211));
#6021=CARTESIAN_POINT('',(-0.00552963942629822,-0.00136720655376861,0.00519839586815073));
#6022=CARTESIAN_POINT('',(-0.00542571672146349,-0.00132445674425316,0.00519041686118401));
#6023=CARTESIAN_POINT('',(-0.0053204786549394,-0.00132445674425316,0.00519041686118401));
#6024=COLOUR_RGB('',0.560784339904785,0.623529434204102,0.686274528503418);
#6025=AXIS2_PLACEMENT_3D('',#7218,#7219,#7220);
#6026=COLOUR_RGB('',0.560784339904785,0.623529434204102,0.686274528503418);
#6027=CARTESIAN_POINT('',(-0.0057204786549394,-0.00358624318824448,0.00605241542192832));
#6028=CARTESIAN_POINT('',(-0.0057204786549394,-0.00341304252604078,0.0059524179729812));
#6029=AXIS2_PLACEMENT_3D('',#7221,#7222,#7223);
#6030=AXIS2_PLACEMENT_3D('',#7224,#7225,#7226);
#6031=COLOUR_RGB('',0.560784339904785,0.623529434204102,0.686274528503418);
#6032=CARTESIAN_POINT('',(0.00270638042476221,-0.00341304252604091,0.0059524179729813));
#6033=CARTESIAN_POINT('',(0.00270638042476221,-0.00358624318824448,0.00605241542192835));
#6034=AXIS2_PLACEMENT_3D('',#7227,#7228,#7229);
#6035=AXIS2_PLACEMENT_3D('',#7230,#7231,#7232);
#6036=COLOUR_RGB('',0.560784339904785,0.623529434204102,0.686274528503418);
#6037=CARTESIAN_POINT('',(-0.0057204786549394,-0.00358624318824447,0.00605241542192833));
#6038=CARTESIAN_POINT('',(-0.0057204786549394,-0.00367695849715154,0.00610653234514054));
#6039=CARTESIAN_POINT('',(-0.00567693964689558,-0.0037645391641179,0.00616197023449769));
#6040=CARTESIAN_POINT('',(-0.00552962686380277,-0.00388791054826721,0.00624250035096544));
#6041=CARTESIAN_POINT('',(-0.0054261088440564,-0.00392380788628742,0.00626710335758457));
#6042=CARTESIAN_POINT('',(-0.0053204786549394,-0.00392380788628742,0.00626710335758457));
#6043=CARTESIAN_POINT('',(-0.00572047865493941,-0.00341304252604078,0.0059524179729812));
#6044=CARTESIAN_POINT('',(-0.00572047865493937,-0.00332166147951484,0.00590138558486716));
#6045=CARTESIAN_POINT('',(-0.00567709521783796,-0.00322919480527875,0.00585287745536501));
#6046=CARTESIAN_POINT('',(-0.00552963942629822,-0.00309756299697102,0.00578619393065777));
#6047=CARTESIAN_POINT('',(-0.00542571672146349,-0.0030583349708551,0.00576742233688337));
#6048=CARTESIAN_POINT('',(-0.0053204786549394,-0.0030583349708551,0.00576742233688337));
#6049=COLOUR_RGB('',0.560784339904785,0.623529434204102,0.686274528503418);
#6050=CARTESIAN_POINT('',(0.00270638042476221,-0.00358624318824448,0.00605241542192835));
#6051=CARTESIAN_POINT('',(0.00270638042476221,-0.00367612905603002,0.00610603753558721));
#6052=CARTESIAN_POINT('',(0.00266299698766082,-0.00376437166558703,0.00616186195972806));
#6053=CARTESIAN_POINT('',(0.00251554119612107,-0.00388793719615131,0.00624251668731505));
#6054=CARTESIAN_POINT('',(0.00241161849128632,-0.00392380788628744,0.00626710335758457));
#6055=CARTESIAN_POINT('',(0.00230638042476221,-0.00392380788628744,0.00626710335758457));
#6056=CARTESIAN_POINT('',(0.00270638042476221,-0.00341304252604091,0.0059524179729813));
#6057=CARTESIAN_POINT('',(0.00270638042476222,-0.00332166147951495,0.00590138558486725));
#6058=CARTESIAN_POINT('',(0.00266299698766082,-0.00322919480527882,0.00585287745536507));
#6059=CARTESIAN_POINT('',(0.00251554119612108,-0.00309756299697104,0.00578619393065781));
#6060=CARTESIAN_POINT('',(0.00241161849128632,-0.00305833497085509,0.0057674223368834));
#6061=CARTESIAN_POINT('',(0.00230638042476221,-0.00305833497085509,0.0057674223368834));
#6062=COLOUR_RGB('',0.560784339904785,0.623529434204102,0.686274528503418);
#6063=CARTESIAN_POINT('',(-0.00572047865493944,-0.00341304252604104,0.0181755338957623));
#6064=CARTESIAN_POINT('',(-0.00572047865493944,-0.00358624318824458,0.0180755364468152));
#6065=AXIS2_PLACEMENT_3D('',#7233,#7234,#7235);
#6066=AXIS2_PLACEMENT_3D('',#7236,#7237,#7238);
#6067=COLOUR_RGB('',0.560784339904785,0.623529434204102,0.686274528503418);
#6068=CARTESIAN_POINT('',(0.00270638042476217,-0.00358624318824461,0.0180755364468152));
#6069=CARTESIAN_POINT('',(0.00270638042476217,-0.00341304252604091,0.0181755338957624));
#6070=AXIS2_PLACEMENT_3D('',#7239,#7240,#7241);
#6071=AXIS2_PLACEMENT_3D('',#7242,#7243,#7244);
#6072=COLOUR_RGB('',0.560784339904785,0.623529434204102,0.686274528503418);
#6073=CARTESIAN_POINT('',(-0.00532047865493945,-0.00305833497085521,0.0183605295318601));
#6074=CARTESIAN_POINT('',(-0.00572047865493944,-0.00341304252604103,0.0181755338957622));
#6075=CARTESIAN_POINT('',(-0.00572047865493945,-0.00332081824131107,0.0182270371961818));
#6076=CARTESIAN_POINT('',(-0.00567693964689562,-0.00322901728731241,0.0182751653339765));
#6077=CARTESIAN_POINT('',(-0.00552962686380281,-0.00309759046860696,0.018341743028516));
#6078=CARTESIAN_POINT('',(-0.00542610884405644,-0.00305833497085522,0.0183605295318601));
#6079=CARTESIAN_POINT('',(-0.00532047865493945,-0.00305833497085521,0.0183605295318601));
#6080=CARTESIAN_POINT('',(-0.00532047865493944,-0.00392380788628755,0.017860848511159));
#6081=CARTESIAN_POINT('',(-0.00572047865493945,-0.00358624318824458,0.0180755364468152));
#6082=CARTESIAN_POINT('',(-0.00572047865493946,-0.00367612905603013,0.0180219143331564));
#6083=CARTESIAN_POINT('',(-0.00567709521783807,-0.00376437166558714,0.0179660899090155));
#6084=CARTESIAN_POINT('',(-0.00552963942629832,-0.00388793719615143,0.0178854351814285));
#6085=CARTESIAN_POINT('',(-0.00542571672146356,-0.00392380788628756,0.017860848511159));
#6086=CARTESIAN_POINT('',(-0.00532047865493944,-0.00392380788628756,0.017860848511159));
#6087=AXIS2_PLACEMENT_3D('',#7245,#7246,#7247);
#6088=COLOUR_RGB('',0.560784339904785,0.623529434204102,0.686274528503418);
#6089=CARTESIAN_POINT('',(0.00230638042476216,-0.00305833497085523,0.0183605295318602));
#6090=CARTESIAN_POINT('',(0.00270638042476217,-0.00341304252604091,0.0181755338957624));
#6091=CARTESIAN_POINT('',(0.00270638042476213,-0.00332166147951497,0.0182265662838764));
#6092=CARTESIAN_POINT('',(0.00266299698766072,-0.00322919480527889,0.0182750744133786));
#6093=CARTESIAN_POINT('',(0.00251554119612098,-0.00309756299697115,0.0183417579380858));
#6094=CARTESIAN_POINT('',(0.00241161849128625,-0.00305833497085523,0.0183605295318602));
#6095=CARTESIAN_POINT('',(0.00230638042476216,-0.00305833497085523,0.0183605295318602));
#6096=CARTESIAN_POINT('',(0.00230638042476217,-0.00392380788628757,0.017860848511159));
#6097=AXIS2_PLACEMENT_3D('',#7248,#7249,#7250);
#6098=CARTESIAN_POINT('',(0.00270638042476217,-0.00358624318824462,0.0180755364468152));
#6099=CARTESIAN_POINT('',(0.00270638042476217,-0.00367612905603016,0.0180219143331564));
#6100=CARTESIAN_POINT('',(0.00266299698766078,-0.00376437166558717,0.0179660899090155));
#6101=CARTESIAN_POINT('',(0.00251554119612103,-0.00388793719615144,0.0178854351814285));
#6102=CARTESIAN_POINT('',(0.00241161849128628,-0.00392380788628757,0.017860848511159));
#6103=CARTESIAN_POINT('',(0.00230638042476217,-0.00392380788628757,0.017860848511159));
#6104=COLOUR_RGB('',0.560784339904785,0.623529434204102,0.686274528503418);
#6105=CARTESIAN_POINT('',(0.00310638042476217,-0.00392380788628755,0.017860848511159));
#6106=VECTOR('',#7251,1.0);
#6107=CARTESIAN_POINT('',(0.00310638042476216,-0.00305833497085521,0.0183605295318602));
#6108=VECTOR('',#7252,1.0);
#6109=COLOUR_RGB('',0.560784339904785,0.623529434204102,0.686274528503418);
#6110=CARTESIAN_POINT('',(0.00230638042476217,-0.00529044839966693,0.0166477686577027));
#6111=CARTESIAN_POINT('',(-0.00532047865493944,-0.00529044839966691,0.0166477686577027));
#6112=CARTESIAN_POINT('',(0.00310638042476217,-0.0052904483996669,0.0166477686577027));
#6113=VECTOR('',#7253,1.0);
#6114=CARTESIAN_POINT('',(0.00230638042476217,-0.00458379272333088,0.0173544243340388));
#6115=AXIS2_PLACEMENT_3D('',#7254,#7255,#7256);
#6116=CARTESIAN_POINT('',(-0.00532047865493944,-0.00458379272333085,0.0173544243340387));
#6117=CARTESIAN_POINT('',(0.00310638042476217,-0.00458379272333085,0.0173544243340387));
#6118=VECTOR('',#7257,1.0);
#6119=AXIS2_PLACEMENT_3D('',#7258,#7259,#7260);
#6120=COLOUR_RGB('',0.560784339904785,0.623529434204102,0.686274528503418);
#6121=CARTESIAN_POINT('',(-0.00572047865493944,-0.00487853351778172,0.0170839272006572));
#6122=CARTESIAN_POINT('',(-0.00572047865493944,-0.00487853351778169,0.0170839272006571));
#6123=CARTESIAN_POINT('',(-0.00572047865493944,-0.0048027817343842,0.0171575449699806));
#6124=CARTESIAN_POINT('',(-0.00567693964689562,-0.0047265653007055,0.0172277930165011));
#6125=CARTESIAN_POINT('',(-0.00552962686380281,-0.00461684831757674,0.0173261178948298));
#6126=CARTESIAN_POINT('',(-0.00542610884405644,-0.00458379272333085,0.0173544243340387));
#6127=CARTESIAN_POINT('',(-0.00532047865493944,-0.00458379272333085,0.0173544243340387));
#6128=CARTESIAN_POINT('',(-0.00572047865493944,-0.00501995126628534,0.0169425094521535));
#6129=AXIS2_PLACEMENT_3D('',#7261,#7262,#7263);
#6130=CARTESIAN_POINT('',(-0.00572047865493945,-0.00501995126628534,0.0169425094521535));
#6131=CARTESIAN_POINT('',(-0.00572047865493945,-0.00509289592314424,0.0168674502932418));
#6132=CARTESIAN_POINT('',(-0.00567709521783805,-0.00516368331454496,0.0167906891722835));
#6133=CARTESIAN_POINT('',(-0.00552963942629831,-0.00526216347217904,0.0166808015752667));
#6134=CARTESIAN_POINT('',(-0.00542571672146355,-0.00529044839966693,0.0166477686577027));
#6135=CARTESIAN_POINT('',(-0.00532047865493944,-0.00529044839966693,0.0166477686577027));
#6136=COLOUR_RGB('',0.560784339904785,0.623529434204102,0.686274528503418);
#6137=CARTESIAN_POINT('',(0.00270638042476217,-0.00487853351778172,0.0170839272006572));
#6138=CARTESIAN_POINT('',(0.00270638042476218,-0.00487853351778172,0.0170839272006572));
#6139=CARTESIAN_POINT('',(0.00270638042476218,-0.00480347435886995,0.0171568718575161));
#6140=CARTESIAN_POINT('',(0.00266299698766078,-0.00472671323791169,0.0172276592489168));
#6141=CARTESIAN_POINT('',(0.00251554119612104,-0.00461682564089487,0.0173261394065509));
#6142=CARTESIAN_POINT('',(0.00241161849128628,-0.00458379272333088,0.0173544243340388));
#6143=CARTESIAN_POINT('',(0.00230638042476217,-0.00458379272333088,0.0173544243340388));
#6144=CARTESIAN_POINT('',(0.00270638042476217,-0.00501995126628535,0.0169425094521536));
#6145=CARTESIAN_POINT('',(0.00270638042476218,-0.00501995126628535,0.0169425094521536));
#6146=CARTESIAN_POINT('',(0.00270638042476218,-0.00509289592314425,0.0168674502932418));
#6147=CARTESIAN_POINT('',(0.00266299698766078,-0.00516368331454497,0.0167906891722835));
#6148=CARTESIAN_POINT('',(0.00251554119612104,-0.00526216347217904,0.0166808015752667));
#6149=CARTESIAN_POINT('',(0.00241161849128628,-0.00529044839966694,0.0166477686577027));
#6150=CARTESIAN_POINT('',(0.00230638042476217,-0.00529044839966693,0.0166477686577027));
#6151=AXIS2_PLACEMENT_3D('',#7264,#7265,#7266);
#6152=COLOUR_RGB('',0.560784339904785,0.623529434204102,0.686274528503418);
#6153=CARTESIAN_POINT('',(0.00230638042476218,-0.00629655359748835,0.0151223109052271));
#6154=CARTESIAN_POINT('',(-0.00532047865493943,-0.00629655359748831,0.015122310905227));
#6155=CARTESIAN_POINT('',(0.00310638042476218,-0.00629655359748831,0.015122310905227));
#6156=VECTOR('',#7267,1.0);
#6157=CARTESIAN_POINT('',(0.00230638042476217,-0.00579687257678717,0.0159877838206594));
#6158=AXIS2_PLACEMENT_3D('',#7268,#7269,#7270);
#6159=CARTESIAN_POINT('',(-0.00532047865493944,-0.00579687257678711,0.0159877838206593));
#6160=CARTESIAN_POINT('',(0.00310638042476217,-0.00579687257678711,0.0159877838206594));
#6161=VECTOR('',#7271,1.0);
#6162=AXIS2_PLACEMENT_3D('',#7272,#7273,#7274);
#6163=COLOUR_RGB('',0.560784339904785,0.623529434204102,0.686274528503418);
#6164=CARTESIAN_POINT('',(-0.00572047865493944,-0.00601156051244339,0.0156502191226164));
#6165=CARTESIAN_POINT('',(-0.00572047865493944,-0.00601156051244335,0.0156502191226164));
#6166=CARTESIAN_POINT('',(-0.00572047865493944,-0.00595744358923114,0.0157409344315235));
#6167=CARTESIAN_POINT('',(-0.00567693964689561,-0.00590200569987399,0.0158285150984898));
#6168=CARTESIAN_POINT('',(-0.0055296268638028,-0.00582147558340625,0.0159518864826391));
#6169=CARTESIAN_POINT('',(-0.00542610884405643,-0.00579687257678712,0.0159877838206593));
#6170=CARTESIAN_POINT('',(-0.00532047865493944,-0.00579687257678712,0.0159877838206593));
#6171=CARTESIAN_POINT('',(-0.00572047865493944,-0.00611155796139044,0.0154770184604129));
#6172=AXIS2_PLACEMENT_3D('',#7275,#7276,#7277);
#6173=CARTESIAN_POINT('',(-0.00572047865493944,-0.00611155796139044,0.0154770184604129));
#6174=CARTESIAN_POINT('',(-0.00572047865493944,-0.0061625903495045,0.0153856374138869));
#6175=CARTESIAN_POINT('',(-0.00567709521783805,-0.00621109847900667,0.0152931707396508));
#6176=CARTESIAN_POINT('',(-0.0055296394262983,-0.00627778200371394,0.015161538931343));
#6177=CARTESIAN_POINT('',(-0.00542571672146355,-0.00629655359748835,0.015122310905227));
#6178=CARTESIAN_POINT('',(-0.00532047865493943,-0.00629655359748835,0.015122310905227));
#6179=COLOUR_RGB('',0.560784339904785,0.623529434204102,0.686274528503418);
#6180=CARTESIAN_POINT('',(0.00270638042476218,-0.00601156051244339,0.0156502191226164));
#6181=CARTESIAN_POINT('',(0.00270638042476218,-0.00601156051244339,0.0156502191226164));
#6182=CARTESIAN_POINT('',(0.00270638042476218,-0.00595793839878453,0.015740104990402));
#6183=CARTESIAN_POINT('',(0.00266299698766078,-0.00590211397464368,0.015828347599959));
#6184=CARTESIAN_POINT('',(0.00251554119612104,-0.00582145924705668,0.0159519131305233));
#6185=CARTESIAN_POINT('',(0.00241161849128628,-0.00579687257678717,0.0159877838206594));
#6186=CARTESIAN_POINT('',(0.00230638042476217,-0.00579687257678717,0.0159877838206594));
#6187=CARTESIAN_POINT('',(0.00270638042476218,-0.00611155796139045,0.0154770184604129));
#6188=CARTESIAN_POINT('',(0.00270638042476218,-0.00611155796139045,0.0154770184604129));
#6189=CARTESIAN_POINT('',(0.00270638042476218,-0.0061625903495045,0.0153856374138869));
#6190=CARTESIAN_POINT('',(0.00266299698766079,-0.00621109847900668,0.0152931707396508));
#6191=CARTESIAN_POINT('',(0.00251554119612104,-0.00627778200371394,0.015161538931343));
#6192=CARTESIAN_POINT('',(0.00241161849128629,-0.00629655359748835,0.0151223109052271));
#6193=CARTESIAN_POINT('',(0.00230638042476218,-0.00629655359748835,0.0151223109052271));
#6194=AXIS2_PLACEMENT_3D('',#7278,#7279,#7280);
#6195=COLOUR_RGB('',0.560784339904785,0.623529434204102,0.686274528503418);
#6196=CARTESIAN_POINT('',(0.00230638042476218,-0.00687355907318774,0.0133884326786251));
#6197=CARTESIAN_POINT('',(-0.00532047865493943,-0.00687355907318768,0.0133884326786251));
#6198=CARTESIAN_POINT('',(0.00310638042476218,-0.00687355907318768,0.0133884326786251));
#6199=VECTOR('',#7281,1.0);
#6200=CARTESIAN_POINT('',(0.00230638042476218,-0.00661490514392028,0.0143537422842286));
#6201=AXIS2_PLACEMENT_3D('',#7282,#7283,#7284);
#6202=CARTESIAN_POINT('',(-0.00532047865493943,-0.00661490514392022,0.0143537422842286));
#6203=CARTESIAN_POINT('',(0.00310638042476218,-0.00661490514392022,0.0143537422842286));
#6204=VECTOR('',#7285,1.0);
#6205=AXIS2_PLACEMENT_3D('',#7286,#7287,#7288);
#6206=COLOUR_RGB('',0.560784339904785,0.623529434204102,0.686274528503418);
#6207=CARTESIAN_POINT('',(-0.00572047865493943,-0.00673490959275551,0.0139721144978439));
#6208=CARTESIAN_POINT('',(-0.00572047865493943,-0.00673490959275545,0.0139721144978439));
#6209=CARTESIAN_POINT('',(-0.00572047865493943,-0.00670611550861298,0.0140737452479466));
#6210=CARTESIAN_POINT('',(-0.00567693964689561,-0.00667523416412164,0.014172690057639));
#6211=CARTESIAN_POINT('',(-0.0055296268638028,-0.00662937890866988,0.01431270039166));
#6212=CARTESIAN_POINT('',(-0.00542610884405643,-0.00661490514392021,0.0143537422842286));
#6213=CARTESIAN_POINT('',(-0.00532047865493943,-0.00661490514392021,0.0143537422842286));
#6214=CARTESIAN_POINT('',(-0.00572047865493943,-0.00678667208125384,0.0137789342608419));
#6215=AXIS2_PLACEMENT_3D('',#7289,#7290,#7291);
#6216=CARTESIAN_POINT('',(-0.00572047865493944,-0.00678667208125384,0.0137789342608419));
#6217=CARTESIAN_POINT('',(-0.00572047865493944,-0.00681231442770809,0.0136774587940082));
#6218=CARTESIAN_POINT('',(-0.00567709521783804,-0.00683523754644962,0.013575588017535));
#6219=CARTESIAN_POINT('',(-0.0055296394262983,-0.00686558006622101,0.0134311824881406));
#6220=CARTESIAN_POINT('',(-0.00542571672146354,-0.00687355907318774,0.0133884326786251));
#6221=CARTESIAN_POINT('',(-0.00532047865493943,-0.00687355907318774,0.0133884326786251));
#6222=COLOUR_RGB('',0.560784339904785,0.623529434204102,0.686274528503418);
#6223=CARTESIAN_POINT('',(0.00270638042476218,-0.00673490959275551,0.0139721144978439));
#6224=CARTESIAN_POINT('',(0.00270638042476219,-0.00673490959275551,0.0139721144978439));
#6225=CARTESIAN_POINT('',(0.00270638042476219,-0.00670637878278068,0.0140728160032099));
#6226=CARTESIAN_POINT('',(0.00266299698766079,-0.00667529539770821,0.0141725002429097));
#6227=CARTESIAN_POINT('',(0.00251554119612105,-0.00662937002594786,0.0143127303596979));
#6228=CARTESIAN_POINT('',(0.00241161849128629,-0.00661490514392028,0.0143537422842286));
#6229=CARTESIAN_POINT('',(0.00230638042476218,-0.00661490514392028,0.0143537422842286));
#6230=CARTESIAN_POINT('',(0.00270638042476218,-0.00678667208125384,0.0137789342608419));
#6231=CARTESIAN_POINT('',(0.00270638042476219,-0.00678667208125384,0.0137789342608419));
#6232=CARTESIAN_POINT('',(0.00270638042476219,-0.0068123144277081,0.0136774587940082));
#6233=CARTESIAN_POINT('',(0.00266299698766079,-0.00683523754644962,0.013575588017535));
#6234=CARTESIAN_POINT('',(0.00251554119612105,-0.00686558006622101,0.0134311824881406));
#6235=CARTESIAN_POINT('',(0.00241161849128629,-0.00687355907318774,0.0133884326786251));
#6236=CARTESIAN_POINT('',(0.00230638042476218,-0.00687355907318774,0.0133884326786251));
#6237=AXIS2_PLACEMENT_3D('',#7292,#7293,#7294);
#6238=COLOUR_RGB('',0.560784339904785,0.623529434204102,0.686274528503418);
#6239=CARTESIAN_POINT('',(0.00230638042476219,-0.00698214285714281,0.0115642949136706));
#6240=CARTESIAN_POINT('',(-0.00532047865493942,-0.00698214285714276,0.0115642949136705));
#6241=CARTESIAN_POINT('',(0.00310638042476219,-0.00698214285714276,0.0115642949136706));
#6242=VECTOR('',#7295,1.0);
#6243=CARTESIAN_POINT('',(0.00230638042476218,-0.00698214285714282,0.0125636569550729));
#6244=AXIS2_PLACEMENT_3D('',#7296,#7297,#7298);
#6245=CARTESIAN_POINT('',(-0.00532047865493943,-0.00698214285714276,0.0125636569550729));
#6246=CARTESIAN_POINT('',(0.00310638042476218,-0.00698214285714276,0.012563656955073));
#6247=VECTOR('',#7299,1.0);
#6248=AXIS2_PLACEMENT_3D('',#7300,#7301,#7302);
#6249=COLOUR_RGB('',0.560784339904785,0.623529434204102,0.686274528503418);
#6250=CARTESIAN_POINT('',(-0.00572047865493942,-0.00699928571428568,0.0121639733833188));
#6251=CARTESIAN_POINT('',(-0.00572047865493942,-0.00699928571428562,0.0121639733833188));
#6252=CARTESIAN_POINT('',(-0.00572047865493942,-0.00699777673846272,0.0122695936069505));
#6253=CARTESIAN_POINT('',(-0.0056769396468956,-0.00699355645143043,0.0123731596341024));
#6254=CARTESIAN_POINT('',(-0.00552962686380279,-0.0069855010168743,0.0125202674451096));
#6255=CARTESIAN_POINT('',(-0.00542610884405642,-0.00698214285714276,0.0125636569550729));
#6256=CARTESIAN_POINT('',(-0.00532047865493943,-0.00698214285714276,0.0125636569550729));
#6257=CARTESIAN_POINT('',(-0.00572047865493942,-0.00699928571428567,0.0119639784854247));
#6258=AXIS2_PLACEMENT_3D('',#7303,#7304,#7305);
#6259=CARTESIAN_POINT('',(-0.00572047865493943,-0.00699928571428567,0.0119639784854247));
#6260=CARTESIAN_POINT('',(-0.00572047865493943,-0.00699779053554525,0.0118593239836518));
#6261=CARTESIAN_POINT('',(-0.00567709521783803,-0.00699356647086614,0.0117549914300087));
#6262=CARTESIAN_POINT('',(-0.00552963942629829,-0.00698550019312262,0.0116076531777145));
#6263=CARTESIAN_POINT('',(-0.00542571672146353,-0.00698214285714281,0.0115642949136705));
#6264=CARTESIAN_POINT('',(-0.00532047865493942,-0.00698214285714281,0.0115642949136705));
#6265=COLOUR_RGB('',0.560784339904785,0.623529434204102,0.686274528503418);
#6266=CARTESIAN_POINT('',(0.00270638042476219,-0.00699928571428568,0.0121639733833188));
#6267=CARTESIAN_POINT('',(0.00270638042476219,-0.00699928571428568,0.0121639733833188));
#6268=CARTESIAN_POINT('',(0.00270638042476219,-0.00699779053554526,0.0122686278850917));
#6269=CARTESIAN_POINT('',(0.00266299698766079,-0.00699356647086615,0.0123729604387348));
#6270=CARTESIAN_POINT('',(0.00251554119612105,-0.00698550019312264,0.012520298691029));
#6271=CARTESIAN_POINT('',(0.0024116184912863,-0.00698214285714282,0.0125636569550729));
#6272=CARTESIAN_POINT('',(0.00230638042476218,-0.00698214285714282,0.0125636569550729));
#6273=CARTESIAN_POINT('',(0.00270638042476219,-0.00699928571428567,0.0119639784854247));
#6274=CARTESIAN_POINT('',(0.00270638042476219,-0.00699928571428567,0.0119639784854247));
#6275=CARTESIAN_POINT('',(0.0027063804247622,-0.00699779053554525,0.0118593239836518));
#6276=CARTESIAN_POINT('',(0.00266299698766081,-0.00699356647086614,0.0117549914300088));
#6277=CARTESIAN_POINT('',(0.00251554119612106,-0.00698550019312262,0.0116076531777145));
#6278=CARTESIAN_POINT('',(0.0024116184912863,-0.00698214285714281,0.0115642949136706));
#6279=CARTESIAN_POINT('',(0.00230638042476219,-0.00698214285714281,0.0115642949136706));
#6280=AXIS2_PLACEMENT_3D('',#7306,#7307,#7308);
#6281=COLOUR_RGB('',0.560784339904785,0.623529434204102,0.686274528503418);
#6282=CARTESIAN_POINT('',(0.00230638042476219,-0.00661490514392022,0.00977420958451488));
#6283=CARTESIAN_POINT('',(-0.00532047865493942,-0.00661490514392018,0.00977420958451486));
#6284=CARTESIAN_POINT('',(0.0031063804247622,-0.00661490514392018,0.00977420958451489));
#6285=VECTOR('',#7309,1.0);
#6286=CARTESIAN_POINT('',(0.00230638042476219,-0.00687355907318771,0.0107395191901184));
#6287=AXIS2_PLACEMENT_3D('',#7310,#7311,#7312);
#6288=CARTESIAN_POINT('',(-0.00532047865493942,-0.00687355907318765,0.0107395191901184));
#6289=CARTESIAN_POINT('',(0.00310638042476219,-0.00687355907318765,0.0107395191901184));
#6290=VECTOR('',#7313,1.0);
#6291=AXIS2_PLACEMENT_3D('',#7314,#7315,#7316);
#6292=COLOUR_RGB('',0.560784339904785,0.623529434204102,0.686274528503418);
#6293=CARTESIAN_POINT('',(-0.00572047865493942,-0.0067866720812538,0.0103490176079015));
#6294=CARTESIAN_POINT('',(-0.00572047865493942,-0.00678667208125375,0.0103490176079016));
#6295=CARTESIAN_POINT('',(-0.00572047865493942,-0.00681255104795906,0.0104514294613675));
#6296=CARTESIAN_POINT('',(-0.0056769396468956,-0.00683527942397271,0.0105525588523793));
#6297=CARTESIAN_POINT('',(-0.00552962686380278,-0.00686557277486497,0.0106967389861598));
#6298=CARTESIAN_POINT('',(-0.00542610884405642,-0.00687355907318764,0.0107395191901184));
#6299=CARTESIAN_POINT('',(-0.00532047865493942,-0.00687355907318764,0.0107395191901184));
#6300=CARTESIAN_POINT('',(-0.00572047865493942,-0.00673490959275547,0.0101558373708996));
#6301=AXIS2_PLACEMENT_3D('',#7317,#7318,#7319);
#6302=CARTESIAN_POINT('',(-0.00572047865493942,-0.00673490959275547,0.0101558373708996));
#6303=CARTESIAN_POINT('',(-0.00572047865493943,-0.00670637878278063,0.0100551358655336));
#6304=CARTESIAN_POINT('',(-0.00567709521783803,-0.00667529539770817,0.00995545162583378));
#6305=CARTESIAN_POINT('',(-0.00552963942629829,-0.00662937002594781,0.00981522150904556));
#6306=CARTESIAN_POINT('',(-0.00542571672146353,-0.00661490514392023,0.00977420958451485));
#6307=CARTESIAN_POINT('',(-0.00532047865493942,-0.00661490514392022,0.00977420958451485));
#6308=COLOUR_RGB('',0.560784339904785,0.623529434204102,0.686274528503418);
#6309=CARTESIAN_POINT('',(0.00270638042476219,-0.0067866720812538,0.0103490176079016));
#6310=CARTESIAN_POINT('',(0.0027063804247622,-0.0067866720812538,0.0103490176079016));
#6311=CARTESIAN_POINT('',(0.0027063804247622,-0.00681231442770806,0.0104504930747353));
#6312=CARTESIAN_POINT('',(0.0026629969876608,-0.00683523754644959,0.0105523638512085));
#6313=CARTESIAN_POINT('',(0.00251554119612106,-0.00686558006622098,0.0106967693806029));
#6314=CARTESIAN_POINT('',(0.0024116184912863,-0.00687355907318771,0.0107395191901184));
#6315=CARTESIAN_POINT('',(0.00230638042476219,-0.00687355907318771,0.0107395191901184));
#6316=CARTESIAN_POINT('',(0.00270638042476219,-0.00673490959275534,0.0101558373708992));
#6317=CARTESIAN_POINT('',(0.0027063804247622,-0.00673490959275534,0.0101558373708992));
#6318=CARTESIAN_POINT('',(0.00270638042476208,-0.00670637878278052,0.0100551358655332));
#6319=CARTESIAN_POINT('',(0.00266299698766063,-0.00667529539770808,0.00995545162583355));
#6320=CARTESIAN_POINT('',(0.00251554119612091,-0.00662937002594778,0.00981522150904552));
#6321=CARTESIAN_POINT('',(0.00241161849128623,-0.00661490514392022,0.00977420958451488));
#6322=CARTESIAN_POINT('',(0.00230638042476219,-0.00661490514392022,0.00977420958451488));
#6323=AXIS2_PLACEMENT_3D('',#7320,#7321,#7322);
#6324=COLOUR_RGB('',0.560784339904785,0.623529434204102,0.686274528503418);
#6325=CARTESIAN_POINT('',(0.0023063804247622,-0.00579687257678708,0.00814016804808414));
#6326=CARTESIAN_POINT('',(-0.00532047865493941,-0.00579687257678704,0.00814016804808413));
#6327=CARTESIAN_POINT('',(0.0031063804247622,-0.00579687257678704,0.00814016804808416));
#6328=VECTOR('',#7323,1.0);
#6329=CARTESIAN_POINT('',(0.0023063804247622,-0.00629655359748828,0.00900564096351647));
#6330=AXIS2_PLACEMENT_3D('',#7324,#7325,#7326);
#6331=CARTESIAN_POINT('',(-0.00532047865493941,-0.00629655359748824,0.00900564096351647));
#6332=CARTESIAN_POINT('',(0.0031063804247622,-0.00629655359748824,0.0090056409635165));
#6333=VECTOR('',#7327,1.0);
#6334=AXIS2_PLACEMENT_3D('',#7328,#7329,#7330);
#6335=COLOUR_RGB('',0.560784339904785,0.623529434204102,0.686274528503418);
#6336=CARTESIAN_POINT('',(-0.00572047865493941,-0.00611155796139037,0.00865093340833063));
#6337=CARTESIAN_POINT('',(-0.00572047865493941,-0.00611155796139033,0.00865093340833066));
#6338=CARTESIAN_POINT('',(-0.00572047865493941,-0.00616306126180989,0.00874315769306061));
#6339=CARTESIAN_POINT('',(-0.00567693964689559,-0.00621118939960458,0.00883495864705928));
#6340=CARTESIAN_POINT('',(-0.00552962686380278,-0.00627776709414406,0.00896638546576472));
#6341=CARTESIAN_POINT('',(-0.00542610884405641,-0.00629655359748823,0.00900564096351647));
#6342=CARTESIAN_POINT('',(-0.00532047865493941,-0.00629655359748823,0.00900564096351647));
#6343=CARTESIAN_POINT('',(-0.00572047865493941,-0.00601156051244332,0.00847773274612707));
#6344=AXIS2_PLACEMENT_3D('',#7331,#7332,#7333);
#6345=CARTESIAN_POINT('',(-0.00572047865493942,-0.00601156051244332,0.00847773274612707));
#6346=CARTESIAN_POINT('',(-0.00572047865493942,-0.00595793839878445,0.00838784687834153));
#6347=CARTESIAN_POINT('',(-0.00567709521783802,-0.0059021139746436,0.00829960426878452));
#6348=CARTESIAN_POINT('',(-0.00552963942629828,-0.0058214592470566,0.00817603873822025));
#6349=CARTESIAN_POINT('',(-0.00542571672146352,-0.00579687257678708,0.00814016804808412));
#6350=CARTESIAN_POINT('',(-0.00532047865493941,-0.00579687257678708,0.00814016804808412));
#6351=COLOUR_RGB('',0.560784339904785,0.623529434204102,0.686274528503418);
#6352=CARTESIAN_POINT('',(0.0027063804247622,-0.00611155796139037,0.00865093340833066));
#6353=CARTESIAN_POINT('',(0.00270638042476221,-0.00611155796139037,0.00865093340833066));
#6354=CARTESIAN_POINT('',(0.00270638042476221,-0.00616259034950443,0.00874231445485662));
#6355=CARTESIAN_POINT('',(0.00266299698766081,-0.00621109847900661,0.00883478112909275));
#6356=CARTESIAN_POINT('',(0.00251554119612106,-0.00627778200371387,0.00896641293740053));
#6357=CARTESIAN_POINT('',(0.00241161849128631,-0.00629655359748828,0.00900564096351647));
#6358=CARTESIAN_POINT('',(0.0023063804247622,-0.00629655359748828,0.00900564096351647));
#6359=CARTESIAN_POINT('',(0.0027063804247622,-0.00601156051244331,0.00847773274612709));
#6360=CARTESIAN_POINT('',(0.00270638042476221,-0.00601156051244331,0.00847773274612709));
#6361=CARTESIAN_POINT('',(0.00270638042476221,-0.00595793839878445,0.00838784687834155));
#6362=CARTESIAN_POINT('',(0.00266299698766081,-0.0059021139746436,0.00829960426878455));
#6363=CARTESIAN_POINT('',(0.00251554119612107,-0.0058214592470566,0.00817603873822027));
#6364=CARTESIAN_POINT('',(0.00241161849128631,-0.00579687257678708,0.00814016804808414));
#6365=CARTESIAN_POINT('',(0.0023063804247622,-0.00579687257678708,0.00814016804808414));
#6366=AXIS2_PLACEMENT_3D('',#7334,#7335,#7336);
#6367=COLOUR_RGB('',0.560784339904785,0.623529434204102,0.686274528503418);
#6368=CARTESIAN_POINT('',(0.0023063804247622,-0.00458379272333077,0.00677352753470479));
#6369=CARTESIAN_POINT('',(-0.00532047865493941,-0.00458379272333075,0.00677352753470478));
#6370=CARTESIAN_POINT('',(0.00310638042476221,-0.00458379272333075,0.00677352753470481));
#6371=VECTOR('',#7337,1.0);
#6372=CARTESIAN_POINT('',(0.0023063804247622,-0.00529044839966683,0.00748018321104083));
#6373=AXIS2_PLACEMENT_3D('',#7338,#7339,#7340);
#6374=CARTESIAN_POINT('',(-0.00532047865493941,-0.00529044839966681,0.00748018321104084));
#6375=CARTESIAN_POINT('',(0.0031063804247622,-0.00529044839966681,0.00748018321104086));
#6376=VECTOR('',#7341,1.0);
#6377=AXIS2_PLACEMENT_3D('',#7342,#7343,#7344);
#6378=COLOUR_RGB('',0.560784339904785,0.623529434204102,0.686274528503418);
#6379=CARTESIAN_POINT('',(-0.00572047865493941,-0.00501995126628524,0.00718544241658997));
#6380=CARTESIAN_POINT('',(-0.00572047865493941,-0.00501995126628522,0.00718544241658999));
#6381=CARTESIAN_POINT('',(-0.00572047865493941,-0.00509356903560867,0.00726119419998748));
#6382=CARTESIAN_POINT('',(-0.00567693964689559,-0.00516381708212919,0.00733741063366618));
#6383=CARTESIAN_POINT('',(-0.00552962686380277,-0.00526214196045786,0.00744712761679494));
#6384=CARTESIAN_POINT('',(-0.00542610884405641,-0.0052904483996668,0.00748018321104083));
#6385=CARTESIAN_POINT('',(-0.00532047865493941,-0.0052904483996668,0.00748018321104083));
#6386=CARTESIAN_POINT('',(-0.00572047865493941,-0.0048785335177815,0.00704402466808624));
#6387=AXIS2_PLACEMENT_3D('',#7345,#7346,#7347);
#6388=CARTESIAN_POINT('',(-0.00572047865493941,-0.0048785335177815,0.00704402466808624));
#6389=CARTESIAN_POINT('',(-0.00572047865493937,-0.00480347435886975,0.00697108001122736));
#6390=CARTESIAN_POINT('',(-0.00567709521783796,-0.00472671323791151,0.00690029261982667));
#6391=CARTESIAN_POINT('',(-0.00552963942629822,-0.00461682564089473,0.00680181246219264));
#6392=CARTESIAN_POINT('',(-0.00542571672146349,-0.00458379272333077,0.00677352753470477));
#6393=CARTESIAN_POINT('',(-0.0053204786549394,-0.00458379272333077,0.00677352753470477));
#6394=COLOUR_RGB('',0.560784339904785,0.623529434204102,0.686274528503418);
#6395=CARTESIAN_POINT('',(0.0027063804247622,-0.00501995126628524,0.00718544241659));
#6396=CARTESIAN_POINT('',(0.00270638042476221,-0.00501995126628524,0.00718544241659));
#6397=CARTESIAN_POINT('',(0.00270638042476221,-0.00509289592314414,0.00726050157550177));
#6398=CARTESIAN_POINT('',(0.00266299698766081,-0.00516368331454486,0.00733726269646003));
#6399=CARTESIAN_POINT('',(0.00251554119612107,-0.00526216347217894,0.00744715029347685));
#6400=CARTESIAN_POINT('',(0.00241161849128632,-0.00529044839966683,0.00748018321104083));
#6401=CARTESIAN_POINT('',(0.0023063804247622,-0.00529044839966683,0.00748018321104083));
#6402=CARTESIAN_POINT('',(0.0027063804247622,-0.00487853351778154,0.0070440246680863));
#6403=CARTESIAN_POINT('',(0.00270638042476221,-0.00487853351778154,0.0070440246680863));
#6404=CARTESIAN_POINT('',(0.00270638042476219,-0.00480347435886978,0.00697108001122742));
#6405=CARTESIAN_POINT('',(0.00266299698766078,-0.00472671323791153,0.00690029261982672));
#6406=CARTESIAN_POINT('',(0.00251554119612104,-0.00461682564089474,0.00680181246219267));
#6407=CARTESIAN_POINT('',(0.0024116184912863,-0.00458379272333077,0.00677352753470479));
#6408=CARTESIAN_POINT('',(0.0023063804247622,-0.00458379272333077,0.00677352753470479));
#6409=AXIS2_PLACEMENT_3D('',#7348,#7349,#7350);
#6410=COLOUR_RGB('',0.560784339904785,0.623529434204102,0.686274528503418);
#6411=AXIS2_PLACEMENT_3D('',#7351,#7352,#7353);
#6412=COLOUR_RGB('',0.560784339904785,0.623529434204102,0.686274528503418);
#6413=CARTESIAN_POINT('',(-0.0057204786549394,0.00171495832647034,0.00527730385311798));
#6414=CARTESIAN_POINT('',(-0.0057204786549394,0.00190813856347244,0.00532906634161635));
#6415=AXIS2_PLACEMENT_3D('',#7354,#7355,#7356);
#6416=AXIS2_PLACEMENT_3D('',#7357,#7358,#7359);
#6417=COLOUR_RGB('',0.560784339904785,0.623529434204102,0.686274528503418);
#6418=CARTESIAN_POINT('',(0.00270638042476221,0.0019081385634723,0.00532906634161634));
#6419=CARTESIAN_POINT('',(0.00270638042476221,0.00171495832647034,0.00527730385311801));
#6420=AXIS2_PLACEMENT_3D('',#7360,#7361,#7362);
#6421=AXIS2_PLACEMENT_3D('',#7363,#7364,#7365);
#6422=COLOUR_RGB('',0.560784339904785,0.623529434204102,0.686274528503418);
#6423=CARTESIAN_POINT('',(-0.0053204786549394,0.00132445674425352,0.00519041686118404));
#6424=CARTESIAN_POINT('',(-0.0057204786549394,0.00171495832647035,0.00527730385311794));
#6425=CARTESIAN_POINT('',(-0.0057204786549394,0.00161254647300443,0.00525142488641263));
#6426=CARTESIAN_POINT('',(-0.00567693964689558,0.00151141708199256,0.00522869651039898));
#6427=CARTESIAN_POINT('',(-0.00552962686380276,0.00136723694821213,0.00519840315950671));
#6428=CARTESIAN_POINT('',(-0.0054261088440564,0.00132445674425353,0.00519041686118404));
#6429=CARTESIAN_POINT('',(-0.0053204786549394,0.00132445674425353,0.00519041686118404));
#6430=CARTESIAN_POINT('',(-0.0053204786549394,0.00228976634985705,0.00544907079045151));
#6431=CARTESIAN_POINT('',(-0.00572047865493941,0.00190813856347244,0.00532906634161635));
#6432=CARTESIAN_POINT('',(-0.00572047865493937,0.00200884006883844,0.00535759715159118));
#6433=CARTESIAN_POINT('',(-0.00567709521783795,0.00210852430853819,0.00538868053666364));
#6434=CARTESIAN_POINT('',(-0.00552963942629822,0.00224875442532634,0.00543460590842398));
#6435=CARTESIAN_POINT('',(-0.00542571672146349,0.00228976634985703,0.00544907079045156));
#6436=CARTESIAN_POINT('',(-0.0053204786549394,0.00228976634985703,0.00544907079045156));
#6437=AXIS2_PLACEMENT_3D('',#7366,#7367,#7368);
#6438=COLOUR_RGB('',0.560784339904785,0.623529434204102,0.686274528503418);
#6439=CARTESIAN_POINT('',(0.00230638042476221,0.00132445674425352,0.0051904168611841));
#6440=CARTESIAN_POINT('',(0.00270638042476222,0.00171495832647034,0.00527730385311801));
#6441=CARTESIAN_POINT('',(0.00270638042476222,0.00161348285963661,0.00525166150666375));
#6442=CARTESIAN_POINT('',(0.00266299698766082,0.00151161208316342,0.00522873838792222));
#6443=CARTESIAN_POINT('',(0.00251554119612108,0.001367206553769,0.00519839586815082));
#6444=CARTESIAN_POINT('',(0.00241161849128633,0.00132445674425352,0.0051904168611841));
#6445=CARTESIAN_POINT('',(0.00230638042476221,0.00132445674425352,0.0051904168611841));
#6446=CARTESIAN_POINT('',(0.00230638042476221,0.00228976634985703,0.00544907079045158));
#6447=AXIS2_PLACEMENT_3D('',#7369,#7370,#7371);
#6448=CARTESIAN_POINT('',(0.00270638042476222,0.0019081385634723,0.00532906634161634));
#6449=CARTESIAN_POINT('',(0.00270638042476222,0.00200884006883832,0.00535759715159117));
#6450=CARTESIAN_POINT('',(0.00266299698766082,0.00210852430853811,0.00538868053666365));
#6451=CARTESIAN_POINT('',(0.00251554119612108,0.00224875442532633,0.005434605908424));
#6452=CARTESIAN_POINT('',(0.00241161849128633,0.00228976634985703,0.00544907079045158));
#6453=CARTESIAN_POINT('',(0.00230638042476221,0.00228976634985703,0.00544907079045158));
#6454=COLOUR_RGB('',0.560784339904785,0.623529434204102,0.686274528503418);
#6455=CARTESIAN_POINT('',(0.00310638042476221,0.00228976634985705,0.00544907079045154));
#6456=VECTOR('',#7372,1.0);
#6457=CARTESIAN_POINT('',(0.00310638042476221,0.00132445674425352,0.00519041686118407));
#6458=VECTOR('',#7373,1.0);
#6459=COLOUR_RGB('',0.560784339904785,0.623529434204102,0.686274528503418);
#6460=CARTESIAN_POINT('',(0.00230638042476221,0.00392380788628774,0.00626710335758472));
#6461=CARTESIAN_POINT('',(-0.0053204786549394,0.00392380788628778,0.00626710335758464));
#6462=CARTESIAN_POINT('',(0.00310638042476221,0.00392380788628778,0.00626710335758467));
#6463=VECTOR('',#7374,1.0);
#6464=CARTESIAN_POINT('',(0.00230638042476221,0.00305833497085542,0.00576742233688352));
#6465=AXIS2_PLACEMENT_3D('',#7375,#7376,#7377);
#6466=CARTESIAN_POINT('',(-0.0053204786549394,0.00305833497085544,0.00576742233688344));
#6467=CARTESIAN_POINT('',(0.00310638042476221,0.00305833497085544,0.00576742233688348));
#6468=VECTOR('',#7378,1.0);
#6469=AXIS2_PLACEMENT_3D('',#7379,#7380,#7381);
#6470=COLOUR_RGB('',0.560784339904785,0.623529434204102,0.686274528503418);
#6471=CARTESIAN_POINT('',(-0.0057204786549394,0.00341304252604123,0.00595241797298141));
#6472=CARTESIAN_POINT('',(-0.0057204786549394,0.00341304252604126,0.00595241797298135));
#6473=CARTESIAN_POINT('',(-0.0057204786549394,0.0033208182413113,0.00590091467256179));
#6474=CARTESIAN_POINT('',(-0.00567693964689558,0.00322901728731264,0.00585278653476711));
#6475=CARTESIAN_POINT('',(-0.00552962686380276,0.00309759046860719,0.00578620884022763));
#6476=CARTESIAN_POINT('',(-0.0054261088440564,0.00305833497085545,0.00576742233688345));
#6477=CARTESIAN_POINT('',(-0.0053204786549394,0.00305833497085545,0.00576742233688345));
#6478=CARTESIAN_POINT('',(-0.0057204786549394,0.00358624318824493,0.00605241542192854));
#6479=AXIS2_PLACEMENT_3D('',#7382,#7383,#7384);
#6480=CARTESIAN_POINT('',(-0.00572047865493941,0.00358624318824493,0.00605241542192854));
#6481=CARTESIAN_POINT('',(-0.00572047865493937,0.00367612905603044,0.00610603753558739));
#6482=CARTESIAN_POINT('',(-0.00567709521783796,0.00376437166558741,0.00616186195972823));
#6483=CARTESIAN_POINT('',(-0.00552963942629822,0.00388793719615163,0.00624251668731519));
#6484=CARTESIAN_POINT('',(-0.0054257167214635,0.00392380788628774,0.0062671033575847));
#6485=CARTESIAN_POINT('',(-0.0053204786549394,0.00392380788628774,0.0062671033575847));
#6486=COLOUR_RGB('',0.560784339904785,0.623529434204102,0.686274528503418);
#6487=CARTESIAN_POINT('',(0.00270638042476221,0.00341304252604123,0.00595241797298144));
#6488=CARTESIAN_POINT('',(0.00270638042476221,0.00341304252604123,0.00595241797298144));
#6489=CARTESIAN_POINT('',(0.00270638042476222,0.00332166147951527,0.00590138558486738));
#6490=CARTESIAN_POINT('',(0.00266299698766082,0.00322919480527915,0.0058528774553652));
#6491=CARTESIAN_POINT('',(0.00251554119612108,0.00309756299697136,0.00578619393065793));
#6492=CARTESIAN_POINT('',(0.00241161849128633,0.00305833497085542,0.00576742233688352));
#6493=CARTESIAN_POINT('',(0.00230638042476221,0.00305833497085542,0.00576742233688352));
#6494=CARTESIAN_POINT('',(0.00270638042476221,0.00358624318824479,0.00605241542192849));
#6495=CARTESIAN_POINT('',(0.00270638042476221,0.00358624318824479,0.00605241542192849));
#6496=CARTESIAN_POINT('',(0.00270638042476222,0.00367612905603033,0.00610603753558735));
#6497=CARTESIAN_POINT('',(0.00266299698766082,0.00376437166558734,0.00616186195972821));
#6498=CARTESIAN_POINT('',(0.00251554119612108,0.00388793719615161,0.0062425166873152));
#6499=CARTESIAN_POINT('',(0.00241161849128633,0.00392380788628774,0.00626710335758472));
#6500=CARTESIAN_POINT('',(0.00230638042476221,0.00392380788628774,0.00626710335758472));
#6501=AXIS2_PLACEMENT_3D('',#7385,#7386,#7387);
#6502=COLOUR_RGB('',0.560784339904785,0.623529434204102,0.686274528503418);
#6503=CARTESIAN_POINT('',(0.0023063804247622,0.00529044839966707,0.00748018321104102));
#6504=CARTESIAN_POINT('',(-0.00532047865493941,0.00529044839966714,0.00748018321104094));
#6505=CARTESIAN_POINT('',(0.0031063804247622,0.00529044839966713,0.00748018321104098));
#6506=VECTOR('',#7388,1.0);
#6507=CARTESIAN_POINT('',(0.00230638042476221,0.00458379272333104,0.00677352753470496));
#6508=AXIS2_PLACEMENT_3D('',#7389,#7390,#7391);
#6509=CARTESIAN_POINT('',(-0.00532047865493941,0.00458379272333108,0.00677352753470488));
#6510=CARTESIAN_POINT('',(0.00310638042476221,0.00458379272333108,0.00677352753470491));
#6511=VECTOR('',#7392,1.0);
#6512=AXIS2_PLACEMENT_3D('',#7393,#7394,#7395);
#6513=COLOUR_RGB('',0.560784339904785,0.623529434204102,0.686274528503418);
#6514=CARTESIAN_POINT('',(-0.00572047865493941,0.00487853351778187,0.00704402466808652));
#6515=CARTESIAN_POINT('',(-0.0057204786549394,0.00487853351778192,0.00704402466808647));
#6516=CARTESIAN_POINT('',(-0.0057204786549394,0.00480278173438444,0.00697040689876301));
#6517=CARTESIAN_POINT('',(-0.00567693964689558,0.00472656530070573,0.0069001588522425));
#6518=CARTESIAN_POINT('',(-0.00552962686380277,0.00461684831757697,0.00680183397391383));
#6519=CARTESIAN_POINT('',(-0.0054261088440564,0.00458379272333108,0.00677352753470489));
#6520=CARTESIAN_POINT('',(-0.00532047865493941,0.00458379272333108,0.00677352753470489));
#6521=CARTESIAN_POINT('',(-0.00572047865493941,0.0050199512662856,0.00718544241659026));
#6522=AXIS2_PLACEMENT_3D('',#7396,#7397,#7398);
#6523=CARTESIAN_POINT('',(-0.00572047865493941,0.0050199512662856,0.00718544241659026));
#6524=CARTESIAN_POINT('',(-0.00572047865493937,0.00509289592314447,0.00726050157550201));
#6525=CARTESIAN_POINT('',(-0.00567709521783796,0.00516368331454517,0.00733726269646025));
#6526=CARTESIAN_POINT('',(-0.00552963942629822,0.0052621634721792,0.00744715029347702));
#6527=CARTESIAN_POINT('',(-0.0054257167214635,0.00529044839966707,0.00748018321104099));
#6528=CARTESIAN_POINT('',(-0.00532047865493941,0.00529044839966707,0.00748018321104099));
#6529=COLOUR_RGB('',0.560784339904785,0.623529434204102,0.686274528503418);
#6530=CARTESIAN_POINT('',(0.0027063804247622,0.00487853351778187,0.00704402466808655));
#6531=CARTESIAN_POINT('',(0.00270638042476221,0.00487853351778187,0.00704402466808655));
#6532=CARTESIAN_POINT('',(0.00270638042476221,0.0048034743588701,0.00697108001122765));
#6533=CARTESIAN_POINT('',(0.00266299698766082,0.00472671323791184,0.00690029261982693));
#6534=CARTESIAN_POINT('',(0.00251554119612107,0.00461682564089502,0.00680181246219285));
#6535=CARTESIAN_POINT('',(0.00241161849128633,0.00458379272333104,0.00677352753470496));
#6536=CARTESIAN_POINT('',(0.00230638042476221,0.00458379272333104,0.00677352753470496));
#6537=CARTESIAN_POINT('',(0.0027063804247622,0.0050199512662855,0.00718544241659018));
#6538=CARTESIAN_POINT('',(0.00270638042476221,0.0050199512662855,0.00718544241659018));
#6539=CARTESIAN_POINT('',(0.00270638042476221,0.00509289592314439,0.00726050157550194));
#6540=CARTESIAN_POINT('',(0.00266299698766081,0.00516368331454511,0.00733726269646022));
#6541=CARTESIAN_POINT('',(0.00251554119612107,0.00526216347217918,0.00744715029347703));
#6542=CARTESIAN_POINT('',(0.00241161849128632,0.00529044839966707,0.00748018321104102));
#6543=CARTESIAN_POINT('',(0.0023063804247622,0.00529044839966707,0.00748018321104102));
#6544=AXIS2_PLACEMENT_3D('',#7399,#7400,#7401);
#6545=COLOUR_RGB('',0.560784339904785,0.623529434204102,0.686274528503418);
#6546=CARTESIAN_POINT('',(0.0023063804247622,0.00629655359748846,0.00900564096351666));
#6547=CARTESIAN_POINT('',(-0.00532047865493941,0.00629655359748853,0.0090056409635166));
#6548=CARTESIAN_POINT('',(0.0031063804247622,0.00629655359748853,0.00900564096351664));
#6549=VECTOR('',#7402,1.0);
#6550=CARTESIAN_POINT('',(0.0023063804247622,0.00579687257678729,0.00814016804808433));
#6551=AXIS2_PLACEMENT_3D('',#7403,#7404,#7405);
#6552=CARTESIAN_POINT('',(-0.00532047865493941,0.00579687257678735,0.00814016804808426));
#6553=CARTESIAN_POINT('',(0.0031063804247622,0.00579687257678734,0.00814016804808429));
#6554=VECTOR('',#7406,1.0);
#6555=AXIS2_PLACEMENT_3D('',#7407,#7408,#7409);
#6556=COLOUR_RGB('',0.560784339904785,0.623529434204102,0.686274528503418);
#6557=CARTESIAN_POINT('',(-0.00572047865493941,0.00601156051244351,0.00847773274612726));
#6558=CARTESIAN_POINT('',(-0.00572047865493941,0.00601156051244357,0.00847773274612722));
#6559=CARTESIAN_POINT('',(-0.00572047865493941,0.00595744358923136,0.00838701743722015));
#6560=CARTESIAN_POINT('',(-0.00567693964689559,0.00590200569987422,0.00829943677025379));
#6561=CARTESIAN_POINT('',(-0.00552962686380278,0.00582147558340647,0.00817606538610448));
#6562=CARTESIAN_POINT('',(-0.00542610884405641,0.00579687257678734,0.00814016804808427));
#6563=CARTESIAN_POINT('',(-0.00532047865493941,0.00579687257678734,0.00814016804808427));
#6564=CARTESIAN_POINT('',(-0.00572047865493941,0.00611155796139063,0.00865093340833096));
#6565=AXIS2_PLACEMENT_3D('',#7410,#7411,#7412);
#6566=CARTESIAN_POINT('',(-0.00572047865493942,0.00611155796139063,0.00865093340833096));
#6567=CARTESIAN_POINT('',(-0.00572047865493938,0.00616259034950467,0.00874231445485689));
#6568=CARTESIAN_POINT('',(-0.00567709521783797,0.00621109847900682,0.00883478112909298));
#6569=CARTESIAN_POINT('',(-0.00552963942629823,0.00627778200371406,0.00896641293740071));
#6570=CARTESIAN_POINT('',(-0.00542571672146351,0.00629655359748846,0.00900564096351664));
#6571=CARTESIAN_POINT('',(-0.00532047865493941,0.00629655359748846,0.00900564096351664));
#6572=COLOUR_RGB('',0.560784339904785,0.623529434204102,0.686274528503418);
#6573=CARTESIAN_POINT('',(0.0027063804247622,0.00601156051244351,0.00847773274612728));
#6574=CARTESIAN_POINT('',(0.00270638042476221,0.00601156051244351,0.00847773274612728));
#6575=CARTESIAN_POINT('',(0.00270638042476221,0.00595793839878465,0.00838784687834175));
#6576=CARTESIAN_POINT('',(0.00266299698766081,0.0059021139746438,0.00829960426878474));
#6577=CARTESIAN_POINT('',(0.00251554119612107,0.0058214592470568,0.00817603873822046));
#6578=CARTESIAN_POINT('',(0.00241161849128632,0.00579687257678728,0.00814016804808433));
#6579=CARTESIAN_POINT('',(0.0023063804247622,0.00579687257678729,0.00814016804808433));
#6580=CARTESIAN_POINT('',(0.0027063804247622,0.00611155796139056,0.00865093340833086));
#6581=CARTESIAN_POINT('',(0.00270638042476221,0.00611155796139056,0.00865093340833086));
#6582=CARTESIAN_POINT('',(0.0027063804247622,0.00616259034950461,0.00874231445485681));
#6583=CARTESIAN_POINT('',(0.00266299698766081,0.00621109847900679,0.00883478112909294));
#6584=CARTESIAN_POINT('',(0.00251554119612106,0.00627778200371405,0.00896641293740072));
#6585=CARTESIAN_POINT('',(0.00241161849128632,0.00629655359748846,0.00900564096351666));
#6586=CARTESIAN_POINT('',(0.0023063804247622,0.00629655359748846,0.00900564096351666));
#6587=AXIS2_PLACEMENT_3D('',#7413,#7414,#7415);
#6588=COLOUR_RGB('',0.560784339904785,0.623529434204102,0.686274528503418);
#6589=CARTESIAN_POINT('',(0.00230638042476219,0.00687355907318782,0.0107395191901186));
#6590=CARTESIAN_POINT('',(-0.00532047865493942,0.00687355907318791,0.0107395191901185));
#6591=CARTESIAN_POINT('',(0.00310638042476219,0.00687355907318791,0.0107395191901186));
#6592=VECTOR('',#7416,1.0);
#6593=CARTESIAN_POINT('',(0.00230638042476219,0.00661490514392037,0.00977420958451506));
#6594=AXIS2_PLACEMENT_3D('',#7417,#7418,#7419);
#6595=CARTESIAN_POINT('',(-0.00532047865493942,0.00661490514392044,0.009774209584515));
#6596=CARTESIAN_POINT('',(0.00310638042476219,0.00661490514392044,0.00977420958451503));
#6597=VECTOR('',#7420,1.0);
#6598=AXIS2_PLACEMENT_3D('',#7421,#7422,#7423);
#6599=COLOUR_RGB('',0.560784339904785,0.623529434204102,0.686274528503418);
#6600=CARTESIAN_POINT('',(-0.00572047865493942,0.0067349095927556,0.0101558373708998));
#6601=CARTESIAN_POINT('',(-0.00572047865493942,0.00673490959275568,0.0101558373708997));
#6602=CARTESIAN_POINT('',(-0.00572047865493942,0.00670611550861321,0.010054206620797));
#6603=CARTESIAN_POINT('',(-0.00567693964689559,0.00667523416412186,0.00995526181110461));
#6604=CARTESIAN_POINT('',(-0.00552962686380278,0.0066293789086701,0.00981525147708358));
#6605=CARTESIAN_POINT('',(-0.00542610884405642,0.00661490514392044,0.00977420958451501));
#6606=CARTESIAN_POINT('',(-0.00532047865493942,0.00661490514392044,0.00977420958451501));
#6607=CARTESIAN_POINT('',(-0.00572047865493942,0.00678667208125396,0.0103490176079019));
#6608=AXIS2_PLACEMENT_3D('',#7424,#7425,#7426);
#6609=CARTESIAN_POINT('',(-0.00572047865493942,0.00678667208125396,0.0103490176079019));
#6610=CARTESIAN_POINT('',(-0.00572047865493938,0.00681231442770821,0.0104504930747356));
#6611=CARTESIAN_POINT('',(-0.00567709521783797,0.00683523754644972,0.0105523638512087));
#6612=CARTESIAN_POINT('',(-0.00552963942629824,0.0068655800662211,0.0106967693806031));
#6613=CARTESIAN_POINT('',(-0.00542571672146352,0.00687355907318782,0.0107395191901186));
#6614=CARTESIAN_POINT('',(-0.00532047865493942,0.00687355907318782,0.0107395191901186));
#6615=COLOUR_RGB('',0.560784339904785,0.623529434204102,0.686274528503418);
#6616=CARTESIAN_POINT('',(0.00270638042476219,0.0067349095927556,0.0101558373708998));
#6617=CARTESIAN_POINT('',(0.0027063804247622,0.0067349095927556,0.0101558373708998));
#6618=CARTESIAN_POINT('',(0.0027063804247622,0.00670637878278077,0.0100551358655338));
#6619=CARTESIAN_POINT('',(0.00266299698766081,0.0066752953977083,0.00995545162583398));
#6620=CARTESIAN_POINT('',(0.00251554119612106,0.00662937002594795,0.00981522150904577));
#6621=CARTESIAN_POINT('',(0.00241161849128632,0.00661490514392037,0.00977420958451506));
#6622=CARTESIAN_POINT('',(0.00230638042476219,0.00661490514392037,0.00977420958451506));
#6623=CARTESIAN_POINT('',(0.00270638042476219,0.00678667208125393,0.0103490176079018));
#6624=CARTESIAN_POINT('',(0.0027063804247622,0.00678667208125393,0.0103490176079018));
#6625=CARTESIAN_POINT('',(0.0027063804247622,0.00681231442770818,0.0104504930747355));
#6626=CARTESIAN_POINT('',(0.0026629969876608,0.00683523754644971,0.0105523638512087));
#6627=CARTESIAN_POINT('',(0.00251554119612106,0.0068655800662211,0.0106967693806031));
#6628=CARTESIAN_POINT('',(0.00241161849128631,0.00687355907318782,0.0107395191901186));
#6629=CARTESIAN_POINT('',(0.00230638042476219,0.00687355907318782,0.0107395191901186));
#6630=AXIS2_PLACEMENT_3D('',#7427,#7428,#7429);
#6631=COLOUR_RGB('',0.560784339904785,0.623529434204102,0.686274528503418);
#6632=CARTESIAN_POINT('',(0.00230638042476219,0.00698214285714289,0.0125636569550731));
#6633=CARTESIAN_POINT('',(-0.00532047865493943,0.00698214285714298,0.0125636569550731));
#6634=CARTESIAN_POINT('',(0.00310638042476219,0.00698214285714298,0.0125636569550731));
#6635=VECTOR('',#7430,1.0);
#6636=CARTESIAN_POINT('',(0.00230638042476219,0.0069821428571429,0.0115642949136707));
#6637=AXIS2_PLACEMENT_3D('',#7431,#7432,#7433);
#6638=CARTESIAN_POINT('',(-0.00532047865493942,0.00698214285714299,0.0115642949136707));
#6639=CARTESIAN_POINT('',(0.00310638042476219,0.00698214285714299,0.0115642949136707));
#6640=VECTOR('',#7434,1.0);
#6641=AXIS2_PLACEMENT_3D('',#7435,#7436,#7437);
#6642=COLOUR_RGB('',0.560784339904785,0.623529434204102,0.686274528503418);
#6643=CARTESIAN_POINT('',(-0.00572047865493942,0.00699928571428576,0.0119639784854248));
#6644=CARTESIAN_POINT('',(-0.00572047865493942,0.00699928571428584,0.0119639784854248));
#6645=CARTESIAN_POINT('',(-0.00572047865493942,0.00699777673846294,0.011858358261793));
#6646=CARTESIAN_POINT('',(-0.0056769396468956,0.00699355645143065,0.0117547922346412));
#6647=CARTESIAN_POINT('',(-0.00552962686380279,0.00698550101687452,0.011607684423634));
#6648=CARTESIAN_POINT('',(-0.00542610884405642,0.00698214285714298,0.0115642949136707));
#6649=CARTESIAN_POINT('',(-0.00532047865493942,0.00698214285714298,0.0115642949136707));
#6650=CARTESIAN_POINT('',(-0.00572047865493942,0.00699928571428575,0.0121639733833191));
#6651=AXIS2_PLACEMENT_3D('',#7438,#7439,#7440);
#6652=CARTESIAN_POINT('',(-0.00572047865493943,0.00699928571428575,0.0121639733833191));
#6653=CARTESIAN_POINT('',(-0.00572047865493939,0.00699779053554533,0.012268627885092));
#6654=CARTESIAN_POINT('',(-0.00567709521783798,0.00699356647086622,0.012372960438735));
#6655=CARTESIAN_POINT('',(-0.00552963942629824,0.0069855001931227,0.0125202986910291));
#6656=CARTESIAN_POINT('',(-0.00542571672146352,0.00698214285714289,0.0125636569550731));
#6657=CARTESIAN_POINT('',(-0.00532047865493943,0.00698214285714289,0.0125636569550731));
#6658=COLOUR_RGB('',0.560784339904785,0.623529434204102,0.686274528503418);
#6659=CARTESIAN_POINT('',(0.00270638042476219,0.00699928571428576,0.0119639784854249));
#6660=CARTESIAN_POINT('',(0.00270638042476219,0.00699928571428576,0.0119639784854249));
#6661=CARTESIAN_POINT('',(0.0027063804247622,0.00699779053554534,0.0118593239836519));
#6662=CARTESIAN_POINT('',(0.0026629969876608,0.00699356647086623,0.0117549914300089));
#6663=CARTESIAN_POINT('',(0.00251554119612106,0.00698550019312271,0.0116076531777146));
#6664=CARTESIAN_POINT('',(0.00241161849128631,0.0069821428571429,0.0115642949136707));
#6665=CARTESIAN_POINT('',(0.00230638042476219,0.0069821428571429,0.0115642949136707));
#6666=CARTESIAN_POINT('',(0.00270638042476219,0.00699928571428575,0.012163973383319));
#6667=CARTESIAN_POINT('',(0.00270638042476219,0.00699928571428575,0.012163973383319));
#6668=CARTESIAN_POINT('',(0.00270638042476219,0.00699779053554533,0.0122686278850919));
#6669=CARTESIAN_POINT('',(0.0026629969876608,0.00699356647086622,0.0123729604387349));
#6670=CARTESIAN_POINT('',(0.00251554119612105,0.0069855001931227,0.0125202986910292));
#6671=CARTESIAN_POINT('',(0.00241161849128631,0.00698214285714289,0.0125636569550731));
#6672=CARTESIAN_POINT('',(0.00230638042476219,0.00698214285714289,0.0125636569550731));
#6673=AXIS2_PLACEMENT_3D('',#7441,#7442,#7443);
#6674=COLOUR_RGB('',0.560784339904785,0.623529434204102,0.686274528503418);
#6675=CARTESIAN_POINT('',(0.00230638042476218,0.00661490514392032,0.0143537422842287));
#6676=CARTESIAN_POINT('',(-0.00532047865493943,0.0066149051439204,0.0143537422842287));
#6677=CARTESIAN_POINT('',(0.00310638042476218,0.00661490514392039,0.0143537422842288));
#6678=VECTOR('',#7444,1.0);
#6679=CARTESIAN_POINT('',(0.00230638042476218,0.00687355907318779,0.0133884326786252));
#6680=AXIS2_PLACEMENT_3D('',#7445,#7446,#7447);
#6681=CARTESIAN_POINT('',(-0.00532047865493943,0.00687355907318787,0.0133884326786252));
#6682=CARTESIAN_POINT('',(0.00310638042476218,0.00687355907318787,0.0133884326786252));
#6683=VECTOR('',#7448,1.0);
#6684=AXIS2_PLACEMENT_3D('',#7449,#7450,#7451);
#6685=COLOUR_RGB('',0.560784339904785,0.623529434204102,0.686274528503418);
#6686=CARTESIAN_POINT('',(-0.00572047865493943,0.00678667208125389,0.013778934260842));
#6687=CARTESIAN_POINT('',(-0.00572047865493943,0.00678667208125397,0.013778934260842));
#6688=CARTESIAN_POINT('',(-0.00572047865493943,0.00681255104795928,0.0136765224073761));
#6689=CARTESIAN_POINT('',(-0.00567693964689561,0.00683527942397293,0.0135753930163643));
#6690=CARTESIAN_POINT('',(-0.00552962686380279,0.00686557277486519,0.0134312128825838));
#6691=CARTESIAN_POINT('',(-0.00542610884405643,0.00687355907318786,0.0133884326786252));
#6692=CARTESIAN_POINT('',(-0.00532047865493943,0.00687355907318786,0.0133884326786252));
#6693=CARTESIAN_POINT('',(-0.00572047865493943,0.00673490959275552,0.0139721144978441));
#6694=AXIS2_PLACEMENT_3D('',#7452,#7453,#7454);
#6695=CARTESIAN_POINT('',(-0.00572047865493944,0.00673490959275552,0.0139721144978441));
#6696=CARTESIAN_POINT('',(-0.0057204786549394,0.00670637878278069,0.0140728160032101));
#6697=CARTESIAN_POINT('',(-0.00567709521783798,0.00667529539770823,0.0141725002429099));
#6698=CARTESIAN_POINT('',(-0.00552963942629825,0.00662937002594789,0.014312730359698));
#6699=CARTESIAN_POINT('',(-0.00542571672146353,0.00661490514392032,0.0143537422842287));
#6700=CARTESIAN_POINT('',(-0.00532047865493943,0.00661490514392032,0.0143537422842287));
#6701=COLOUR_RGB('',0.560784339904785,0.623529434204102,0.686274528503418);
#6702=CARTESIAN_POINT('',(0.00270638042476218,0.00678667208125389,0.0137789342608421));
#6703=CARTESIAN_POINT('',(0.00270638042476219,0.00678667208125389,0.013778934260842));
#6704=CARTESIAN_POINT('',(0.00270638042476219,0.00681231442770815,0.0136774587940083));
#6705=CARTESIAN_POINT('',(0.00266299698766079,0.00683523754644968,0.0135755880175351));
#6706=CARTESIAN_POINT('',(0.00251554119612105,0.00686558006622107,0.0134311824881407));
#6707=CARTESIAN_POINT('',(0.0024116184912863,0.00687355907318779,0.0133884326786252));
#6708=CARTESIAN_POINT('',(0.00230638042476218,0.00687355907318779,0.0133884326786252));
#6709=CARTESIAN_POINT('',(0.00270638042476218,0.00673490959275556,0.013972114497844));
#6710=CARTESIAN_POINT('',(0.00270638042476219,0.00673490959275556,0.013972114497844));
#6711=CARTESIAN_POINT('',(0.00270638042476219,0.00670637878278073,0.01407281600321));
#6712=CARTESIAN_POINT('',(0.00266299698766079,0.00667529539770826,0.0141725002429098));
#6713=CARTESIAN_POINT('',(0.00251554119612105,0.0066293700259479,0.014312730359698));
#6714=CARTESIAN_POINT('',(0.0024116184912863,0.00661490514392032,0.0143537422842287));
#6715=CARTESIAN_POINT('',(0.00230638042476218,0.00661490514392032,0.0143537422842287));
#6716=AXIS2_PLACEMENT_3D('',#7455,#7456,#7457);
#6717=COLOUR_RGB('',0.560784339904785,0.623529434204102,0.686274528503418);
#6718=CARTESIAN_POINT('',(0.00230638042476217,0.0057968725767872,0.0159877838206595));
#6719=CARTESIAN_POINT('',(-0.00532047865493944,0.00579687257678726,0.0159877838206595));
#6720=CARTESIAN_POINT('',(0.00310638042476217,0.00579687257678725,0.0159877838206595));
#6721=VECTOR('',#7458,1.0);
#6722=CARTESIAN_POINT('',(0.00230638042476218,0.00629655359748839,0.0151223109052271));
#6723=AXIS2_PLACEMENT_3D('',#7459,#7460,#7461);
#6724=CARTESIAN_POINT('',(-0.00532047865493943,0.00629655359748846,0.0151223109052271));
#6725=CARTESIAN_POINT('',(0.00310638042476218,0.00629655359748845,0.0151223109052272));
#6726=VECTOR('',#7462,1.0);
#6727=AXIS2_PLACEMENT_3D('',#7463,#7464,#7465);
#6728=COLOUR_RGB('',0.560784339904785,0.623529434204102,0.686274528503418);
#6729=CARTESIAN_POINT('',(-0.00572047865493944,0.00611155796139049,0.0154770184604129));
#6730=CARTESIAN_POINT('',(-0.00572047865493943,0.00611155796139055,0.0154770184604129));
#6731=CARTESIAN_POINT('',(-0.00572047865493944,0.00616306126181011,0.015384794175683));
#6732=CARTESIAN_POINT('',(-0.00567693964689561,0.00621118939960479,0.0152929932216843));
#6733=CARTESIAN_POINT('',(-0.0055296268638028,0.00627776709414427,0.0151615664029789));
#6734=CARTESIAN_POINT('',(-0.00542610884405643,0.00629655359748845,0.0151223109052271));
#6735=CARTESIAN_POINT('',(-0.00532047865493943,0.00629655359748845,0.0151223109052271));
#6736=CARTESIAN_POINT('',(-0.00572047865493944,0.00601156051244335,0.0156502191226166));
#6737=AXIS2_PLACEMENT_3D('',#7466,#7467,#7468);
#6738=CARTESIAN_POINT('',(-0.00572047865493944,0.00601156051244335,0.0156502191226166));
#6739=CARTESIAN_POINT('',(-0.0057204786549394,0.00595793839878451,0.0157401049904021));
#6740=CARTESIAN_POINT('',(-0.00567709521783799,0.00590211397464367,0.0158283475999591));
#6741=CARTESIAN_POINT('',(-0.00552963942629825,0.00582145924705671,0.0159519131305233));
#6742=CARTESIAN_POINT('',(-0.00542571672146353,0.0057968725767872,0.0159877838206594));
#6743=CARTESIAN_POINT('',(-0.00532047865493944,0.0057968725767872,0.0159877838206594));
#6744=COLOUR_RGB('',0.560784339904785,0.623529434204102,0.686274528503418);
#6745=CARTESIAN_POINT('',(0.00270638042476218,0.00611155796139048,0.0154770184604129));
#6746=CARTESIAN_POINT('',(0.00270638042476218,0.00611155796139049,0.0154770184604129));
#6747=CARTESIAN_POINT('',(0.00270638042476218,0.00616259034950454,0.015385637413887));
#6748=CARTESIAN_POINT('',(0.00266299698766079,0.00621109847900672,0.0152931707396509));
#6749=CARTESIAN_POINT('',(0.00251554119612104,0.00627778200371398,0.0151615389313431));
#6750=CARTESIAN_POINT('',(0.0024116184912863,0.00629655359748839,0.0151223109052271));
#6751=CARTESIAN_POINT('',(0.00230638042476218,0.00629655359748839,0.0151223109052271));
#6752=CARTESIAN_POINT('',(0.00270638042476218,0.00601156051244343,0.0156502191226165));
#6753=CARTESIAN_POINT('',(0.00270638042476218,0.00601156051244343,0.0156502191226165));
#6754=CARTESIAN_POINT('',(0.00270638042476218,0.00595793839878457,0.015740104990402));
#6755=CARTESIAN_POINT('',(0.00266299698766078,0.00590211397464372,0.0158283475999591));
#6756=CARTESIAN_POINT('',(0.00251554119612104,0.00582145924705672,0.0159519131305233));
#6757=CARTESIAN_POINT('',(0.00241161849128629,0.0057968725767872,0.0159877838206595));
#6758=CARTESIAN_POINT('',(0.00230638042476217,0.0057968725767872,0.0159877838206595));
#6759=AXIS2_PLACEMENT_3D('',#7469,#7470,#7471);
#6760=COLOUR_RGB('',0.560784339904785,0.623529434204102,0.686274528503418);
#6761=CARTESIAN_POINT('',(0.00230638042476217,0.00458379272333093,0.0173544243340388));
#6762=CARTESIAN_POINT('',(-0.00532047865493944,0.00458379272333096,0.0173544243340388));
#6763=CARTESIAN_POINT('',(0.00310638042476217,0.00458379272333096,0.0173544243340389));
#6764=VECTOR('',#7472,1.0);
#6765=CARTESIAN_POINT('',(0.00230638042476217,0.00529044839966698,0.0166477686577028));
#6766=AXIS2_PLACEMENT_3D('',#7473,#7474,#7475);
#6767=CARTESIAN_POINT('',(-0.00532047865493944,0.00529044839966702,0.0166477686577028));
#6768=CARTESIAN_POINT('',(0.00310638042476217,0.00529044839966702,0.0166477686577028));
#6769=VECTOR('',#7476,1.0);
#6770=AXIS2_PLACEMENT_3D('',#7477,#7478,#7479);
#6771=COLOUR_RGB('',0.560784339904785,0.623529434204102,0.686274528503418);
#6772=CARTESIAN_POINT('',(-0.00572047865493944,0.0050199512662854,0.0169425094521536));
#6773=CARTESIAN_POINT('',(-0.00572047865493944,0.00501995126628544,0.0169425094521536));
#6774=CARTESIAN_POINT('',(-0.00572047865493944,0.00509356903560888,0.0168667576687561));
#6775=CARTESIAN_POINT('',(-0.00567693964689562,0.0051638170821294,0.0167905412350774));
#6776=CARTESIAN_POINT('',(-0.00552962686380281,0.00526214196045808,0.0166808242519487));
#6777=CARTESIAN_POINT('',(-0.00542610884405644,0.00529044839966701,0.0166477686577028));
#6778=CARTESIAN_POINT('',(-0.00532047865493944,0.00529044839966701,0.0166477686577028));
#6779=CARTESIAN_POINT('',(-0.00572047865493944,0.00487853351778177,0.0170839272006572));
#6780=AXIS2_PLACEMENT_3D('',#7480,#7481,#7482);
#6781=CARTESIAN_POINT('',(-0.00572047865493945,0.00487853351778177,0.0170839272006572));
#6782=CARTESIAN_POINT('',(-0.00572047865493945,0.00480347435887,0.0171568718575161));
#6783=CARTESIAN_POINT('',(-0.00567709521783806,0.00472671323791174,0.0172276592489168));
#6784=CARTESIAN_POINT('',(-0.00552963942629831,0.00461682564089491,0.0173261394065509));
#6785=CARTESIAN_POINT('',(-0.00542571672146356,0.00458379272333093,0.0173544243340388));
#6786=CARTESIAN_POINT('',(-0.00532047865493944,0.00458379272333093,0.0173544243340388));
#6787=COLOUR_RGB('',0.560784339904785,0.623529434204102,0.686274528503418);
#6788=CARTESIAN_POINT('',(0.00270638042476217,0.00501995126628539,0.0169425094521536));
#6789=CARTESIAN_POINT('',(0.00270638042476218,0.0050199512662854,0.0169425094521536));
#6790=CARTESIAN_POINT('',(0.00270638042476218,0.00509289592314429,0.0168674502932418));
#6791=CARTESIAN_POINT('',(0.00266299698766078,0.00516368331454501,0.0167906891722836));
#6792=CARTESIAN_POINT('',(0.00251554119612104,0.00526216347217908,0.0166808015752667));
#6793=CARTESIAN_POINT('',(0.00241161849128629,0.00529044839966698,0.0166477686577028));
#6794=CARTESIAN_POINT('',(0.00230638042476217,0.00529044839966698,0.0166477686577028));
#6795=CARTESIAN_POINT('',(0.00270638042476217,0.00487853351778176,0.0170839272006572));
#6796=CARTESIAN_POINT('',(0.00270638042476218,0.00487853351778176,0.0170839272006572));
#6797=CARTESIAN_POINT('',(0.00270638042476218,0.00480347435887,0.0171568718575161));
#6798=CARTESIAN_POINT('',(0.00266299698766078,0.00472671323791173,0.0172276592489168));
#6799=CARTESIAN_POINT('',(0.00251554119612104,0.00461682564089491,0.0173261394065509));
#6800=CARTESIAN_POINT('',(0.00241161849128629,0.00458379272333093,0.0173544243340388));
#6801=CARTESIAN_POINT('',(0.00230638042476217,0.00458379272333093,0.0173544243340388));
#6802=AXIS2_PLACEMENT_3D('',#7483,#7484,#7485);
#6803=COLOUR_RGB('',0.560784339904785,0.623529434204102,0.686274528503418);
#6804=CARTESIAN_POINT('',(0.00230638042476216,0.00305833497085529,0.0183605295318602));
#6805=CARTESIAN_POINT('',(-0.00532047865493945,0.0030583349708553,0.0183605295318602));
#6806=CARTESIAN_POINT('',(0.00310638042476217,0.0030583349708553,0.0183605295318603));
#6807=VECTOR('',#7486,1.0);
#6808=CARTESIAN_POINT('',(0.00230638042476217,0.00392380788628762,0.017860848511159));
#6809=AXIS2_PLACEMENT_3D('',#7487,#7488,#7489);
#6810=CARTESIAN_POINT('',(-0.00532047865493944,0.00392380788628765,0.017860848511159));
#6811=CARTESIAN_POINT('',(0.00310638042476217,0.00392380788628765,0.0178608485111591));
#6812=VECTOR('',#7490,1.0);
#6813=AXIS2_PLACEMENT_3D('',#7491,#7492,#7493);
#6814=COLOUR_RGB('',0.560784339904785,0.623529434204102,0.686274528503418);
#6815=CARTESIAN_POINT('',(-0.00572047865493944,0.00358624318824467,0.0180755364468152));
#6816=CARTESIAN_POINT('',(-0.00572047865493944,0.00358624318824469,0.0180755364468153));
#6817=CARTESIAN_POINT('',(-0.00572047865493944,0.00367695849715175,0.0180214195236031));
#6818=CARTESIAN_POINT('',(-0.00567693964689562,0.00376453916411812,0.0179659816342459));
#6819=CARTESIAN_POINT('',(-0.00552962686380281,0.00388791054826743,0.0178854515177782));
#6820=CARTESIAN_POINT('',(-0.00542610884405644,0.00392380788628764,0.017860848511159));
#6821=CARTESIAN_POINT('',(-0.00532047865493944,0.00392380788628764,0.017860848511159));
#6822=CARTESIAN_POINT('',(-0.00572047865493944,0.00341304252604111,0.0181755338957623));
#6823=AXIS2_PLACEMENT_3D('',#7494,#7495,#7496);
#6824=CARTESIAN_POINT('',(-0.00572047865493945,0.0034130425260411,0.0181755338957623));
#6825=CARTESIAN_POINT('',(-0.00572047865493945,0.00332166147951515,0.0182265662838763));
#6826=CARTESIAN_POINT('',(-0.00567709521783806,0.00322919480527902,0.0182750744133785));
#6827=CARTESIAN_POINT('',(-0.00552963942629831,0.00309756299697123,0.0183417579380858));
#6828=CARTESIAN_POINT('',(-0.00542571672146356,0.00305833497085529,0.0183605295318602));
#6829=CARTESIAN_POINT('',(-0.00532047865493945,0.00305833497085529,0.0183605295318602));
#6830=COLOUR_RGB('',0.560784339904785,0.623529434204102,0.686274528503418);
#6831=CARTESIAN_POINT('',(0.00270638042476217,0.00358624318824467,0.0180755364468153));
#6832=CARTESIAN_POINT('',(0.00270638042476217,0.00358624318824467,0.0180755364468153));
#6833=CARTESIAN_POINT('',(0.00270638042476217,0.00367612905603021,0.0180219143331564));
#6834=CARTESIAN_POINT('',(0.00266299698766078,0.00376437166558722,0.0179660899090155));
#6835=CARTESIAN_POINT('',(0.00251554119612104,0.00388793719615149,0.0178854351814285));
#6836=CARTESIAN_POINT('',(0.00241161849128629,0.00392380788628762,0.017860848511159));
#6837=CARTESIAN_POINT('',(0.00230638042476217,0.00392380788628762,0.017860848511159));
#6838=CARTESIAN_POINT('',(0.00270638042476217,0.0034130425260411,0.0181755338957623));
#6839=CARTESIAN_POINT('',(0.00270638042476217,0.0034130425260411,0.0181755338957623));
#6840=CARTESIAN_POINT('',(0.00270638042476217,0.00332166147951514,0.0182265662838764));
#6841=CARTESIAN_POINT('',(0.00266299698766078,0.00322919480527902,0.0182750744133785));
#6842=CARTESIAN_POINT('',(0.00251554119612103,0.00309756299697123,0.0183417579380858));
#6843=CARTESIAN_POINT('',(0.00241161849128628,0.00305833497085529,0.0183605295318602));
#6844=CARTESIAN_POINT('',(0.00230638042476216,0.00305833497085529,0.0183605295318602));
#6845=AXIS2_PLACEMENT_3D('',#7497,#7498,#7499);
#6846=COLOUR_RGB('',0.560784339904785,0.623529434204102,0.686274528503418);
#6847=CARTESIAN_POINT('',(0.00230638042476216,0.00132445674425337,0.0189375350075596));
#6848=CARTESIAN_POINT('',(-0.00532047865493945,0.00132445674425337,0.0189375350075596));
#6849=CARTESIAN_POINT('',(0.00310638042476216,0.00132445674425337,0.0189375350075596));
#6850=VECTOR('',#7500,1.0);
#6851=CARTESIAN_POINT('',(0.00230638042476216,0.00228976634985688,0.0186788810782921));
#6852=AXIS2_PLACEMENT_3D('',#7501,#7502,#7503);
#6853=CARTESIAN_POINT('',(-0.00532047865493945,0.0022897663498569,0.0186788810782921));
#6854=CARTESIAN_POINT('',(0.00310638042476216,0.0022897663498569,0.0186788810782922));
#6855=VECTOR('',#7504,1.0);
#6856=AXIS2_PLACEMENT_3D('',#7505,#7506,#7507);
#6857=COLOUR_RGB('',0.560784339904785,0.623529434204102,0.686274528503418);
#6858=CARTESIAN_POINT('',(-0.00572047865493945,0.00190813856347215,0.0187988855271273));
#6859=CARTESIAN_POINT('',(-0.00572047865493945,0.00190813856347216,0.0187988855271274));
#6860=CARTESIAN_POINT('',(-0.00572047865493945,0.00200976931357495,0.0187700914429849));
#6861=CARTESIAN_POINT('',(-0.00567693964689562,0.0021087141232673,0.0187392100984936));
#6862=CARTESIAN_POINT('',(-0.00552962686380281,0.00224872445728833,0.0186933548430418));
#6863=CARTESIAN_POINT('',(-0.00542610884405645,0.00228976634985689,0.0186788810782921));
#6864=CARTESIAN_POINT('',(-0.00532047865493945,0.00228976634985689,0.0186788810782921));
#6865=CARTESIAN_POINT('',(-0.00572047865493945,0.0017149583264702,0.0188506480156257));
#6866=AXIS2_PLACEMENT_3D('',#7508,#7509,#7510);
#6867=CARTESIAN_POINT('',(-0.00572047865493945,0.0017149583264702,0.0188506480156257));
#6868=CARTESIAN_POINT('',(-0.00572047865493946,0.00161348285963647,0.0188762903620799));
#6869=CARTESIAN_POINT('',(-0.00567709521783806,0.00151161208316328,0.0188992134808215));
#6870=CARTESIAN_POINT('',(-0.00552963942629832,0.00136720655376884,0.0189295560005928));
#6871=CARTESIAN_POINT('',(-0.00542571672146357,0.00132445674425337,0.0189375350075596));
#6872=CARTESIAN_POINT('',(-0.00532047865493945,0.00132445674425337,0.0189375350075596));
#6873=COLOUR_RGB('',0.560784339904785,0.623529434204102,0.686274528503418);
#6874=CARTESIAN_POINT('',(0.00270638042476216,0.00190813856347215,0.0187988855271274));
#6875=CARTESIAN_POINT('',(0.00270638042476217,0.00190813856347215,0.0187988855271274));
#6876=CARTESIAN_POINT('',(0.00270638042476217,0.00200884006883817,0.0187703547171525));
#6877=CARTESIAN_POINT('',(0.00266299698766077,0.00210852430853797,0.0187392713320801));
#6878=CARTESIAN_POINT('',(0.00251554119612103,0.00224875442532618,0.0186933459603197));
#6879=CARTESIAN_POINT('',(0.00241161849128628,0.00228976634985688,0.0186788810782921));
#6880=CARTESIAN_POINT('',(0.00230638042476216,0.00228976634985688,0.0186788810782921));
#6881=CARTESIAN_POINT('',(0.00270638042476216,0.00171495832647019,0.0188506480156257));
#6882=CARTESIAN_POINT('',(0.00270638042476217,0.00171495832647019,0.0188506480156257));
#6883=CARTESIAN_POINT('',(0.00270638042476217,0.00161348285963646,0.01887629036208));
#6884=CARTESIAN_POINT('',(0.00266299698766077,0.00151161208316327,0.0188992134808215));
#6885=CARTESIAN_POINT('',(0.00251554119612103,0.00136720655376884,0.0189295560005929));
#6886=CARTESIAN_POINT('',(0.00241161849128628,0.00132445674425337,0.0189375350075596));
#6887=CARTESIAN_POINT('',(0.00230638042476216,0.00132445674425337,0.0189375350075596));
#6888=AXIS2_PLACEMENT_3D('',#7511,#7512,#7513);
#6889=COLOUR_RGB('',0.560784339904785,0.623529434204102,0.686274528503418);
#6890=AXIS2_PLACEMENT_3D('',#7514,#7515,#7516);
#6891=COLOUR_RGB('',0.560784339904785,0.623529434204102,0.686274528503418);
#6892=AXIS2_PLACEMENT_3D('',#7517,#7518,#7519);
#6893=AXIS2_PLACEMENT_3D('',#7520,#7521,#7522);
#6894=COLOUR_RGB('',0.560784339904785,0.623529434204102,0.686274528503418);
#6895=AXIS2_PLACEMENT_3D('',#7523,#7524,#7525);
#6896=AXIS2_PLACEMENT_3D('',#7526,#7527,#7528);
#6897=COLOUR_RGB('',0.560784339904785,0.623529434204102,0.686274528503418);
#6898=AXIS2_PLACEMENT_3D('',#7529,#7530,#7531);
#6899=AXIS2_PLACEMENT_3D('',#7532,#7533,#7534);
#6900=COLOUR_RGB('',0.560784339904785,0.623529434204102,0.686274528503418);
#6901=AXIS2_PLACEMENT_3D('',#7535,#7536,#7537);
#6902=AXIS2_PLACEMENT_3D('',#7538,#7539,#7540);
#6903=COLOUR_RGB('',0.560784339904785,0.623529434204102,0.686274528503418);
#6904=AXIS2_PLACEMENT_3D('',#7541,#7542,#7543);
#6905=AXIS2_PLACEMENT_3D('',#7544,#7545,#7546);
#6906=COLOUR_RGB('',0.560784339904785,0.623529434204102,0.686274528503418);
#6907=AXIS2_PLACEMENT_3D('',#7547,#7548,#7549);
#6908=AXIS2_PLACEMENT_3D('',#7550,#7551,#7552);
#6909=COLOUR_RGB('',0.560784339904785,0.623529434204102,0.686274528503418);
#6910=AXIS2_PLACEMENT_3D('',#7553,#7554,#7555);
#6911=AXIS2_PLACEMENT_3D('',#7556,#7557,#7558);
#6912=COLOUR_RGB('',0.560784339904785,0.623529434204102,0.686274528503418);
#6913=AXIS2_PLACEMENT_3D('',#7559,#7560,#7561);
#6914=AXIS2_PLACEMENT_3D('',#7562,#7563,#7564);
#6915=COLOUR_RGB('',0.560784339904785,0.623529434204102,0.686274528503418);
#6916=AXIS2_PLACEMENT_3D('',#7565,#7566,#7567);
#6917=AXIS2_PLACEMENT_3D('',#7568,#7569,#7570);
#6918=COLOUR_RGB('',0.560784339904785,0.623529434204102,0.686274528503418);
#6919=AXIS2_PLACEMENT_3D('',#7571,#7572,#7573);
#6920=AXIS2_PLACEMENT_3D('',#7574,#7575,#7576);
#6921=COLOUR_RGB('',0.560784339904785,0.623529434204102,0.686274528503418);
#6922=AXIS2_PLACEMENT_3D('',#7577,#7578,#7579);
#6923=CARTESIAN_POINT('',(0.00310638042476216,0.000499681020701215,0.0190461187915147));
#6924=VECTOR('',#7580,1.0);
#6925=AXIS2_PLACEMENT_3D('',#7581,#7582,#7583);
#6926=COLOUR_RGB('',0.560784339904785,0.623529434204102,0.686274528503418);
#6927=AXIS2_PLACEMENT_3D('',#7584,#7585,#7586);
#6928=AXIS2_PLACEMENT_3D('',#7587,#7588,#7589);
#6929=CARTESIAN_POINT('',(0.00270638042476217,-0.00190813856347259,0.0187988855271272));
#6930=CARTESIAN_POINT('',(0.00270638042476203,-0.00200884006883852,0.0187703547171524));
#6931=CARTESIAN_POINT('',(0.00266299698766058,-0.00210852430853818,0.01873927133208));
#6932=CARTESIAN_POINT('',(0.00251554119612086,-0.00224875442532618,0.0186933459603197));
#6933=CARTESIAN_POINT('',(0.00241161849128619,-0.00228976634985682,0.0186788810782921));
#6934=CARTESIAN_POINT('',(0.00230638042476216,-0.00228976634985682,0.0186788810782921));
#6935=COLOUR_RGB('',0.560784339904785,0.623529434204102,0.686274528503418);
#6936=AXIS2_PLACEMENT_3D('',#7590,#7591,#7592);
#6937=AXIS2_PLACEMENT_3D('',#7593,#7594,#7595);
#6938=COLOUR_RGB('',0.560784339904785,0.623529434204102,0.686274528503418);
#6939=AXIS2_PLACEMENT_3D('',#7596,#7597,#7598);
#6940=AXIS2_PLACEMENT_3D('',#7599,#7600,#7601);
#6941=COLOUR_RGB('',0.560784339904785,0.623529434204102,0.686274528503418);
#6942=AXIS2_PLACEMENT_3D('',#7602,#7603,#7604);
#6943=AXIS2_PLACEMENT_3D('',#7605,#7606,#7607);
#6944=COLOUR_RGB('',0.560784339904785,0.623529434204102,0.686274528503418);
#6945=AXIS2_PLACEMENT_3D('',#7608,#7609,#7610);
#6946=AXIS2_PLACEMENT_3D('',#7611,#7612,#7613);
#6947=COLOUR_RGB('',0.560784339904785,0.623529434204102,0.686274528503418);
#6948=AXIS2_PLACEMENT_3D('',#7614,#7615,#7616);
#6949=AXIS2_PLACEMENT_3D('',#7617,#7618,#7619);
#6950=COLOUR_RGB('',0.560784339904785,0.623529434204102,0.686274528503418);
#6951=AXIS2_PLACEMENT_3D('',#7620,#7621,#7622);
#6952=AXIS2_PLACEMENT_3D('',#7623,#7624,#7625);
#6953=COLOUR_RGB('',0.560784339904785,0.623529434204102,0.686274528503418);
#6954=AXIS2_PLACEMENT_3D('',#7626,#7627,#7628);
#6955=AXIS2_PLACEMENT_3D('',#7629,#7630,#7631);
#6956=COLOUR_RGB('',0.560784339904785,0.623529434204102,0.686274528503418);
#6957=AXIS2_PLACEMENT_3D('',#7632,#7633,#7634);
#6958=AXIS2_PLACEMENT_3D('',#7635,#7636,#7637);
#6959=COLOUR_RGB('',0.560784339904785,0.623529434204102,0.686274528503418);
#6960=AXIS2_PLACEMENT_3D('',#7638,#7639,#7640);
#6961=AXIS2_PLACEMENT_3D('',#7641,#7642,#7643);
#6962=COLOUR_RGB('',0.560784339904785,0.623529434204102,0.686274528503418);
#6963=CARTESIAN_POINT('',(0.00310638042476221,4.00883753276515E-17,0.00546397593437184));
#6964=AXIS2_PLACEMENT_3D('',#7644,#7645,#7646);
#6965=CARTESIAN_POINT('',(0.0031063804247622,4.00883753276515E-17,0.00926397593437184));
#6966=AXIS2_PLACEMENT_3D('',#7647,#7648,#7649);
#6967=COLOUR_RGB('',0.560784339904785,0.623529434204102,0.686274528503418);
#6968=CARTESIAN_POINT('',(-0.0061204786549394,3.8471841552777E-17,0.00546397593437181));
#6969=AXIS2_PLACEMENT_3D('',#7650,#7651,#7652);
#6970=CARTESIAN_POINT('',(-0.00612047865493941,3.93352175461759E-17,0.00898897593437181));
#6971=AXIS2_PLACEMENT_3D('',#7653,#7654,#7655);
#6972=COLOUR_RGB('',0.560784339904785,0.623529434204102,0.686274528503418);
#6973=CARTESIAN_POINT('',(0.00249631142705077,4.00883753276515E-17,0.00926397593437183));
#6974=AXIS2_PLACEMENT_3D('',#7656,#7657,#7658);
#6975=COLOUR_RGB('',0.560784339904785,0.623529434204102,0.686274528503418);
#6976=CARTESIAN_POINT('',(0.00249631142705076,-0.00241064064605506,0.0120639759343719));
#6977=CARTESIAN_POINT('',(0.00249631142705075,-0.00120532032302749,0.00997629989549285));
#6978=CARTESIAN_POINT('',(0.00249631142705075,-0.00206423048454128,0.0114639759343719));
#6979=VECTOR('',#7659,1.0);
#6980=CARTESIAN_POINT('',(0.00249631142705076,-0.00120532032302752,0.014151651973251));
#6981=CARTESIAN_POINT('',(0.00249631142705076,-0.00155173048454129,0.013551651973251));
#6982=VECTOR('',#7660,1.0);
#6983=CARTESIAN_POINT('',(0.00249631142705076,0.00120532032302758,0.014151651973251));
#6984=CARTESIAN_POINT('',(0.00249631142705076,0.000512500000000033,0.014151651973251));
#6985=VECTOR('',#7661,1.0);
#6986=CARTESIAN_POINT('',(0.00249631142705076,0.00241064064605514,0.0120639759343719));
#6987=CARTESIAN_POINT('',(0.00249631142705076,0.00206423048454137,0.0126639759343719));
#6988=VECTOR('',#7662,1.0);
#6989=CARTESIAN_POINT('',(0.00249631142705075,0.00120532032302761,0.00997629989549288));
#6990=CARTESIAN_POINT('',(0.00249631142705075,0.00206423048454137,0.0114639759343719));
#6991=VECTOR('',#7663,1.0);
#6992=CARTESIAN_POINT('',(0.00249631142705075,-0.000512499999999939,0.00997629989549286));
#6993=VECTOR('',#7664,1.0);
#6994=COLOUR_RGB('',0.560784339904785,0.623529434204102,0.686274528503418);
#6995=CARTESIAN_POINT('',(0.00370638042476219,-0.00241064064605506,0.0120639759343717));
#6996=CARTESIAN_POINT('',(0.00434631143375631,-0.00241064064605506,0.0120639759343719));
#6997=VECTOR('',#7665,1.0);
#6998=CARTESIAN_POINT('',(0.00370638042476218,-0.00120532032302749,0.00997629989549269));
#6999=CARTESIAN_POINT('',(0.0043463114337563,-0.00120532032302749,0.00997629989549286));
#7000=VECTOR('',#7666,1.0);
#7001=CARTESIAN_POINT('',(0.00370638042476219,-0.00206423048454128,0.0114639759343717));
#7002=VECTOR('',#7667,1.0);
#7003=COLOUR_RGB('',0.560784339904785,0.623529434204102,0.686274528503418);
#7004=CARTESIAN_POINT('',(0.0037063804247622,-0.00120532032302752,0.0141516519732508));
#7005=CARTESIAN_POINT('',(0.00434631143375631,-0.00120532032302752,0.014151651973251));
#7006=VECTOR('',#7668,1.0);
#7007=CARTESIAN_POINT('',(0.00370638042476219,-0.00155173048454129,0.0135516519732508));
#7008=VECTOR('',#7669,1.0);
#7009=COLOUR_RGB('',0.560784339904785,0.623529434204102,0.686274528503418);
#7010=CARTESIAN_POINT('',(0.0037063804247622,0.00120532032302758,0.0141516519732508));
#7011=CARTESIAN_POINT('',(0.00434631143375631,0.00120532032302758,0.014151651973251));
#7012=VECTOR('',#7670,1.0);
#7013=CARTESIAN_POINT('',(0.0037063804247622,0.000512500000000032,0.0141516519732508));
#7014=VECTOR('',#7671,1.0);
#7015=COLOUR_RGB('',0.560784339904785,0.623529434204102,0.686274528503418);
#7016=CARTESIAN_POINT('',(0.00370638042476219,0.00241064064605514,0.0120639759343718));
#7017=CARTESIAN_POINT('',(0.00434631143375631,0.00241064064605514,0.0120639759343719));
#7018=VECTOR('',#7672,1.0);
#7019=CARTESIAN_POINT('',(0.00370638042476219,0.00206423048454137,0.0126639759343718));
#7020=VECTOR('',#7673,1.0);
#7021=COLOUR_RGB('',0.560784339904785,0.623529434204102,0.686274528503418);
#7022=CARTESIAN_POINT('',(0.00370638042476219,0.00120532032302761,0.00997629989549288));
#7023=CARTESIAN_POINT('',(0.0043463114337563,0.00120532032302761,0.00997629989549288));
#7024=VECTOR('',#7674,1.0);
#7025=CARTESIAN_POINT('',(0.00370638042476219,0.00206423048454137,0.0114639759343718));
#7026=VECTOR('',#7675,1.0);
#7027=COLOUR_RGB('',0.560784339904785,0.623529434204102,0.686274528503418);
#7028=CARTESIAN_POINT('',(0.00370638042476218,-0.000512499999999939,0.00997629989549269));
#7029=VECTOR('',#7676,1.0);
#7030=COLOUR_RGB('',0.560784339904785,0.623529434204102,0.686274528503418);
#7031=COLOUR_RGB('',0.560784339904785,0.623529434204102,0.686274528503418);
#7032=CARTESIAN_POINT('',(-0.00292047865493943,4.01425854362758E-17,0.0147639759343718));
#7033=AXIS2_PLACEMENT_3D('',#7677,#7678,#7679);
#7034=CARTESIAN_POINT('',(-0.00292047865493943,4.00883753276515E-17,0.0151389759343718));
#7035=AXIS2_PLACEMENT_3D('',#7680,#7681,#7682);
#7036=COLOUR_RGB('',0.560784339904785,0.623529434204102,0.686274528503418);
#7037=CARTESIAN_POINT('',(-0.00412047865493943,4.01425854362758E-17,0.0147639759343718));
#7038=AXIS2_PLACEMENT_3D('',#7683,#7684,#7685);
#7039=CARTESIAN_POINT('',(-0.00412047865493943,4.00883753276515E-17,0.0151389759343718));
#7040=AXIS2_PLACEMENT_3D('',#7686,#7687,#7688);
#7041=COLOUR_RGB('',0.560784339904785,0.623529434204102,0.686274528503418);
#7042=COLOUR_RGB('',0.560784339904785,0.623529434204102,0.686274528503418);
#7043=COLOUR_RGB('',0.560784339904785,0.623529434204102,0.686274528503418);
#7044=AXIS2_PLACEMENT_3D('',#7689,#7690,#7691);
#7045=COLOUR_RGB('',0.560784339904785,0.623529434204102,0.686274528503418);
#7046=AXIS2_PLACEMENT_3D('',#7692,#7693,#7694);
#7047=COLOUR_RGB('',0.560784339904785,0.623529434204102,0.686274528503418);
#7048=AXIS2_PLACEMENT_3D('',#7695,#7696,#7697);
#7049=COLOUR_RGB('',0.560784339904785,0.623529434204102,0.686274528503418);
#7050=AXIS2_PLACEMENT_3D('',#7698,#7699,#7700);
#7051=COLOUR_RGB('',0.560784339904785,0.623529434204102,0.686274528503418);
#7052=AXIS2_PLACEMENT_3D('',#7701,#7702,#7703);
#7053=COLOUR_RGB('',0.560784339904785,0.623529434204102,0.686274528503418);
#7054=AXIS2_PLACEMENT_3D('',#7704,#7705,#7706);
#7055=COLOUR_RGB('',0.560784339904785,0.623529434204102,0.686274528503418);
#7056=AXIS2_PLACEMENT_3D('',#7707,#7708,#7709);
#7057=COLOUR_RGB('',0.560784339904785,0.623529434204102,0.686274528503418);
#7058=AXIS2_PLACEMENT_3D('',#7710,#7711,#7712);
#7059=COLOUR_RGB('',0.560784339904785,0.623529434204102,0.686274528503418);
#7060=AXIS2_PLACEMENT_3D('',#7713,#7714,#7715);
#7061=COLOUR_RGB('',0.560784339904785,0.623529434204102,0.686274528503418);
#7062=AXIS2_PLACEMENT_3D('',#7716,#7717,#7718);
#7063=COLOUR_RGB('',0.560784339904785,0.623529434204102,0.686274528503418);
#7064=AXIS2_PLACEMENT_3D('',#7719,#7720,#7721);
#7065=COLOUR_RGB('',0.560784339904785,0.623529434204102,0.686274528503418);
#7066=AXIS2_PLACEMENT_3D('',#7722,#7723,#7724);
#7067=COLOUR_RGB('',0.560784339904785,0.623529434204102,0.686274528503418);
#7068=AXIS2_PLACEMENT_3D('',#7725,#7726,#7727);
#7069=COLOUR_RGB('',0.560784339904785,0.623529434204102,0.686274528503418);
#7070=AXIS2_PLACEMENT_3D('',#7728,#7729,#7730);
#7071=COLOUR_RGB('',0.560784339904785,0.623529434204102,0.686274528503418);
#7072=AXIS2_PLACEMENT_3D('',#7731,#7732,#7733);
#7073=COLOUR_RGB('',0.560784339904785,0.623529434204102,0.686274528503418);
#7074=AXIS2_PLACEMENT_3D('',#7734,#7735,#7736);
#7075=COLOUR_RGB('',0.560784339904785,0.623529434204102,0.686274528503418);
#7076=AXIS2_PLACEMENT_3D('',#7737,#7738,#7739);
#7077=COLOUR_RGB('',0.560784339904785,0.623529434204102,0.686274528503418);
#7078=AXIS2_PLACEMENT_3D('',#7740,#7741,#7742);
#7079=COLOUR_RGB('',0.560784339904785,0.623529434204102,0.686274528503418);
#7080=AXIS2_PLACEMENT_3D('',#7743,#7744,#7745);
#7081=COLOUR_RGB('',0.560784339904785,0.623529434204102,0.686274528503418);
#7082=AXIS2_PLACEMENT_3D('',#7746,#7747,#7748);
#7083=COLOUR_RGB('',0.560784339904785,0.623529434204102,0.686274528503418);
#7084=AXIS2_PLACEMENT_3D('',#7749,#7750,#7751);
#7085=COLOUR_RGB('',0.560784339904785,0.623529434204102,0.686274528503418);
#7086=AXIS2_PLACEMENT_3D('',#7752,#7753,#7754);
#7087=COLOUR_RGB('',0.560784339904785,0.623529434204102,0.686274528503418);
#7088=AXIS2_PLACEMENT_3D('',#7755,#7756,#7757);
#7089=COLOUR_RGB('',0.560784339904785,0.623529434204102,0.686274528503418);
#7090=AXIS2_PLACEMENT_3D('',#7758,#7759,#7760);
#7091=COLOUR_RGB('',0.560784339904785,0.623529434204102,0.686274528503418);
#7092=AXIS2_PLACEMENT_3D('',#7761,#7762,#7763);
#7093=COLOUR_RGB('',0.560784339904785,0.623529434204102,0.686274528503418);
#7094=AXIS2_PLACEMENT_3D('',#7764,#7765,#7766);
#7095=COLOUR_RGB('',0.560784339904785,0.623529434204102,0.686274528503418);
#7096=AXIS2_PLACEMENT_3D('',#7767,#7768,#7769);
#7097=COLOUR_RGB('',0.560784339904785,0.623529434204102,0.686274528503418);
#7098=AXIS2_PLACEMENT_3D('',#7770,#7771,#7772);
#7099=COLOUR_RGB('',0.560784339904785,0.623529434204102,0.686274528503418);
#7100=AXIS2_PLACEMENT_3D('',#7773,#7774,#7775);
#7101=COLOUR_RGB('',0.560784339904785,0.623529434204102,0.686274528503418);
#7102=AXIS2_PLACEMENT_3D('',#7776,#7777,#7778);
#7103=COLOUR_RGB('',0.560784339904785,0.623529434204102,0.686274528503418);
#7104=AXIS2_PLACEMENT_3D('',#7779,#7780,#7781);
#7105=COLOUR_RGB('',0.560784339904785,0.623529434204102,0.686274528503418);
#7106=AXIS2_PLACEMENT_3D('',#7782,#7783,#7784);
#7107=COLOUR_RGB('',0.560784339904785,0.623529434204102,0.686274528503418);
#7108=COLOUR_RGB('',0.560784339904785,0.623529434204102,0.686274528503418);
#7109=CARTESIAN_POINT('',(-0.00132499999999998,4.00883753276515E-17,0.0151389759343718));
#7110=AXIS2_PLACEMENT_3D('',#7785,#7786,#7787);
#7111=COLOUR_RGB('',0.560784339904785,0.623529434204102,0.686274528503418);
#7112=COLOUR_RGB('',0.560784339904785,0.623529434204102,0.686274528503418);
#7113=COLOUR_RGB('',0.560784339904785,0.623529434204102,0.686274528503418);
#7114=AXIS2_PLACEMENT_3D('',#7788,#7789,#7790);
#7115=AXIS2_PLACEMENT_3D('',#7791,#7792,#7793);
#7116=COLOUR_RGB('',0.560784339904785,0.623529434204102,0.686274528503418);
#7117=AXIS2_PLACEMENT_3D('',#7794,#7795,#7796);
#7118=AXIS2_PLACEMENT_3D('',#7797,#7798,#7799);
#7119=COLOUR_RGB('',0.560784339904785,0.623529434204102,0.686274528503418);
#7120=COLOUR_RGB('',0.560784339904785,0.623529434204102,0.686274528503418);
#7121=COLOUR_RGB('',0.560784339904785,0.623529434204102,0.686274528503418);
#7122=CARTESIAN_POINT('',(-0.00572047865493942,4.00883753276515E-17,0.0120639759343718));
#7123=DIRECTION('',(1.0,0.0,3.49148336110938E-15));
#7124=DIRECTION('',(3.49148336110938E-15,0.0,-1.0));
#7125=DIRECTION('',(-1.0,-3.67983890762971E-27,-3.4914833610849E-15));
#7126=CARTESIAN_POINT('',(0.00270638042476219,4.00883753276515E-17,0.0120639759343718));
#7127=DIRECTION('',(1.0,0.0,3.49148336110938E-15));
#7128=DIRECTION('',(3.49148336110938E-15,0.0,-1.0));
#7129=DIRECTION('',(-1.0,4.9881252758935E-26,-3.4914833613978E-15));
#7130=CARTESIAN_POINT('',(-0.00572047865493945,-0.0018117333157176,0.0188254567183953));
#7131=DIRECTION('',(1.0,3.67973812845532E-27,3.4914833610849E-15));
#7132=DIRECTION('',(3.37251395052952E-15,0.258819045102521,-0.965925826289068));
#7133=CARTESIAN_POINT('',(-0.00532047865493945,-0.0018117333157176,0.0188254567183953));
#7134=DIRECTION('',(1.0,3.67976751581409E-27,3.4914833610849E-15));
#7135=DIRECTION('',(3.37251395052952E-15,0.258819045102521,-0.965925826289068));
#7136=CARTESIAN_POINT('',(-0.00572047865493942,4.00883753276515E-17,0.0120639759343718));
#7137=DIRECTION('',(1.0,0.0,3.49148336110938E-15));
#7138=DIRECTION('',(3.49148336110938E-15,0.0,-1.0));
#7139=CARTESIAN_POINT('',(0.00270638042476219,4.00883753276515E-17,0.0120639759343718));
#7140=DIRECTION('',(1.0,0.0,3.49148336110938E-15));
#7141=DIRECTION('',(3.49148336110938E-15,0.0,-1.0));
#7142=CARTESIAN_POINT('',(0.00270638042476216,-0.0018117333157176,0.0188254567183953));
#7143=DIRECTION('',(1.0,3.67973812845532E-27,3.4914833610849E-15));
#7144=DIRECTION('',(3.37251395052952E-15,0.258819045102521,-0.965925826289068));
#7145=DIRECTION('',(-1.0,-3.67983890762971E-27,-3.4914833610849E-15));
#7146=CARTESIAN_POINT('',(0.00230638042476216,-0.0018117333157176,0.0188254567183953));
#7147=DIRECTION('',(1.0,3.67976751581409E-27,3.4914833610849E-15));
#7148=DIRECTION('',(3.37251395052952E-15,0.258819045102521,-0.965925826289068));
#7149=CARTESIAN_POINT('',(0.00370638042476219,4.00883753276515E-17,0.0120639759343717));
#7150=DIRECTION('',(1.0,0.0,3.49148336110938E-15));
#7151=DIRECTION('',(-0.0,1.0,0.0));
#7152=CARTESIAN_POINT('',(0.000506380424762187,4.00883753276515E-17,0.0120639759343717));
#7153=DIRECTION('',(1.0,0.0,3.49148336110938E-15));
#7154=DIRECTION('',(3.49148336110938E-15,0.0,-1.0));
#7155=CARTESIAN_POINT('',(-0.00572047865493942,4.00883753276515E-17,0.0120639759343718));
#7156=DIRECTION('',(1.0,0.0,3.49148336110938E-15));
#7157=DIRECTION('',(3.49148336110938E-15,0.0,-1.0));
#7158=CARTESIAN_POINT('',(-0.00572047865493945,2.08166817117217E-17,0.0190639759343718));
#7159=DIRECTION('',(1.0,-4.9881252758935E-26,3.4914833613978E-15));
#7160=DIRECTION('',(3.4914833613978E-15,3.7470027081099E-15,-1.0));
#7161=CARTESIAN_POINT('',(0.00270638042476219,4.00883753276515E-17,0.0120639759343718));
#7162=DIRECTION('',(1.0,0.0,3.49148336110938E-15));
#7163=DIRECTION('',(3.49148336110938E-15,0.0,-1.0));
#7164=CARTESIAN_POINT('',(0.00270638042476216,1.99493199737333E-17,0.0190639759343718));
#7165=DIRECTION('',(1.0,-4.9881252758935E-26,3.4914833613978E-15));
#7166=DIRECTION('',(3.4914833613978E-15,3.7470027081099E-15,-1.0));
#7167=CARTESIAN_POINT('',(-0.00532047865493945,2.08166817117217E-17,0.0190639759343718));
#7168=DIRECTION('',(1.0,-4.9881252758935E-26,3.4914833613978E-15));
#7169=DIRECTION('',(3.4914833613978E-15,3.7470027081099E-15,-1.0));
#7170=CARTESIAN_POINT('',(0.00230638042476216,1.99493199737333E-17,0.0190639759343718));
#7171=DIRECTION('',(1.0,-4.9881252758935E-26,3.4914833613978E-15));
#7172=DIRECTION('',(3.4914833613978E-15,3.7470027081099E-15,-1.0));
#7173=CARTESIAN_POINT('',(-0.00572047865493942,4.00883753276515E-17,0.0120639759343718));
#7174=DIRECTION('',(1.0,0.0,3.49148336110938E-15));
#7175=DIRECTION('',(3.49148336110938E-15,0.0,-1.0));
#7176=CARTESIAN_POINT('',(-0.0057204786549394,1.85615411929518E-16,0.00506397593437177));
#7177=DIRECTION('',(1.0,2.3803374916217E-24,3.49148336149174E-15));
#7178=DIRECTION('',(-3.49148336149174E-15,-1.72084568816899E-15,1.0));
#7179=CARTESIAN_POINT('',(0.00270638042476219,4.00883753276515E-17,0.0120639759343718));
#7180=DIRECTION('',(1.0,0.0,3.49148336110938E-15));
#7181=DIRECTION('',(3.49148336110938E-15,0.0,-1.0));
#7182=CARTESIAN_POINT('',(0.00270638042476221,1.87350135405495E-16,0.00506397593437181));
#7183=DIRECTION('',(1.0,2.3803374916217E-24,3.49148336149174E-15));
#7184=DIRECTION('',(-3.49148336149174E-15,-1.72084568816899E-15,1.0));
#7185=CARTESIAN_POINT('',(-0.0053204786549394,1.85181731060524E-16,0.00506397593437178));
#7186=DIRECTION('',(1.0,2.3803374916217E-24,3.49148336149174E-15));
#7187=DIRECTION('',(-3.49148336149174E-15,-1.72084568816899E-15,1.0));
#7188=CARTESIAN_POINT('',(0.00230638042476221,1.86916454536501E-16,0.00506397593437181));
#7189=DIRECTION('',(1.0,2.3803374916217E-24,3.49148336149174E-15));
#7190=DIRECTION('',(-3.49148336149174E-15,-1.72084568816899E-15,1.0));
#7191=DIRECTION('',(-1.0,-2.3803374916217E-24,-3.49148336149174E-15));
#7192=DIRECTION('',(-1.0,-2.3803374916217E-24,-3.49148336149174E-15));
#7193=DIRECTION('',(-1.0,-2.35109086799108E-24,-3.49148336117565E-15));
#7194=CARTESIAN_POINT('',(0.00230638042476221,-0.00181173331571746,0.00530249515034832));
#7195=DIRECTION('',(1.0,2.35109101667287E-24,3.49148336117565E-15));
#7196=DIRECTION('',(-3.37251395122663E-15,0.258819045102519,0.965925826289069));
#7197=DIRECTION('',(-1.0,-2.35109086799108E-24,-3.49148336117565E-15));
#7198=CARTESIAN_POINT('',(-0.0053204786549394,-0.00181173331571747,0.00530249515034828));
#7199=DIRECTION('',(1.0,2.35109101667287E-24,3.49148336117565E-15));
#7200=DIRECTION('',(-3.37251395122663E-15,0.258819045102519,0.965925826289069));
#7201=CARTESIAN_POINT('',(0.00270638042476221,-0.00181173331571746,0.00530249515034832));
#7202=DIRECTION('',(1.0,2.3510908227163E-24,3.49148336117565E-15));
#7203=DIRECTION('',(-3.37251395122663E-15,0.258819045102519,0.965925826289069));
#7204=CARTESIAN_POINT('',(-0.00572047865493942,4.00883753276515E-17,0.0120639759343718));
#7205=DIRECTION('',(1.0,0.0,3.49148336110938E-15));
#7206=DIRECTION('',(3.49148336110938E-15,0.0,-1.0));
#7207=CARTESIAN_POINT('',(-0.0057204786549394,-0.00181173331571747,0.00530249515034828));
#7208=DIRECTION('',(1.0,2.3510908227163E-24,3.49148336117565E-15));
#7209=DIRECTION('',(-3.37251395122663E-15,0.258819045102519,0.965925826289069));
#7210=DIRECTION('',(-1.0,-2.24102958614032E-24,-3.49148336087789E-15));
#7211=CARTESIAN_POINT('',(0.00230638042476221,-0.00349999999999983,0.00600179810788071));
#7212=DIRECTION('',(1.0,2.24102976272402E-24,3.49148336087789E-15));
#7213=DIRECTION('',(-3.02371328853144E-15,0.499999999999999,0.866025403784439));
#7214=DIRECTION('',(-1.0,-2.24102958614032E-24,-3.49148336087789E-15));
#7215=CARTESIAN_POINT('',(-0.0053204786549394,-0.00349999999999983,0.00600179810788067));
#7216=DIRECTION('',(1.0,2.24102976272402E-24,3.49148336087789E-15));
#7217=DIRECTION('',(-3.02371328853144E-15,0.499999999999999,0.866025403784439));
#7218=CARTESIAN_POINT('',(0.00270638042476219,4.00883753276515E-17,0.0120639759343718));
#7219=DIRECTION('',(1.0,0.0,3.49148336110938E-15));
#7220=DIRECTION('',(3.49148336110938E-15,0.0,-1.0));
#7221=CARTESIAN_POINT('',(-0.00572047865493942,4.00883753276515E-17,0.0120639759343718));
#7222=DIRECTION('',(1.0,0.0,3.49148336110938E-15));
#7223=DIRECTION('',(3.49148336110938E-15,0.0,-1.0));
#7224=CARTESIAN_POINT('',(-0.0057204786549394,-0.00349999999999983,0.00600179810788067));
#7225=DIRECTION('',(1.0,2.24102943358561E-24,3.49148336087789E-15));
#7226=DIRECTION('',(-3.02371328853144E-15,0.499999999999999,0.866025403784439));
#7227=CARTESIAN_POINT('',(0.00270638042476219,4.00883753276515E-17,0.0120639759343718));
#7228=DIRECTION('',(1.0,0.0,3.49148336110938E-15));
#7229=DIRECTION('',(3.49148336110938E-15,0.0,-1.0));
#7230=CARTESIAN_POINT('',(0.00270638042476221,-0.00349999999999983,0.00600179810788071));
#7231=DIRECTION('',(1.0,2.24102943358561E-24,3.49148336087789E-15));
#7232=DIRECTION('',(-3.02371328853144E-15,0.499999999999999,0.866025403784439));
#7233=CARTESIAN_POINT('',(-0.00572047865493942,4.00883753276515E-17,0.0120639759343718));
#7234=DIRECTION('',(1.0,0.0,3.49148336110938E-15));
#7235=DIRECTION('',(3.49148336110938E-15,0.0,-1.0));
#7236=CARTESIAN_POINT('',(-0.00572047865493944,-0.00349999999999995,0.0181261537608629));
#7237=DIRECTION('',(1.0,1.36398486997664E-25,3.49148336079653E-15));
#7238=DIRECTION('',(3.02371328727227E-15,0.5,-0.866025403784438));
#7239=CARTESIAN_POINT('',(0.00270638042476219,4.00883753276515E-17,0.0120639759343718));
#7240=DIRECTION('',(1.0,0.0,3.49148336110938E-15));
#7241=DIRECTION('',(3.49148336110938E-15,0.0,-1.0));
#7242=CARTESIAN_POINT('',(0.00270638042476217,-0.00349999999999995,0.0181261537608629));
#7243=DIRECTION('',(1.0,1.36398486997664E-25,3.49148336079653E-15));
#7244=DIRECTION('',(3.02371328727227E-15,0.5,-0.866025403784438));
#7245=CARTESIAN_POINT('',(-0.00532047865493944,-0.00349999999999995,0.0181261537608629));
#7246=DIRECTION('',(1.0,1.3639891017563E-25,3.49148336079653E-15));
#7247=DIRECTION('',(3.02371328727227E-15,0.5,-0.866025403784439));
#7248=CARTESIAN_POINT('',(0.00230638042476217,-0.00349999999999995,0.0181261537608629));
#7249=DIRECTION('',(1.0,1.3639891017563E-25,3.49148336079653E-15));
#7250=DIRECTION('',(3.02371328727227E-15,0.5,-0.866025403784439));
#7251=DIRECTION('',(-1.0,-1.36398586462918E-25,-3.49148336079653E-15));
#7252=DIRECTION('',(-1.0,-1.36398586462918E-25,-3.49148336079653E-15));
#7253=DIRECTION('',(-1.0,-3.39229910767666E-25,-3.49148336055234E-15));
#7254=CARTESIAN_POINT('',(0.00230638042476217,-0.00494974746830578,0.0170137234026776));
#7255=DIRECTION('',(1.0,3.39229990212276E-25,3.49148336055234E-15));
#7256=DIRECTION('',(2.46885156040668E-15,0.707106781186548,-0.707106781186547));
#7257=DIRECTION('',(-1.0,-3.39229910767666E-25,-3.49148336055234E-15));
#7258=CARTESIAN_POINT('',(-0.00532047865493944,-0.00494974746830578,0.0170137234026776));
#7259=DIRECTION('',(1.0,3.39229990212276E-25,3.49148336055234E-15));
#7260=DIRECTION('',(2.46885156040668E-15,0.707106781186548,-0.707106781186547));
#7261=CARTESIAN_POINT('',(-0.00572047865493944,-0.00494974746830578,0.0170137234026776));
#7262=DIRECTION('',(1.0,3.3923003723205E-25,3.49148336055234E-15));
#7263=DIRECTION('',(2.46885156040668E-15,0.707106781186548,-0.707106781186547));
#7264=CARTESIAN_POINT('',(0.00270638042476217,-0.00494974746830578,0.0170137234026776));
#7265=DIRECTION('',(1.0,3.3923003723205E-25,3.49148336055234E-15));
#7266=DIRECTION('',(2.46885156040668E-15,0.707106781186548,-0.707106781186547));
#7267=DIRECTION('',(-1.0,-5.98352179901495E-25,-3.49148336036897E-15));
#7268=CARTESIAN_POINT('',(0.00230638042476218,-0.006062177826491,0.0155639759343718));
#7269=DIRECTION('',(1.0,5.98352203325618E-25,3.49148336036897E-15));
#7270=DIRECTION('',(1.74574167966629E-15,0.866025403784439,-0.5));
#7271=DIRECTION('',(-1.0,-5.98352179901495E-25,-3.49148336036897E-15));
#7272=CARTESIAN_POINT('',(-0.00532047865493944,-0.00606217782649101,0.0155639759343717));
#7273=DIRECTION('',(1.0,5.98352203325618E-25,3.49148336036897E-15));
#7274=DIRECTION('',(1.74574167966629E-15,0.866025403784439,-0.5));
#7275=CARTESIAN_POINT('',(-0.00572047865493944,-0.00606217782649101,0.0155639759343717));
#7276=DIRECTION('',(1.0,5.98352191570675E-25,3.49148336036897E-15));
#7277=DIRECTION('',(1.74574167966629E-15,0.866025403784439,-0.499999999999999));
#7278=CARTESIAN_POINT('',(0.00270638042476218,-0.006062177826491,0.0155639759343718));
#7279=DIRECTION('',(1.0,5.98352191570675E-25,3.49148336036897E-15));
#7280=DIRECTION('',(1.74574167966629E-15,0.866025403784439,-0.499999999999999));
#7281=DIRECTION('',(-1.0,-8.96106150855356E-25,-3.49148336025891E-15));
#7282=CARTESIAN_POINT('',(0.00230638042476218,-0.00676148078402339,0.0138757092500894));
#7283=DIRECTION('',(1.0,8.96106238942577E-25,3.49148336025891E-15));
#7284=DIRECTION('',(9.03662388427976E-16,0.965925826289068,-0.25881904510252));
#7285=DIRECTION('',(-1.0,-8.96106150855356E-25,-3.49148336025891E-15));
#7286=CARTESIAN_POINT('',(-0.00532047865493943,-0.0067614807840234,0.0138757092500894));
#7287=DIRECTION('',(1.0,8.96106238942577E-25,3.49148336025891E-15));
#7288=DIRECTION('',(9.03662388427976E-16,0.965925826289068,-0.25881904510252));
#7289=CARTESIAN_POINT('',(-0.00572047865493943,-0.0067614807840234,0.0138757092500894));
#7290=DIRECTION('',(1.0,8.96106233065105E-25,3.49148336025891E-15));
#7291=DIRECTION('',(9.03662388427976E-16,0.965925826289068,-0.25881904510252));
#7292=CARTESIAN_POINT('',(0.00270638042476218,-0.00676148078402339,0.0138757092500894));
#7293=DIRECTION('',(1.0,8.96106233065105E-25,3.49148336025891E-15));
#7294=DIRECTION('',(9.03662388427976E-16,0.965925826289068,-0.25881904510252));
#7295=DIRECTION('',(-1.0,-1.21219995456425E-24,-3.49148336022966E-15));
#7296=CARTESIAN_POINT('',(0.00230638042476219,-0.0069999999999999,0.0120639759343718));
#7297=DIRECTION('',(1.0,1.21219995456425E-24,3.49148336022966E-15));
#7298=DIRECTION('',(-1.21220315253255E-24,1.0,9.15933995315754E-16));
#7299=DIRECTION('',(-1.0,-1.21219995456425E-24,-3.49148336022966E-15));
#7300=CARTESIAN_POINT('',(-0.00532047865493942,-0.00699999999999991,0.0120639759343717));
#7301=DIRECTION('',(1.0,1.21219995456425E-24,3.49148336022966E-15));
#7302=DIRECTION('',(-1.21220315253255E-24,1.0,9.15933995315754E-16));
#7303=CARTESIAN_POINT('',(-0.00572047865493942,-0.00699999999999991,0.0120639759343717));
#7304=DIRECTION('',(1.0,1.21219995456425E-24,3.49148336022966E-15));
#7305=DIRECTION('',(-1.21220315253255E-24,1.0,9.15933995315754E-16));
#7306=CARTESIAN_POINT('',(0.00270638042476219,-0.0069999999999999,0.0120639759343718));
#7307=DIRECTION('',(1.0,1.21219995456425E-24,3.49148336022966E-15));
#7308=DIRECTION('',(-1.21220315253255E-24,1.0,9.15933995315754E-16));
#7309=DIRECTION('',(-1.0,-1.5250929551502E-24,-3.49148336028322E-15));
#7310=CARTESIAN_POINT('',(0.00230638042476219,-0.00676148078402336,0.0102522426186541));
#7311=DIRECTION('',(1.0,1.5250931416043E-24,3.49148336028322E-15));
#7312=DIRECTION('',(-9.03662390772974E-16,0.965925826289068,0.258819045102522));
#7313=DIRECTION('',(-1.0,-1.5250929551502E-24,-3.49148336028322E-15));
#7314=CARTESIAN_POINT('',(-0.00532047865493942,-0.00676148078402336,0.0102522426186541));
#7315=DIRECTION('',(1.0,1.5250931416043E-24,3.49148336028322E-15));
#7316=DIRECTION('',(-9.03662390772974E-16,0.965925826289068,0.258819045102522));
#7317=CARTESIAN_POINT('',(-0.00572047865493942,-0.00676148078402336,0.0102522426186541));
#7318=DIRECTION('',(1.0,1.52509298291256E-24,3.49148336028322E-15));
#7319=DIRECTION('',(-9.03662390772974E-16,0.965925826289068,0.258819045102522));
#7320=CARTESIAN_POINT('',(0.00270638042476219,-0.00676148078402336,0.0102522426186541));
#7321=DIRECTION('',(1.0,1.52509298291256E-24,3.49148336028322E-15));
#7322=DIRECTION('',(-9.03662390772974E-16,0.965925826289068,0.258819045102522));
#7323=DIRECTION('',(-1.0,-1.81346184791465E-24,-3.49148336041594E-15));
#7324=CARTESIAN_POINT('',(0.0023063804247622,-0.00606217782649093,0.00856397593437176));
#7325=DIRECTION('',(1.0,1.81346184224519E-24,3.49148336041594E-15));
#7326=DIRECTION('',(-1.74574168177848E-15,0.866025403784438,0.500000000000001));
#7327=DIRECTION('',(-1.0,-1.81346184791465E-24,-3.49148336041594E-15));
#7328=CARTESIAN_POINT('',(-0.00532047865493941,-0.00606217782649094,0.00856397593437173));
#7329=DIRECTION('',(1.0,1.81346184224519E-24,3.49148336041594E-15));
#7330=DIRECTION('',(-1.74574168177848E-15,0.866025403784438,0.500000000000001));
#7331=CARTESIAN_POINT('',(-0.00572047865493941,-0.00606217782649094,0.00856397593437173));
#7332=DIRECTION('',(1.0,1.81346187751002E-24,3.49148336041594E-15));
#7333=DIRECTION('',(-1.74574168177848E-15,0.866025403784438,0.500000000000001));
#7334=CARTESIAN_POINT('',(0.0027063804247622,-0.00606217782649093,0.00856397593437176));
#7335=DIRECTION('',(1.0,1.81346187751002E-24,3.49148336041594E-15));
#7336=DIRECTION('',(-1.74574168177848E-15,0.866025403784438,0.500000000000001));
#7337=DIRECTION('',(-1.0,-2.05765413555627E-24,-3.49148336061877E-15));
#7338=CARTESIAN_POINT('',(0.0023063804247622,-0.00494974746830568,0.00711422846606593));
#7339=DIRECTION('',(1.0,2.05765414862852E-24,3.49148336061877E-15));
#7340=DIRECTION('',(-2.46885156214851E-15,0.707106781186547,0.707106781186548));
#7341=DIRECTION('',(-1.0,-2.05765413555627E-24,-3.49148336061877E-15));
#7342=CARTESIAN_POINT('',(-0.00532047865493941,-0.00494974746830568,0.0071142284660659));
#7343=DIRECTION('',(1.0,2.05765414862852E-24,3.49148336061877E-15));
#7344=DIRECTION('',(-2.46885156214851E-15,0.707106781186547,0.707106781186548));
#7345=CARTESIAN_POINT('',(-0.00572047865493941,-0.00494974746830568,0.0071142284660659));
#7346=DIRECTION('',(1.0,2.05765466584603E-24,3.49148336061877E-15));
#7347=DIRECTION('',(-2.46885156214851E-15,0.707106781186547,0.707106781186548));
#7348=CARTESIAN_POINT('',(0.0027063804247622,-0.00494974746830567,0.00711422846606593));
#7349=DIRECTION('',(1.0,2.05765466584603E-24,3.49148336061877E-15));
#7350=DIRECTION('',(-2.46885156214851E-15,0.707106781186547,0.707106781186548));
#7351=CARTESIAN_POINT('',(0.00270638042476219,4.00883753276515E-17,0.0120639759343718));
#7352=DIRECTION('',(1.0,0.0,3.49148336110938E-15));
#7353=DIRECTION('',(3.49148336110938E-15,0.0,-1.0));
#7354=CARTESIAN_POINT('',(-0.00572047865493942,4.00883753276515E-17,0.0120639759343718));
#7355=DIRECTION('',(1.0,0.0,3.49148336110938E-15));
#7356=DIRECTION('',(3.49148336110938E-15,0.0,-1.0));
#7357=CARTESIAN_POINT('',(-0.0057204786549394,0.00181173331571783,0.00530249515034832));
#7358=DIRECTION('',(1.0,2.32677645675351E-24,3.49148336180463E-15));
#7359=DIRECTION('',(-3.37251395062346E-15,-0.258819045102523,0.965925826289068));
#7360=CARTESIAN_POINT('',(0.00270638042476219,4.00883753276515E-17,0.0120639759343718));
#7361=DIRECTION('',(1.0,0.0,3.49148336110938E-15));
#7362=DIRECTION('',(3.49148336110938E-15,0.0,-1.0));
#7363=CARTESIAN_POINT('',(0.00270638042476221,0.00181173331571783,0.00530249515034836));
#7364=DIRECTION('',(1.0,2.32677645675351E-24,3.49148336180463E-15));
#7365=DIRECTION('',(-3.37251395062346E-15,-0.258819045102523,0.965925826289068));
#7366=CARTESIAN_POINT('',(-0.0053204786549394,0.00181173331571783,0.00530249515034832));
#7367=DIRECTION('',(1.0,2.32677633920408E-24,3.49148336180463E-15));
#7368=DIRECTION('',(-3.37251395062346E-15,-0.258819045102523,0.965925826289068));
#7369=CARTESIAN_POINT('',(0.00230638042476221,0.00181173331571783,0.00530249515034836));
#7370=DIRECTION('',(1.0,2.32677633920408E-24,3.49148336180463E-15));
#7371=DIRECTION('',(-3.37251395062346E-15,-0.258819045102523,0.965925826289068));
#7372=DIRECTION('',(-1.0,-2.32677637933448E-24,-3.49148336180463E-15));
#7373=DIRECTION('',(-1.0,-2.32677637933448E-24,-3.49148336180463E-15));
#7374=DIRECTION('',(-1.0,-2.19405784961507E-24,-3.491483362093E-15));
#7375=CARTESIAN_POINT('',(0.00230638042476221,0.00350000000000018,0.00600179810788078));
#7376=DIRECTION('',(1.0,2.19405794886065E-24,3.491483362093E-15));
#7377=DIRECTION('',(-3.02371328736621E-15,-0.500000000000002,0.866025403784438));
#7378=DIRECTION('',(-1.0,-2.19405784961507E-24,-3.491483362093E-15));
#7379=CARTESIAN_POINT('',(-0.0053204786549394,0.00350000000000018,0.00600179810788075));
#7380=DIRECTION('',(1.0,2.19405794886065E-24,3.491483362093E-15));
#7381=DIRECTION('',(-3.02371328736621E-15,-0.500000000000002,0.866025403784438));
#7382=CARTESIAN_POINT('',(-0.0057204786549394,0.00350000000000019,0.00600179810788075));
#7383=DIRECTION('',(1.0,2.1940578548211E-24,3.491483362093E-15));
#7384=DIRECTION('',(-3.02371328736621E-15,-0.500000000000002,0.866025403784438));
#7385=CARTESIAN_POINT('',(0.00270638042476221,0.00350000000000018,0.00600179810788079));
#7386=DIRECTION('',(1.0,2.1940578548211E-24,3.491483362093E-15));
#7387=DIRECTION('',(-3.02371328736621E-15,-0.500000000000002,0.866025403784438));
#7388=DIRECTION('',(-1.0,-1.99122632809509E-24,-3.49148336233719E-15));
#7389=CARTESIAN_POINT('',(0.0023063804247622,0.00494974746830601,0.00711422846606604));
#7390=DIRECTION('',(1.0,1.99122611650762E-24,3.49148336233719E-15));
#7391=DIRECTION('',(-2.46885156050062E-15,-0.707106781186549,0.707106781186546));
#7392=DIRECTION('',(-1.0,-1.99122632809509E-24,-3.49148336233719E-15));
#7393=CARTESIAN_POINT('',(-0.00532047865493941,0.00494974746830601,0.00711422846606601));
#7394=DIRECTION('',(1.0,1.99122611650762E-24,3.49148336233719E-15));
#7395=DIRECTION('',(-2.46885156050062E-15,-0.707106781186549,0.707106781186546));
#7396=CARTESIAN_POINT('',(-0.00572047865493941,0.00494974746830601,0.00711422846606601));
#7397=DIRECTION('',(1.0,1.99122630458671E-24,3.49148336233719E-15));
#7398=DIRECTION('',(-2.46885156050062E-15,-0.707106781186549,0.707106781186546));
#7399=CARTESIAN_POINT('',(0.0027063804247622,0.00494974746830601,0.00711422846606604));
#7400=DIRECTION('',(1.0,1.99122630458671E-24,3.49148336233719E-15));
#7401=DIRECTION('',(-2.46885156050062E-15,-0.707106781186549,0.707106781186546));
#7402=DIRECTION('',(-1.0,-1.73210386174604E-24,-3.49148336252057E-15));
#7403=CARTESIAN_POINT('',(0.0023063804247622,0.00606217782649123,0.00856397593437189));
#7404=DIRECTION('',(1.0,1.73210390339427E-24,3.49148336252057E-15));
#7405=DIRECTION('',(-1.74574167976023E-15,-0.86602540378444,0.499999999999998));
#7406=DIRECTION('',(-1.0,-1.73210386174604E-24,-3.49148336252057E-15));
#7407=CARTESIAN_POINT('',(-0.00532047865493941,0.00606217782649123,0.00856397593437186));
#7408=DIRECTION('',(1.0,1.73210390339427E-24,3.49148336252057E-15));
#7409=DIRECTION('',(-1.74574167976023E-15,-0.86602540378444,0.499999999999998));
#7410=CARTESIAN_POINT('',(-0.00572047865493941,0.00606217782649124,0.00856397593437186));
#7411=DIRECTION('',(1.0,1.73210356250091E-24,3.49148336252057E-15));
#7412=DIRECTION('',(-1.74574167976023E-15,-0.86602540378444,0.499999999999998));
#7413=CARTESIAN_POINT('',(0.0027063804247622,0.00606217782649123,0.00856397593437189));
#7414=DIRECTION('',(1.0,1.73210356250091E-24,3.49148336252057E-15));
#7415=DIRECTION('',(-1.74574167976023E-15,-0.86602540378444,0.499999999999998));
#7416=DIRECTION('',(-1.0,-1.43434989079218E-24,-3.49148336263063E-15));
#7417=CARTESIAN_POINT('',(0.00230638042476219,0.00676148078402362,0.0102522426186543));
#7418=DIRECTION('',(1.0,1.43435005585641E-24,3.49148336263063E-15));
#7419=DIRECTION('',(-9.03662388521914E-16,-0.965925826289069,0.258819045102518));
#7420=DIRECTION('',(-1.0,-1.43434989079218E-24,-3.49148336263063E-15));
#7421=CARTESIAN_POINT('',(-0.00532047865493942,0.00676148078402363,0.0102522426186542));
#7422=DIRECTION('',(1.0,1.43435005585641E-24,3.49148336263063E-15));
#7423=DIRECTION('',(-9.03662388521914E-16,-0.965925826289069,0.258819045102518));
#7424=CARTESIAN_POINT('',(-0.00572047865493942,0.00676148078402363,0.0102522426186542));
#7425=DIRECTION('',(1.0,1.43434981488007E-24,3.49148336263063E-15));
#7426=DIRECTION('',(-9.03662388521914E-16,-0.965925826289069,0.258819045102518));
#7427=CARTESIAN_POINT('',(0.00270638042476219,0.00676148078402362,0.0102522426186543));
#7428=DIRECTION('',(1.0,1.43434981488007E-24,3.49148336263063E-15));
#7429=DIRECTION('',(-9.03662388521914E-16,-0.965925826289069,0.258819045102518));
#7430=DIRECTION('',(-1.0,-1.11825687594419E-24,-3.49148336265988E-15));
#7431=CARTESIAN_POINT('',(0.00230638042476219,0.00700000000000012,0.0120639759343719));
#7432=DIRECTION('',(1.0,1.11825687594419E-24,3.49148336265988E-15));
#7433=DIRECTION('',(1.11826395023772E-24,-1.0,-2.02615701994091E-15));
#7434=DIRECTION('',(-1.0,-1.11825687594419E-24,-3.49148336265988E-15));
#7435=CARTESIAN_POINT('',(-0.00532047865493942,0.00700000000000013,0.0120639759343719));
#7436=DIRECTION('',(1.0,1.11825687594419E-24,3.49148336265988E-15));
#7437=DIRECTION('',(1.11826395023772E-24,-1.0,-2.02615701994091E-15));
#7438=CARTESIAN_POINT('',(-0.00572047865493942,0.00700000000000013,0.0120639759343719));
#7439=DIRECTION('',(1.0,1.11825687594419E-24,3.49148336265988E-15));
#7440=DIRECTION('',(1.11826395023772E-24,-1.0,-2.02615701994091E-15));
#7441=CARTESIAN_POINT('',(0.00270638042476219,0.00700000000000012,0.0120639759343719));
#7442=DIRECTION('',(1.0,1.11825687594419E-24,3.49148336265988E-15));
#7443=DIRECTION('',(1.11826395023772E-24,-1.0,-2.02615701994091E-15));
#7444=DIRECTION('',(-1.0,-8.0536308649733E-25,-3.49148336260632E-15));
#7445=CARTESIAN_POINT('',(0.00230638042476218,0.00676148078402358,0.0138757092500896));
#7446=DIRECTION('',(1.0,8.05362965115596E-25,3.49148336260632E-15));
#7447=DIRECTION('',(9.03662390679035E-16,-0.965925826289068,-0.258819045102523));
#7448=DIRECTION('',(-1.0,-8.0536308649733E-25,-3.49148336260632E-15));
#7449=CARTESIAN_POINT('',(-0.00532047865493943,0.00676148078402358,0.0138757092500895));
#7450=DIRECTION('',(1.0,8.05362965115596E-25,3.49148336260632E-15));
#7451=DIRECTION('',(9.03662390679035E-16,-0.965925826289068,-0.258819045102523));
#7452=CARTESIAN_POINT('',(-0.00572047865493943,0.00676148078402358,0.0138757092500895));
#7453=DIRECTION('',(1.0,8.05363211969409E-25,3.49148336260632E-15));
#7454=DIRECTION('',(9.03662390679035E-16,-0.965925826289068,-0.258819045102523));
#7455=CARTESIAN_POINT('',(0.00270638042476218,0.00676148078402358,0.0138757092500896));
#7456=DIRECTION('',(1.0,8.05363211969409E-25,3.49148336260632E-15));
#7457=DIRECTION('',(9.03662390679035E-16,-0.965925826289068,-0.258819045102523));
#7458=DIRECTION('',(-1.0,-5.16994588163337E-25,-3.4914833624736E-15));
#7459=CARTESIAN_POINT('',(0.00230638042476218,0.00606217782649114,0.0155639759343719));
#7460=DIRECTION('',(1.0,5.16994452553794E-25,3.4914833624736E-15));
#7461=DIRECTION('',(1.74574168168454E-15,-0.866025403784437,-0.500000000000003));
#7462=DIRECTION('',(-1.0,-5.16994588163337E-25,-3.4914833624736E-15));
#7463=CARTESIAN_POINT('',(-0.00532047865493944,0.00606217782649115,0.0155639759343719));
#7464=DIRECTION('',(1.0,5.16994452553794E-25,3.4914833624736E-15));
#7465=DIRECTION('',(1.74574168168454E-15,-0.866025403784437,-0.500000000000003));
#7466=CARTESIAN_POINT('',(-0.00572047865493943,0.00606217782649115,0.0155639759343719));
#7467=DIRECTION('',(1.0,5.16995052055913E-25,3.4914833624736E-15));
#7468=DIRECTION('',(1.74574168168454E-15,-0.866025403784437,-0.500000000000003));
#7469=CARTESIAN_POINT('',(0.00270638042476218,0.00606217782649114,0.0155639759343719));
#7470=DIRECTION('',(1.0,5.16995052055913E-25,3.4914833624736E-15));
#7471=DIRECTION('',(1.74574168168454E-15,-0.866025403784437,-0.500000000000003));
#7472=DIRECTION('',(-1.0,-2.72801906091267E-25,-3.49148336227077E-15));
#7473=CARTESIAN_POINT('',(0.00230638042476217,0.00494974746830589,0.0170137234026777));
#7474=DIRECTION('',(1.0,2.72801958091376E-25,3.49148336227077E-15));
#7475=DIRECTION('',(2.46885156205457E-15,-0.707106781186546,-0.70710678118655));
#7476=DIRECTION('',(-1.0,-2.72801906091267E-25,-3.49148336227077E-15));
#7477=CARTESIAN_POINT('',(-0.00532047865493944,0.0049497474683059,0.0170137234026777));
#7478=DIRECTION('',(1.0,2.72801958091376E-25,3.49148336227077E-15));
#7479=DIRECTION('',(2.46885156205457E-15,-0.707106781186546,-0.70710678118655));
#7480=CARTESIAN_POINT('',(-0.00572047865493944,0.0049497474683059,0.0170137234026777));
#7481=DIRECTION('',(1.0,2.72802263719907E-25,3.49148336227077E-15));
#7482=DIRECTION('',(2.46885156205457E-15,-0.707106781186545,-0.70710678118655));
#7483=CARTESIAN_POINT('',(0.00270638042476217,0.00494974746830589,0.0170137234026777));
#7484=DIRECTION('',(1.0,2.72802263719907E-25,3.49148336227077E-15));
#7485=DIRECTION('',(2.46885156205457E-15,-0.707106781186545,-0.70710678118655));
#7486=DIRECTION('',(-1.0,-8.94264555072117E-26,-3.49148336201164E-15));
#7487=CARTESIAN_POINT('',(0.00230638042476217,0.00350000000000004,0.0181261537608629));
#7488=DIRECTION('',(1.0,8.94265320749641E-26,3.49148336201164E-15));
#7489=DIRECTION('',(3.0237132884375E-15,-0.499999999999998,-0.86602540378444));
#7490=DIRECTION('',(-1.0,-8.94264555072117E-26,-3.49148336201164E-15));
#7491=CARTESIAN_POINT('',(-0.00532047865493944,0.00350000000000005,0.0181261537608629));
#7492=DIRECTION('',(1.0,8.94265320749641E-26,3.49148336201164E-15));
#7493=DIRECTION('',(3.0237132884375E-15,-0.499999999999998,-0.86602540378444));
#7494=CARTESIAN_POINT('',(-0.00572047865493944,0.00350000000000005,0.0181261537608629));
#7495=DIRECTION('',(1.0,8.94263204859809E-26,3.49148336201164E-15));
#7496=DIRECTION('',(3.0237132884375E-15,-0.499999999999998,-0.86602540378444));
#7497=CARTESIAN_POINT('',(0.00270638042476217,0.00350000000000004,0.0181261537608629));
#7498=DIRECTION('',(1.0,8.94263204859809E-26,3.49148336201164E-15));
#7499=DIRECTION('',(3.0237132884375E-15,-0.499999999999998,-0.86602540378444));
#7500=DIRECTION('',(-1.0,2.06344319130923E-26,-3.49148336171389E-15));
#7501=CARTESIAN_POINT('',(0.00230638042476216,0.00181173331571767,0.0188254567183953));
#7502=DIRECTION('',(1.0,-2.06345337947864E-26,3.49148336171389E-15));
#7503=DIRECTION('',(3.37251395113269E-15,-0.258819045102518,-0.965925826289069));
#7504=DIRECTION('',(-1.0,2.06344319130923E-26,-3.49148336171389E-15));
#7505=CARTESIAN_POINT('',(-0.00532047865493945,0.00181173331571768,0.0188254567183953));
#7506=DIRECTION('',(1.0,-2.06345337947864E-26,3.49148336171389E-15));
#7507=DIRECTION('',(3.37251395113269E-15,-0.258819045102518,-0.965925826289069));
#7508=CARTESIAN_POINT('',(-0.00572047865493945,0.00181173331571768,0.0188254567183953));
#7509=DIRECTION('',(1.0,-2.06343339607467E-26,3.49148336171389E-15));
#7510=DIRECTION('',(3.37251395113269E-15,-0.258819045102518,-0.965925826289069));
#7511=CARTESIAN_POINT('',(0.00270638042476216,0.00181173331571767,0.0188254567183953));
#7512=DIRECTION('',(1.0,-2.06343339607467E-26,3.49148336171389E-15));
#7513=DIRECTION('',(3.37251395113269E-15,-0.258819045102518,-0.965925826289069));
#7514=CARTESIAN_POINT('',(0.00270638042476219,4.00883753276515E-17,0.0120639759343718));
#7515=DIRECTION('',(1.0,0.0,3.49148336110938E-15));
#7516=DIRECTION('',(3.49148336110938E-15,0.0,-1.0));
#7517=CARTESIAN_POINT('',(-0.00572047865493942,4.00883753276515E-17,0.0120639759343718));
#7518=DIRECTION('',(1.0,0.0,3.49148336110938E-15));
#7519=DIRECTION('',(3.49148336110938E-15,0.0,-1.0));
#7520=CARTESIAN_POINT('',(0.00270638042476219,4.00883753276515E-17,0.0120639759343718));
#7521=DIRECTION('',(1.0,0.0,3.49148336110938E-15));
#7522=DIRECTION('',(3.49148336110938E-15,0.0,-1.0));
#7523=CARTESIAN_POINT('',(-0.00572047865493942,4.00883753276515E-17,0.0120639759343718));
#7524=DIRECTION('',(1.0,0.0,3.49148336110938E-15));
#7525=DIRECTION('',(3.49148336110938E-15,0.0,-1.0));
#7526=CARTESIAN_POINT('',(0.00270638042476219,4.00883753276515E-17,0.0120639759343718));
#7527=DIRECTION('',(1.0,0.0,3.49148336110938E-15));
#7528=DIRECTION('',(3.49148336110938E-15,0.0,-1.0));
#7529=CARTESIAN_POINT('',(-0.00572047865493942,4.00883753276515E-17,0.0120639759343718));
#7530=DIRECTION('',(1.0,0.0,3.49148336110938E-15));
#7531=DIRECTION('',(3.49148336110938E-15,0.0,-1.0));
#7532=CARTESIAN_POINT('',(0.00270638042476219,4.00883753276515E-17,0.0120639759343718));
#7533=DIRECTION('',(1.0,0.0,3.49148336110938E-15));
#7534=DIRECTION('',(3.49148336110938E-15,0.0,-1.0));
#7535=CARTESIAN_POINT('',(-0.00572047865493942,4.00883753276515E-17,0.0120639759343718));
#7536=DIRECTION('',(1.0,0.0,3.49148336110938E-15));
#7537=DIRECTION('',(3.49148336110938E-15,0.0,-1.0));
#7538=CARTESIAN_POINT('',(0.00270638042476219,4.00883753276515E-17,0.0120639759343718));
#7539=DIRECTION('',(1.0,0.0,3.49148336110938E-15));
#7540=DIRECTION('',(3.49148336110938E-15,0.0,-1.0));
#7541=CARTESIAN_POINT('',(-0.00572047865493942,4.00883753276515E-17,0.0120639759343718));
#7542=DIRECTION('',(1.0,0.0,3.49148336110938E-15));
#7543=DIRECTION('',(3.49148336110938E-15,0.0,-1.0));
#7544=CARTESIAN_POINT('',(0.00270638042476219,4.00883753276515E-17,0.0120639759343718));
#7545=DIRECTION('',(1.0,0.0,3.49148336110938E-15));
#7546=DIRECTION('',(3.49148336110938E-15,0.0,-1.0));
#7547=CARTESIAN_POINT('',(-0.00572047865493942,4.00883753276515E-17,0.0120639759343718));
#7548=DIRECTION('',(1.0,0.0,3.49148336110938E-15));
#7549=DIRECTION('',(3.49148336110938E-15,0.0,-1.0));
#7550=CARTESIAN_POINT('',(0.00270638042476219,4.00883753276515E-17,0.0120639759343718));
#7551=DIRECTION('',(1.0,0.0,3.49148336110938E-15));
#7552=DIRECTION('',(3.49148336110938E-15,0.0,-1.0));
#7553=CARTESIAN_POINT('',(-0.00572047865493942,4.00883753276515E-17,0.0120639759343718));
#7554=DIRECTION('',(1.0,0.0,3.49148336110938E-15));
#7555=DIRECTION('',(3.49148336110938E-15,0.0,-1.0));
#7556=CARTESIAN_POINT('',(0.00270638042476219,4.00883753276515E-17,0.0120639759343718));
#7557=DIRECTION('',(1.0,0.0,3.49148336110938E-15));
#7558=DIRECTION('',(3.49148336110938E-15,0.0,-1.0));
#7559=CARTESIAN_POINT('',(-0.00572047865493942,4.00883753276515E-17,0.0120639759343718));
#7560=DIRECTION('',(1.0,0.0,3.49148336110938E-15));
#7561=DIRECTION('',(3.49148336110938E-15,0.0,-1.0));
#7562=CARTESIAN_POINT('',(0.00270638042476219,4.00883753276515E-17,0.0120639759343718));
#7563=DIRECTION('',(1.0,0.0,3.49148336110938E-15));
#7564=DIRECTION('',(3.49148336110938E-15,0.0,-1.0));
#7565=CARTESIAN_POINT('',(-0.00572047865493942,4.00883753276515E-17,0.0120639759343718));
#7566=DIRECTION('',(1.0,0.0,3.49148336110938E-15));
#7567=DIRECTION('',(3.49148336110938E-15,0.0,-1.0));
#7568=CARTESIAN_POINT('',(0.00270638042476219,4.00883753276515E-17,0.0120639759343718));
#7569=DIRECTION('',(1.0,0.0,3.49148336110938E-15));
#7570=DIRECTION('',(3.49148336110938E-15,0.0,-1.0));
#7571=CARTESIAN_POINT('',(-0.00572047865493942,4.00883753276515E-17,0.0120639759343718));
#7572=DIRECTION('',(1.0,0.0,3.49148336110938E-15));
#7573=DIRECTION('',(3.49148336110938E-15,0.0,-1.0));
#7574=CARTESIAN_POINT('',(0.00270638042476219,4.00883753276515E-17,0.0120639759343718));
#7575=DIRECTION('',(1.0,0.0,3.49148336110938E-15));
#7576=DIRECTION('',(3.49148336110938E-15,0.0,-1.0));
#7577=CARTESIAN_POINT('',(-0.00572047865493942,4.00883753276515E-17,0.0120639759343718));
#7578=DIRECTION('',(1.0,0.0,3.49148336110938E-15));
#7579=DIRECTION('',(3.49148336110938E-15,0.0,-1.0));
#7580=DIRECTION('',(-1.0,4.9881252758935E-26,-3.4914833613978E-15));
#7581=CARTESIAN_POINT('',(0.00270638042476219,4.00883753276515E-17,0.0120639759343718));
#7582=DIRECTION('',(1.0,0.0,3.49148336110938E-15));
#7583=DIRECTION('',(3.49148336110938E-15,0.0,-1.0));
#7584=CARTESIAN_POINT('',(-0.00572047865493942,4.00883753276515E-17,0.0120639759343718));
#7585=DIRECTION('',(1.0,0.0,3.49148336110938E-15));
#7586=DIRECTION('',(3.49148336110938E-15,0.0,-1.0));
#7587=CARTESIAN_POINT('',(0.00270638042476219,4.00883753276515E-17,0.0120639759343718));
#7588=DIRECTION('',(1.0,0.0,3.49148336110938E-15));
#7589=DIRECTION('',(3.49148336110938E-15,0.0,-1.0));
#7590=CARTESIAN_POINT('',(-0.00572047865493942,4.00883753276515E-17,0.0120639759343718));
#7591=DIRECTION('',(1.0,0.0,3.49148336110938E-15));
#7592=DIRECTION('',(3.49148336110938E-15,0.0,-1.0));
#7593=CARTESIAN_POINT('',(0.00270638042476219,4.00883753276515E-17,0.0120639759343718));
#7594=DIRECTION('',(1.0,0.0,3.49148336110938E-15));
#7595=DIRECTION('',(3.49148336110938E-15,0.0,-1.0));
#7596=CARTESIAN_POINT('',(-0.00572047865493942,4.00883753276515E-17,0.0120639759343718));
#7597=DIRECTION('',(1.0,0.0,3.49148336110938E-15));
#7598=DIRECTION('',(3.49148336110938E-15,0.0,-1.0));
#7599=CARTESIAN_POINT('',(0.00270638042476219,4.00883753276515E-17,0.0120639759343718));
#7600=DIRECTION('',(1.0,0.0,3.49148336110938E-15));
#7601=DIRECTION('',(3.49148336110938E-15,0.0,-1.0));
#7602=CARTESIAN_POINT('',(-0.00572047865493942,4.00883753276515E-17,0.0120639759343718));
#7603=DIRECTION('',(1.0,0.0,3.49148336110938E-15));
#7604=DIRECTION('',(3.49148336110938E-15,0.0,-1.0));
#7605=CARTESIAN_POINT('',(0.00270638042476219,4.00883753276515E-17,0.0120639759343718));
#7606=DIRECTION('',(1.0,0.0,3.49148336110938E-15));
#7607=DIRECTION('',(3.49148336110938E-15,0.0,-1.0));
#7608=CARTESIAN_POINT('',(-0.00572047865493942,4.00883753276515E-17,0.0120639759343718));
#7609=DIRECTION('',(1.0,0.0,3.49148336110938E-15));
#7610=DIRECTION('',(3.49148336110938E-15,0.0,-1.0));
#7611=CARTESIAN_POINT('',(0.00270638042476219,4.00883753276515E-17,0.0120639759343718));
#7612=DIRECTION('',(1.0,0.0,3.49148336110938E-15));
#7613=DIRECTION('',(3.49148336110938E-15,0.0,-1.0));
#7614=CARTESIAN_POINT('',(-0.00572047865493942,4.00883753276515E-17,0.0120639759343718));
#7615=DIRECTION('',(1.0,0.0,3.49148336110938E-15));
#7616=DIRECTION('',(3.49148336110938E-15,0.0,-1.0));
#7617=CARTESIAN_POINT('',(0.00270638042476219,4.00883753276515E-17,0.0120639759343718));
#7618=DIRECTION('',(1.0,0.0,3.49148336110938E-15));
#7619=DIRECTION('',(3.49148336110938E-15,0.0,-1.0));
#7620=CARTESIAN_POINT('',(-0.00572047865493942,4.00883753276515E-17,0.0120639759343718));
#7621=DIRECTION('',(1.0,0.0,3.49148336110938E-15));
#7622=DIRECTION('',(3.49148336110938E-15,0.0,-1.0));
#7623=CARTESIAN_POINT('',(0.00270638042476219,4.00883753276515E-17,0.0120639759343718));
#7624=DIRECTION('',(1.0,0.0,3.49148336110938E-15));
#7625=DIRECTION('',(3.49148336110938E-15,0.0,-1.0));
#7626=CARTESIAN_POINT('',(-0.00572047865493942,4.00883753276515E-17,0.0120639759343718));
#7627=DIRECTION('',(1.0,0.0,3.49148336110938E-15));
#7628=DIRECTION('',(3.49148336110938E-15,0.0,-1.0));
#7629=CARTESIAN_POINT('',(0.00270638042476219,4.00883753276515E-17,0.0120639759343718));
#7630=DIRECTION('',(1.0,0.0,3.49148336110938E-15));
#7631=DIRECTION('',(3.49148336110938E-15,0.0,-1.0));
#7632=CARTESIAN_POINT('',(-0.00572047865493942,4.00883753276515E-17,0.0120639759343718));
#7633=DIRECTION('',(1.0,0.0,3.49148336110938E-15));
#7634=DIRECTION('',(3.49148336110938E-15,0.0,-1.0));
#7635=CARTESIAN_POINT('',(0.00270638042476219,4.00883753276515E-17,0.0120639759343718));
#7636=DIRECTION('',(1.0,0.0,3.49148336110938E-15));
#7637=DIRECTION('',(3.49148336110938E-15,0.0,-1.0));
#7638=CARTESIAN_POINT('',(-0.00572047865493942,4.00883753276515E-17,0.0120639759343718));
#7639=DIRECTION('',(1.0,0.0,3.49148336110938E-15));
#7640=DIRECTION('',(3.49148336110938E-15,0.0,-1.0));
#7641=CARTESIAN_POINT('',(0.00270638042476219,4.00883753276515E-17,0.0120639759343718));
#7642=DIRECTION('',(1.0,0.0,3.49148336110938E-15));
#7643=DIRECTION('',(3.49148336110938E-15,0.0,-1.0));
#7644=CARTESIAN_POINT('',(0.00310638042476219,4.00883753276515E-17,0.0120639759343718));
#7645=DIRECTION('',(1.0,0.0,3.49148336110938E-15));
#7646=DIRECTION('',(3.49148336110938E-15,0.0,-1.0));
#7647=CARTESIAN_POINT('',(0.00310638042476219,4.00883753276515E-17,0.0120639759343718));
#7648=DIRECTION('',(1.0,0.0,3.49148336110938E-15));
#7649=DIRECTION('',(3.49148336110938E-15,0.0,-1.0));
#7650=CARTESIAN_POINT('',(-0.00612047865493942,4.00883753276515E-17,0.0120639759343718));
#7651=DIRECTION('',(1.0,0.0,3.49148336110938E-15));
#7652=DIRECTION('',(3.49148336110938E-15,0.0,-1.0));
#7653=CARTESIAN_POINT('',(-0.00612047865493942,4.00883753276515E-17,0.0120639759343718));
#7654=DIRECTION('',(1.0,0.0,3.49148336110938E-15));
#7655=DIRECTION('',(3.49148336110938E-15,0.0,-1.0));
#7656=CARTESIAN_POINT('',(0.00249631142705076,4.00883753276515E-17,0.0120639759343718));
#7657=DIRECTION('',(1.0,0.0,3.49148336110938E-15));
#7658=DIRECTION('',(3.49148336110938E-15,0.0,-1.0));
#7659=DIRECTION('',(-3.08251334782697E-15,0.500000000000007,-0.866025403784434));
#7660=DIRECTION('',(-3.08251334782695E-15,-0.499999999999995,-0.866025403784442));
#7661=DIRECTION('',(-1.26868552362821E-29,-1.0,-3.59637793800069E-15));
#7662=DIRECTION('',(3.08251334782697E-15,-0.500000000000003,0.866025403784437));
#7663=DIRECTION('',(3.08251334782695E-15,0.499999999999995,0.866025403784442));
#7664=DIRECTION('',(3.92187411355611E-29,1.0,1.06833579922962E-14));
#7665=DIRECTION('',(-1.0,0.0,-3.49148336110938E-15));
#7666=DIRECTION('',(-1.0,0.0,-3.49148336110938E-15));
#7667=DIRECTION('',(-3.08251334782697E-15,0.500000000000007,-0.866025403784434));
#7668=DIRECTION('',(-1.0,0.0,-3.49148336110938E-15));
#7669=DIRECTION('',(-3.08251334782695E-15,-0.499999999999995,-0.866025403784442));
#7670=DIRECTION('',(-1.0,0.0,-3.49148336110938E-15));
#7671=DIRECTION('',(-1.26868552362821E-29,-1.0,-3.59637793800069E-15));
#7672=DIRECTION('',(-1.0,0.0,-3.49148336110938E-15));
#7673=DIRECTION('',(3.08251334782697E-15,-0.500000000000003,0.866025403784437));
#7674=DIRECTION('',(-1.0,0.0,-3.49148336110938E-15));
#7675=DIRECTION('',(3.08251334782695E-15,0.499999999999995,0.866025403784442));
#7676=DIRECTION('',(3.92187411355611E-29,1.0,1.06833579922962E-14));
#7677=CARTESIAN_POINT('',(-0.00292047865493942,4.01425854362758E-17,0.0120639759343718));
#7678=DIRECTION('',(-1.0,0.0,-3.49148336110938E-15));
#7679=DIRECTION('',(-3.49148336110938E-15,0.0,1.0));
#7680=CARTESIAN_POINT('',(-0.00292047865493942,4.00883753276515E-17,0.0120639759343718));
#7681=DIRECTION('',(-1.0,0.0,-3.49148336110938E-15));
#7682=DIRECTION('',(-3.49148336110938E-15,0.0,1.0));
#7683=CARTESIAN_POINT('',(-0.00412047865493942,4.01425854362758E-17,0.0120639759343718));
#7684=DIRECTION('',(-1.0,0.0,-3.49148336110938E-15));
#7685=DIRECTION('',(-3.49148336110938E-15,0.0,1.0));
#7686=CARTESIAN_POINT('',(-0.00412047865493942,4.00883753276515E-17,0.0120639759343718));
#7687=DIRECTION('',(-1.0,0.0,-3.49148336110938E-15));
#7688=DIRECTION('',(-3.49148336110938E-15,0.0,1.0));
#7689=CARTESIAN_POINT('',(-0.00572047865493942,4.00883753276515E-17,0.0120639759343718));
#7690=DIRECTION('',(1.0,0.0,3.49148336110938E-15));
#7691=DIRECTION('',(3.49148336110938E-15,0.0,-1.0));
#7692=CARTESIAN_POINT('',(0.00270638042476219,4.00883753276515E-17,0.0120639759343718));
#7693=DIRECTION('',(1.0,0.0,3.49148336110938E-15));
#7694=DIRECTION('',(3.49148336110938E-15,0.0,-1.0));
#7695=CARTESIAN_POINT('',(-0.00572047865493942,4.00883753276515E-17,0.0120639759343718));
#7696=DIRECTION('',(1.0,0.0,3.49148336110938E-15));
#7697=DIRECTION('',(3.49148336110938E-15,0.0,-1.0));
#7698=CARTESIAN_POINT('',(0.00270638042476219,4.00883753276515E-17,0.0120639759343718));
#7699=DIRECTION('',(1.0,0.0,3.49148336110938E-15));
#7700=DIRECTION('',(3.49148336110938E-15,0.0,-1.0));
#7701=CARTESIAN_POINT('',(-0.00572047865493942,4.00883753276515E-17,0.0120639759343718));
#7702=DIRECTION('',(1.0,0.0,3.49148336110938E-15));
#7703=DIRECTION('',(3.49148336110938E-15,0.0,-1.0));
#7704=CARTESIAN_POINT('',(0.00270638042476219,4.00883753276515E-17,0.0120639759343718));
#7705=DIRECTION('',(1.0,0.0,3.49148336110938E-15));
#7706=DIRECTION('',(3.49148336110938E-15,0.0,-1.0));
#7707=CARTESIAN_POINT('',(-0.00572047865493942,4.00883753276515E-17,0.0120639759343718));
#7708=DIRECTION('',(1.0,0.0,3.49148336110938E-15));
#7709=DIRECTION('',(3.49148336110938E-15,0.0,-1.0));
#7710=CARTESIAN_POINT('',(0.00270638042476219,4.00883753276515E-17,0.0120639759343718));
#7711=DIRECTION('',(1.0,0.0,3.49148336110938E-15));
#7712=DIRECTION('',(3.49148336110938E-15,0.0,-1.0));
#7713=CARTESIAN_POINT('',(-0.00572047865493942,4.00883753276515E-17,0.0120639759343718));
#7714=DIRECTION('',(1.0,0.0,3.49148336110938E-15));
#7715=DIRECTION('',(3.49148336110938E-15,0.0,-1.0));
#7716=CARTESIAN_POINT('',(0.00270638042476219,4.00883753276515E-17,0.0120639759343718));
#7717=DIRECTION('',(1.0,0.0,3.49148336110938E-15));
#7718=DIRECTION('',(3.49148336110938E-15,0.0,-1.0));
#7719=CARTESIAN_POINT('',(-0.00572047865493942,4.00883753276515E-17,0.0120639759343718));
#7720=DIRECTION('',(1.0,0.0,3.49148336110938E-15));
#7721=DIRECTION('',(3.49148336110938E-15,0.0,-1.0));
#7722=CARTESIAN_POINT('',(0.00270638042476219,4.00883753276515E-17,0.0120639759343718));
#7723=DIRECTION('',(1.0,0.0,3.49148336110938E-15));
#7724=DIRECTION('',(3.49148336110938E-15,0.0,-1.0));
#7725=CARTESIAN_POINT('',(-0.00572047865493942,4.00883753276515E-17,0.0120639759343718));
#7726=DIRECTION('',(1.0,0.0,3.49148336110938E-15));
#7727=DIRECTION('',(3.49148336110938E-15,0.0,-1.0));
#7728=CARTESIAN_POINT('',(-0.00572047865493942,4.00883753276515E-17,0.0120639759343718));
#7729=DIRECTION('',(1.0,0.0,3.49148336110938E-15));
#7730=DIRECTION('',(3.49148336110938E-15,0.0,-1.0));
#7731=CARTESIAN_POINT('',(0.00270638042476219,4.00883753276515E-17,0.0120639759343718));
#7732=DIRECTION('',(1.0,0.0,3.49148336110938E-15));
#7733=DIRECTION('',(3.49148336110938E-15,0.0,-1.0));
#7734=CARTESIAN_POINT('',(-0.00572047865493942,4.00883753276515E-17,0.0120639759343718));
#7735=DIRECTION('',(1.0,0.0,3.49148336110938E-15));
#7736=DIRECTION('',(3.49148336110938E-15,0.0,-1.0));
#7737=CARTESIAN_POINT('',(0.00270638042476219,4.00883753276515E-17,0.0120639759343718));
#7738=DIRECTION('',(1.0,0.0,3.49148336110938E-15));
#7739=DIRECTION('',(3.49148336110938E-15,0.0,-1.0));
#7740=CARTESIAN_POINT('',(-0.00572047865493942,4.00883753276515E-17,0.0120639759343718));
#7741=DIRECTION('',(1.0,0.0,3.49148336110938E-15));
#7742=DIRECTION('',(3.49148336110938E-15,0.0,-1.0));
#7743=CARTESIAN_POINT('',(0.00270638042476219,4.00883753276515E-17,0.0120639759343718));
#7744=DIRECTION('',(1.0,0.0,3.49148336110938E-15));
#7745=DIRECTION('',(3.49148336110938E-15,0.0,-1.0));
#7746=CARTESIAN_POINT('',(-0.00572047865493942,4.00883753276515E-17,0.0120639759343718));
#7747=DIRECTION('',(1.0,0.0,3.49148336110938E-15));
#7748=DIRECTION('',(3.49148336110938E-15,0.0,-1.0));
#7749=CARTESIAN_POINT('',(0.00270638042476219,4.00883753276515E-17,0.0120639759343718));
#7750=DIRECTION('',(1.0,0.0,3.49148336110938E-15));
#7751=DIRECTION('',(3.49148336110938E-15,0.0,-1.0));
#7752=CARTESIAN_POINT('',(-0.00572047865493942,4.00883753276515E-17,0.0120639759343718));
#7753=DIRECTION('',(1.0,0.0,3.49148336110938E-15));
#7754=DIRECTION('',(3.49148336110938E-15,0.0,-1.0));
#7755=CARTESIAN_POINT('',(0.00270638042476219,4.00883753276515E-17,0.0120639759343718));
#7756=DIRECTION('',(1.0,0.0,3.49148336110938E-15));
#7757=DIRECTION('',(3.49148336110938E-15,0.0,-1.0));
#7758=CARTESIAN_POINT('',(-0.00572047865493942,4.00883753276515E-17,0.0120639759343718));
#7759=DIRECTION('',(1.0,0.0,3.49148336110938E-15));
#7760=DIRECTION('',(3.49148336110938E-15,0.0,-1.0));
#7761=CARTESIAN_POINT('',(0.00270638042476219,4.00883753276515E-17,0.0120639759343718));
#7762=DIRECTION('',(1.0,0.0,3.49148336110938E-15));
#7763=DIRECTION('',(3.49148336110938E-15,0.0,-1.0));
#7764=CARTESIAN_POINT('',(-0.00572047865493942,4.00883753276515E-17,0.0120639759343718));
#7765=DIRECTION('',(1.0,0.0,3.49148336110938E-15));
#7766=DIRECTION('',(3.49148336110938E-15,0.0,-1.0));
#7767=CARTESIAN_POINT('',(0.00270638042476219,4.00883753276515E-17,0.0120639759343718));
#7768=DIRECTION('',(1.0,0.0,3.49148336110938E-15));
#7769=DIRECTION('',(3.49148336110938E-15,0.0,-1.0));
#7770=CARTESIAN_POINT('',(-0.00572047865493942,4.00883753276515E-17,0.0120639759343718));
#7771=DIRECTION('',(1.0,0.0,3.49148336110938E-15));
#7772=DIRECTION('',(3.49148336110938E-15,0.0,-1.0));
#7773=CARTESIAN_POINT('',(0.00270638042476219,4.00883753276515E-17,0.0120639759343718));
#7774=DIRECTION('',(1.0,0.0,3.49148336110938E-15));
#7775=DIRECTION('',(3.49148336110938E-15,0.0,-1.0));
#7776=CARTESIAN_POINT('',(-0.00572047865493942,4.00883753276515E-17,0.0120639759343718));
#7777=DIRECTION('',(1.0,0.0,3.49148336110938E-15));
#7778=DIRECTION('',(3.49148336110938E-15,0.0,-1.0));
#7779=CARTESIAN_POINT('',(0.00270638042476219,4.00883753276515E-17,0.0120639759343718));
#7780=DIRECTION('',(1.0,0.0,3.49148336110938E-15));
#7781=DIRECTION('',(3.49148336110938E-15,0.0,-1.0));
#7782=CARTESIAN_POINT('',(-0.00572047865493942,4.00883753276515E-17,0.0120639759343718));
#7783=DIRECTION('',(1.0,0.0,3.49148336110938E-15));
#7784=DIRECTION('',(3.49148336110938E-15,0.0,-1.0));
#7785=CARTESIAN_POINT('',(-0.00132499999999997,4.00883753276515E-17,0.0120639759343718));
#7786=DIRECTION('',(-1.0,0.0,-3.49148336110938E-15));
#7787=DIRECTION('',(-3.49148336110938E-15,0.0,1.0));
#7788=CARTESIAN_POINT('',(-0.00572047865493942,4.00883753276515E-17,0.0120639759343718));
#7789=DIRECTION('',(1.0,0.0,3.49148336110938E-15));
#7790=DIRECTION('',(3.49148336110938E-15,0.0,-1.0));
#7791=CARTESIAN_POINT('',(-0.00572047865493942,4.00883753276515E-17,0.0120639759343718));
#7792=DIRECTION('',(1.0,0.0,3.49148336110938E-15));
#7793=DIRECTION('',(3.49148336110938E-15,0.0,-1.0));
#7794=CARTESIAN_POINT('',(0.00270638042476219,4.00883753276515E-17,0.0120639759343718));
#7795=DIRECTION('',(1.0,0.0,3.49148336110938E-15));
#7796=DIRECTION('',(3.49148336110938E-15,0.0,-1.0));
#7797=CARTESIAN_POINT('',(0.00270638042476219,4.00883753276515E-17,0.0120639759343718));
#7798=DIRECTION('',(1.0,0.0,3.49148336110938E-15));
#7799=DIRECTION('',(3.49148336110938E-15,0.0,-1.0));
ENDSEC;
END-ISO-10303-21;
